issue_hour,lead_hours,n,MAE_kw,nMAE_capacity_pct
0,1,365,0.0,0.0
0,2,365,0.0,0.0
0,3,365,0.0,0.0
0,4,365,0.0,0.0
0,5,365,0.010922465753424662,0.0001092695946550485
0,6,365,16.650491780821916,0.1665734211276579
0,7,365,73.22051671232877,0.7325064103845583
0,8,365,187.28797205479452,1.873650259217048
0,9,365,326.76623205479456,3.269006699553137
0,10,365,409.10602027397255,4.0927433434397145
0,11,365,519.7638378082191,5.19977678628555
0,12,365,577.7838663013698,5.780215776751887
0,13,365,624.558135068493,6.248150902743683
0,14,365,585.0504589041095,5.852911598936157
0,15,365,498.06219452054796,4.982671068682475
0,16,365,332.0992898630137,3.3223592188588924
0,17,365,155.56457479452055,1.5562857704683106
0,18,365,45.56059643835617,0.45579340942318697
0,19,365,0.03401808219178082,0.0003403207788381053
0,20,365,0.0,0.0
0,21,365,0.0,0.0
0,22,365,0.0,0.0
0,23,365,0.0,0.0
0,24,365,0.0,0.0
6,1,365,12.120055890410951,0.12125042314062609
6,2,365,48.80847479452053,0.4882855553798552
6,3,365,97.92239808219179,0.979626852364953
6,4,365,174.6145304109589,1.746863701806957
6,5,365,260.1995915068493,2.603066426136241
6,6,365,327.172898630137,3.2730750384109166
6,7,365,358.6604194520548,3.5880797923351455
6,8,365,359.2699246575342,3.5941773520113567
6,9,365,299.8709493150685,2.9999432197998273
6,10,365,200.49234082191782,2.0057482721961186
6,11,365,99.69004630136986,0.9973106070008276
6,12,365,28.598119999999998,0.28609885815541636
6,13,365,0.0160041095890411,0.00016010693986943228
6,14,365,0.0,0.0
6,15,365,0.0,0.0
6,16,365,0.0,0.0
6,17,365,0.0,0.0
6,18,365,0.0,0.0
6,19,364,0.0,0.0
6,20,364,0.0,0.0
6,21,364,0.0,0.0
6,22,364,0.0,0.0
6,23,364,0.05289203296703296,0.0005291379376471869
6,24,364,70.71462280219781,0.7074371615546674
12,1,365,62.61886684931509,0.626446294531777
12,2,365,91.20986246575342,0.9124738795404951
12,3,365,101.61508438356162,1.0165689077989486
12,4,365,88.65092191780822,0.8868739460884111
12,5,365,50.14185534246575,0.5016248466428394
12,6,365,15.880646575342466,0.15887180178190746
12,7,365,0.012945753424657534,0.00012951079556124988
12,8,365,0.0,0.0
12,9,365,0.0,0.0
12,10,365,0.0,0.0
12,11,365,0.0,0.0
12,12,365,0.0,0.0
12,13,364,0.0,0.0
12,14,364,0.0,0.0
12,15,364,0.0,0.0
12,16,364,0.0,0.0
12,17,364,0.026295054945054946,0.00026305873235423014
12,18,364,42.56691978021978,0.42584432628138097
12,19,364,173.35974780219783,1.734310713302824
12,20,364,405.7056008241758,4.058725158963381
12,21,364,651.6264587912087,6.51894550425071
12,22,364,852.1689442307692,8.525195428927837
12,23,364,1094.7193557692308,10.95169744326585
12,24,364,1364.1946884615386,13.647559443436498
18,1,365,0.001967397260273973,1.9682066852732916e-05
18,2,365,0.0,0.0
18,3,365,0.0,0.0
18,4,365,0.0,0.0
18,5,365,0.0,0.0
18,6,365,0.0,0.0
18,7,364,0.0,0.0
18,8,364,0.0,0.0
18,9,364,0.0,0.0
18,10,364,0.0,0.0
18,11,364,0.02478653846153846,0.0002479673611926751
18,12,364,32.09727115384616,0.321104765873427
18,13,364,133.27678708791208,1.333316197165205
18,14,364,299.8235656593406,2.999469188297093
18,15,364,471.5298494505495,4.717238458821685
18,16,364,659.7669167582418,6.600383575327772
18,17,364,774.006790934066,7.743252321858023
18,18,364,810.251157967033,8.105845108471188
18,19,364,885.8748563186812,8.862393222399522
18,20,364,809.6554782967032,8.09988586102738
18,21,364,650.5784598901099,6.508461203571067
18,22,364,427.3546387362638,4.275304606382012
18,23,364,222.19975384615384,2.222911710902647
18,24,364,65.26989423076922,0.6529674751818607
