lead_hours,n,MAE_kw,RMSE_kw,Bias_kw,nMAE_capacity_pct
1,730,37.36946136986302,57.906711474859804,2.4181764383561757,0.37384835883620154
2,730,70.00916863013697,96.36589186605286,1.0150921917808151,0.7003797174601751
3,730,99.76874123287672,127.59835980473814,0.26416260273973946,0.9980978800819509
4,730,131.63272616438357,175.287527715103,-4.838466986301388,1.316868823947684
5,730,155.17072342465752,236.43538320996967,-6.614591369863004,1.5523456363895403
6,1095,119.90134566210045,241.77636981635794,-6.6352638356164375,1.1995067537734938
7,730,215.94046808219179,335.9635146672477,-17.94721383561645,2.1602931013598523
8,730,273.2789483561644,364.4691895633063,-28.093725616438373,2.7339138056142027
9,730,313.3185906849315,392.6296705002923,-26.17833616438357,3.134474959676482
10,730,304.7991805479452,415.1811157709143,-44.609520547945216,3.0492458078179165
11,730,309.7269420547945,475.846874308382,-37.17615219178083,3.098543696643189
12,1094,212.99161946983546,426.47663813233737,-26.325452010968913,2.130792483107032
13,729,379.2544167352537,573.963291555626,-49.86023264746229,3.794104492825211
14,729,442.6326411522633,591.8817800288307,-60.718967352537724,4.428147487176735
15,729,484.81421975308643,613.5001009388475,-71.62322496570644,4.850136816296566
16,729,495.708365569273,662.3789404679912,-103.76664348422497,4.959123095065576
17,729,464.3615112482853,699.990357753301,-109.63808984910838,4.645525584879635
18,1093,299.22726258005486,601.4068559124017,-53.01422397072278,2.9935037041989
19,728,529.6173020604396,795.3266275514995,-95.74885315934068,5.298351967851174
20,728,607.6805395604396,811.0647725711707,-116.1665142857143,6.079305509995381
21,728,651.1024593406593,848.8537303194335,-127.83688324175824,6.513703353910888
22,728,639.7617914835165,862.9490987896843,-104.84620027472528,6.400250017654925
23,728,658.4595548076923,1029.2427951337704,-138.4475971153846,6.5873045770842475
24,1092,500.05973516483516,1040.5992788801514,-139.05222545787544,5.002654693391008
