interval_start,interval_end,grid_kwh,curtailment_kwh,purchase_cost_yuan
00:00,00:10,573.3077666666667,0.0,243.54113928
00:10,00:20,572.9965333333333,0.0,243.23702839999999
00:20,00:30,574.0505166666667,0.0,245.06216556500002
00:30,00:40,575.7406166666666,0.0,245.95639143999998
00:40,00:50,576.4712166666667,0.0,246.21085663833333
00:50,01:00,576.6400166666666,0.0,247.09024714166665
01:00,01:10,577.8597,0.0,249.11531666999997
01:10,01:20,577.9938666666667,0.0,248.65296144
01:20,01:30,577.82805,0.0,247.252622595
01:30,01:40,580.41545,0.0,250.27514204
01:40,01:50,582.5140166666666,0.0,252.40332342166667
01:50,02:00,583.07405,0.0,251.36322295500003
02:00,02:10,584.2049166666667,0.0,250.799170725
02:10,02:20,585.4397833333334,0.0,253.14416231333334
02:20,02:30,586.14475,0.0,255.969412325
02:30,02:40,586.3207666666666,0.0,254.93226934666666
02:40,02:50,586.4253,0.0,254.21536755
02:50,03:00,586.8496,0.0,255.69037072
03:00,03:10,587.8210166666667,0.0,257.11291269
03:10,03:20,589.5475666666667,0.0,257.69124139
03:20,03:30,590.8134666666666,0.0,257.35834608
03:30,03:40,590.2131166666667,0.0,256.919769685
03:40,03:50,591.0662666666666,0.0,257.70489226666666
03:50,04:00,593.3678333333334,0.0,259.77643743333334
04:00,04:10,593.6596833333333,0.0,261.269626635
04:10,04:20,592.7863833333333,0.0,260.173943645
04:20,04:30,593.3378666666666,0.0,258.93264501333334
04:30,04:40,596.6757666666666,0.0,262.11966429666666
04:40,04:50,597.78025,0.0,264.33842655
04:50,05:00,595.1625,0.0,261.57391875
05:00,05:10,590.6065,0.0,255.90979645000002
05:10,05:20,589.4851833333333,0.0,261.6724728816667
05:20,05:30,578.4554499999999,0.0,248.79368904499995
05:30,05:40,550.32645,0.0,204.336210885
05:40,05:50,591.1401999999999,0.0,337.42282615999994
05:50,06:00,668.2538833333333,0.0,608.044208445
06:00,06:10,655.4553333333334,0.0,614.0305562666667
06:10,06:20,616.5040333333334,0.0,539.9342323933334
06:20,06:30,591.4544833333334,0.0,518.0549819516667
06:30,06:40,557.4868666666665,0.0,479.49445401999986
06:40,06:50,529.2397,0.0,446.78415473999996
06:50,07:00,502.4707166666667,0.0,418.75909527000005
07:00,07:10,455.4435666666667,0.0,368.5449341466667
07:10,07:20,410.0667,0.0,326.90517324
07:20,07:30,356.9967833333332,0.0,272.8883411799999
07:30,07:40,283.36356666666666,0.0,195.49252464333333
07:40,07:50,320.6841166666667,0.0,275.78834033333334
07:50,08:00,418.4214499999998,0.0,486.0801984649998
08:00,08:10,381.91078333333337,0.0,446.18636816833333
08:10,08:20,309.55634999999984,0.0,339.1499370599998
08:20,08:30,264.61940000000004,0.0,287.08558706
08:30,08:40,213.74080000000004,0.0,226.77898880000004
08:40,08:50,178.55891666666673,0.0,186.2369500833334
08:50,09:00,155.39211666666677,0.0,160.98623286666677
09:00,09:10,112.25950000000012,0.0,113.90971465000011
09:10,09:20,64.3968666666666,0.0,63.8945711066666
09:20,09:30,22.56224999999995,0.0,21.88538249999995
09:30,09:40,0.0,17.424066666666704,0.0
09:40,09:50,0.0,52.83776666666677,0.0
09:50,10:00,0.0,84.56241666666654,0.0
10:00,10:10,0.0,116.98358333333329,0.0
10:10,10:20,0.0,146.66060000000004,0.0
10:20,10:30,0.0,173.52025000000015,0.0
10:30,10:40,0.0,201.02908333333323,0.0
10:40,10:50,0.0,225.40611666666643,0.0
10:50,11:00,0.0,244.00925000000007,0.0
11:00,11:10,0.0,258.1624166666667,0.0
11:10,11:20,0.0,272.63153333333344,0.0
11:20,11:30,0.0,284.3209833333333,0.0
11:30,11:40,0.0,289.3014666666668,0.0
11:40,11:50,0.0,313.2088166666666,0.0
11:50,12:00,0.0,346.93043333333355,0.0
12:00,12:10,0.0,352.92088333333334,0.0
12:10,12:20,0.0,348.0333333333332,0.0
12:20,12:30,0.0,344.7263666666669,0.0
12:30,12:40,0.0,335.0626000000001,0.0
12:40,12:50,0.0,304.5517666666667,0.0
12:50,13:00,0.0,264.5071833333333,0.0
13:00,13:10,0.0,242.50754999999992,0.0
13:10,13:20,0.0,223.07558333333338,0.0
13:20,13:30,0.0,198.7593166666668,0.0
13:30,13:40,0.0,177.3598166666667,0.0
13:40,13:50,0.0,151.74030000000005,0.0
13:50,14:00,0.0,120.03503333333333,0.0
14:00,14:10,0.0,87.81444999999997,0.0
14:10,14:20,0.0,53.62486666666655,0.0
14:20,14:30,0.0,16.255133333333333,0.0
14:30,14:40,23.781366666666713,0.0,25.935958486666717
14:40,14:50,67.32001666666667,0.0,63.11924762666667
14:50,15:00,112.0898666666667,0.0,75.03295674666668
15:00,15:10,154.26184999999998,0.0,101.81282099999999
15:10,15:20,197.52351666666664,0.0,142.55272197833332
15:20,15:30,244.8140333333332,0.0,178.91009555999992
15:30,15:40,295.5346166666667,0.0,222.65578019666668
15:40,15:50,345.77750000000003,0.0,270.50173825
15:50,16:00,394.9314833333334,0.0,318.11730982500006
16:00,16:10,445.43165000000005,0.0,368.416517715
16:10,16:20,495.69658333333325,0.0,422.2839193416666
16:20,16:30,547.11905,0.0,480.972356855
16:30,16:40,599.9854333333333,0.0,541.42685504
16:40,16:50,635.42975,0.0,582.244279925
16:50,17:00,660.8306833333334,0.0,612.19354504
17:00,17:10,702.0369333333333,0.0,664.26734632
17:10,17:20,738.0657833333333,0.0,719.0236861233333
17:20,17:30,775.9447166666666,0.0,765.2366795766666
17:30,17:40,826.08325,0.0,806.257252
17:40,17:50,762.4228,0.0,818.9945717600001
17:50,18:00,636.9826166666667,0.0,784.3166959016667
18:00,18:10,641.1613,0.0,805.3627089299999
18:10,18:20,678.8305333333333,0.0,844.9403648399999
18:20,18:30,686.2685,0.0,860.92383325
18:30,18:40,696.5043833333333,0.0,872.1627888099999
18:40,18:50,704.6342666666667,0.0,907.6393988933334
18:50,19:00,706.4840333333334,0.0,951.3513992866667
19:00,19:10,707.4064666666666,0.0,956.6257648733332
19:10,19:20,708.5530000000001,0.0,952.6495085000001
19:20,19:30,709.4468833333334,0.0,956.5472327983334
19:30,19:40,711.23245,0.0,959.45257505
19:40,19:50,711.6625,0.0,958.82288625
19:50,20:00,711.4450333333333,0.0,959.17019394
20:00,20:10,713.7040833333334,0.0,964.4283278083334
20:10,20:20,715.28415,0.0,958.480761
20:20,20:30,715.22685,0.0,964.769497965
20:30,20:40,715.6530333333334,0.0,998.4791121066668
20:40,20:50,715.8689166666667,0.0,875.2213375166666
20:50,21:00,717.0051166666667,0.0,669.1091748733334
21:00,21:10,720.1603,0.0,653.0413600400001
21:10,21:20,717.0548666666667,0.0,671.9521155533334
21:20,21:30,720.4459666666667,0.0,675.1299153633333
21:30,21:40,738.1347166666666,0.0,728.6127788216666
21:40,21:50,671.6935666666667,0.0,521.50288516
21:50,22:00,560.4569833333334,0.0,235.89634428500003
22:00,22:10,551.5655666666667,0.0,212.84915217666668
22:10,22:20,568.82605,0.0,248.46321864
22:20,22:30,563.6552166666667,0.0,236.62245995666666
22:30,22:40,564.4265333333334,0.0,236.26894685333338
22:40,22:50,566.7474333333333,0.0,240.35758647666665
22:50,23:00,566.5404333333333,0.0,240.04318160333335
23:00,23:10,567.83015,0.0,241.21424772
23:10,23:20,569.3586333333334,0.0,241.40806053333336
23:20,23:30,570.3301833333334,0.0,240.6793373666667
23:30,23:40,571.6153833333334,0.0,242.36492253333336
23:40,23:50,573.1768333333333,0.0,244.80382551666665
23:50,24:00,574.1209833333334,0.0,245.49413247333334
