strategy,gamma,days,cash_cost,planned_cost,emergency_cost,emergency_kwh,initial_storage,end_storage,inventory_adjusted_045,inventory_adjusted_090,mean_abs_terminal_gap,boundary_fraction,solve_seconds,fallbacks,max_balance_error,max_recursion_error,max_plan_balance_error,max_plan_recursion_error,delta_vs_gamma1_yuan,delta_vs_gamma1_percent,saving_vs_fixed_yuan
fixed_lambda045,,122,5546522.757745387,5439120.144671423,107402.61307396392,17618.149227583155,6000.0,5923.522878723261,5546557.172449961,5546591.5871545365,789.7035761368348,0.2185792349726776,0.6519272000000456,0,1.1368683772161603e-13,9.094947017729282e-13,2.2737367544323206e-13,2.4868995751603507e-12,8864.732634371147,0.16008089690936506,0.0
gamma_0,0.0,122,5554377.950330271,5447443.045095691,106934.90523457908,17544.23951685166,6000.0,1544.8440341185326,5556382.7705149185,5558387.590699565,879.0769158132226,0.2071379781420765,0.650338899999042,0,1.1368683772161603e-13,9.094947017729282e-13,2.2737367544323206e-13,2.4868995751603507e-12,16719.9252192555,0.3019313425176757,-7855.192584884353
gamma_0.5,0.5,122,5554311.189675709,5447475.493515844,106835.69615986521,17525.4605506135,6000.0,1544.8440343918999,5556316.0098602325,5558320.830044757,879.1058098103271,0.2071379781420765,0.5174712999933035,0,1.1368683772161603e-13,9.094947017729282e-13,5.674110070685856e-10,6.061268154056165e-11,16653.164564693347,0.30072576690684133,-7788.4319303222
gamma_0.75,0.75,122,5547085.745782884,5440250.0489813825,106835.69680150185,17525.46065337925,6000.0,1544.8440723877102,5549090.565950309,5551095.386117735,862.9699337568029,0.20890255009107467,0.5374576000003799,0,1.1368683772161603e-13,9.094947017729282e-13,3.971081241616048e-10,8.037880749347507e-10,9427.720671867952,0.1702474336464457,-562.9880374968052
gamma_0.9,0.9,122,5537111.064768586,5430006.93049771,107104.13427087606,17567.854284135323,6000.0,5923.522879166603,5537145.479472961,5537179.894177336,801.4111556094398,0.22785746812386157,0.5350423999989289,0,1.1368683772161603e-13,9.094947017729282e-13,1.0095391189679503e-10,1.5893814460169845e-09,-546.9603424295783,-0.009877105808075123,9411.692976800725
gamma_1,1.0,122,5537658.025111016,5430886.962010562,106771.06310045351,17317.126119775454,6000.0,9565.255802385469,5536053.659999942,5534449.294888869,713.8424695821734,0.24647085610200364,0.5329366999958438,0,1.1368683772161603e-13,9.094947017729282e-13,1.4203171971871598e-10,2.789454321751737e-08,0.0,0.0,8864.732634371147
gamma_1.1,1.1,122,5550866.612844148,5444113.435801092,106753.17704305612,17287.740018554196,6000.0,10800.0,5548706.612844148,5546546.612844148,508.2833168904815,0.2731671220400729,0.5413466999980301,0,1.1368683772161603e-13,9.094947017729282e-13,8.160550013514012e-11,3.805030801184648e-10,13208.587733131833,0.2385229942556273,-4343.855098760687
gamma_1.25,1.25,122,5574231.858832122,5467230.1244283095,107001.73440381198,17317.824931387655,6000.0,10800.0,5572071.858832122,5569911.858832122,183.1044484989936,0.29263433515482695,0.5965667000000394,0,1.1368683772161603e-13,9.094947017729282e-13,1.772377800079994e-10,9.073575662143939e-11,36573.83372110594,0.6604567048968816,-27709.101086734794
gamma_1.5,1.5,122,5589102.861164201,5482101.126378346,107001.73478585384,17317.82498479046,6000.0,10800.0,5586942.861164201,5584782.861164201,82.53102187489414,0.2988957194899818,0.5456350999997994,0,1.1368683772161603e-13,9.094947017729282e-13,5.377687184449087e-11,4.4472619025592685e-10,51444.836053185165,0.9289998735910354,-42580.10341881402
