strategy,gamma,cash_cost,inventory_adjusted_045,inventory_adjusted_090
fixed_lambda045,,5546522.757745387,5546557.172449961,5546591.5871545365
gamma_0,0.0,5554377.950330271,5556382.7705149185,5558387.590699565
gamma_0.5,0.5,5554311.189675709,5556316.0098602325,5558320.830044757
gamma_0.75,0.75,5547085.745782884,5549090.565950309,5551095.386117735
gamma_0.9,0.9,5537111.064768586,5537145.479472961,5537179.894177336
gamma_1,1.0,5537658.025111016,5536053.659999942,5534449.294888869
gamma_1.1,1.1,5550866.612844148,5548706.612844148,5546546.612844148
gamma_1.25,1.25,5574231.858832122,5572071.858832122,5569911.858832122
gamma_1.5,1.5,5589102.861164201,5586942.861164201,5584782.861164201
