strategy,month,cash_cost,emergency_kwh,initial_storage,end_storage,baseline_cost,delta_vs_gamma1_yuan
fixed_lambda045,2025-09,1157630.7830290035,9347.452019007378,6000.0,3791.8695457299873,1157946.6106044457,-315.8275754421484
fixed_lambda045,2025-10,1135578.4797553415,2068.8498943899112,3791.8695457299873,6701.870289695753,1131375.7223867935,4202.757368548075
fixed_lambda045,2025-11,1330354.2096291939,91.60744326589482,6701.870289695753,6370.122363395326,1327913.2816813586,2440.9279478352983
fixed_lambda045,2025-12,1922959.2853318483,6110.23987091997,6370.122363395326,5923.522878723261,1920422.4104384182,2536.8748934301548
gamma_0,2025-09,1157295.5216674707,9347.452019007378,6000.0,3077.148451768103,1157946.6106044457,-651.088936974993
gamma_0,2025-10,1136922.3490204473,2068.8498943899112,3077.148451768103,2129.045264503625,1131375.7223867935,5546.626633653883
gamma_0,2025-11,1332296.0473373362,91.60744326589482,2129.045264503625,1939.7578001608927,1327913.2816813586,4382.7656559776515
gamma_0,2025-12,1927864.0323050166,6036.330160188475,1939.7578001608927,1544.8440341185326,1920422.4104384182,7441.6218665984925
gamma_0.5,2025-09,1157295.6672085987,9347.451876402434,6000.0,3077.148453315126,1157946.6106044457,-650.943395846989
gamma_0.5,2025-10,1136915.4633362289,2068.8498872646096,3077.148453315126,2129.0452657674737,1131375.7223867935,5539.740949435392
gamma_0.5,2025-11,1332230.2841345898,72.82878784989109,2129.0452657674737,1939.7578029746587,1327913.2816813586,4317.002453231253
gamma_0.5,2025-12,1927869.774996292,6036.329999096566,1939.7578029746587,1544.8440343918999,1920422.4104384182,7447.364557873923
gamma_0.75,2025-09,1156715.224187494,9347.451864717306,6000.0,3077.148451968073,1157946.6106044457,-1231.38641695166
gamma_0.75,2025-10,1135089.7038838605,2068.8498868738684,3077.148451968073,2129.0452658921636,1131375.7223867935,3713.981497067027
gamma_0.75,2025-11,1330078.7985455794,72.82879110569044,2129.0452658921636,1939.757802477571,1327913.2816813586,2165.5168642208446
gamma_0.75,2025-12,1925202.01916595,6036.330110682386,1939.757802477571,1544.8440723877102,1920422.4104384182,4779.60872753174
gamma_0.9,2025-09,1155950.561280938,9347.451808634682,6000.0,3791.869550645486,1157946.6106044457,-1996.0493235075846
gamma_0.9,2025-10,1132499.4492734869,2068.849889078225,3791.869550645486,4631.767424897319,1131375.7223867935,1123.7268866933882
gamma_0.9,2025-11,1327701.8252442894,72.82878172232351,4631.767424897319,4250.274599681572,1327913.2816813586,-211.4564370692242
gamma_0.9,2025-12,1920959.2289698715,6078.723804700091,4250.274599681572,5923.522879166603,1920422.4104384182,536.8185314533766
gamma_1,2025-09,1157946.6106044457,9048.312970471974,6000.0,8027.580979847381,1157946.6106044457,0.0
gamma_1,2025-10,1131375.7223867935,2068.8498814808445,8027.580979847381,7709.445061351195,1131375.7223867935,0.0
gamma_1,2025-11,1327913.2816813586,72.82878870043673,7709.445061351195,7823.84943277095,1327913.2816813586,0.0
gamma_1,2025-12,1920422.4104384182,6127.134479122201,7823.84943277095,9565.255802385469,1920422.4104384182,0.0
gamma_1.1,2025-09,1163856.76965586,9009.057276975029,6000.0,10773.978162451176,1157946.6106044457,5910.159051414346
gamma_1.1,2025-10,1133339.8291239915,2068.849855931264,10773.978162451176,10020.462489471573,1131375.7223867935,1964.1067371980753
gamma_1.1,2025-11,1331153.4515635136,72.82879127961834,10020.462489471573,10800.0,1327913.2816813586,3240.1698821550235
gamma_1.1,2025-12,1922516.5625007823,6137.004094368282,10800.0,10800.0,1920422.4104384182,2094.1520623641554
gamma_1.25,2025-09,1172975.172019858,9009.057275316098,6000.0,10800.0,1157946.6106044457,15028.56141541223
gamma_1.25,2025-10,1141172.8368639247,2052.726581333273,10800.0,10800.0,1131375.7223867935,9797.114477131283
gamma_1.25,2025-11,1334961.8590318006,72.82878650577925,10800.0,10800.0,1327913.2816813586,7048.577350442065
gamma_1.25,2025-12,1925121.990916539,6183.212288232504,10800.0,10800.0,1920422.4104384182,4699.580478120828
gamma_1.5,2025-09,1180011.0071153603,9009.057279423076,6000.0,10800.0,1157946.6106044457,22064.396510914667
gamma_1.5,2025-10,1144409.6824693317,2052.7266073119645,10800.0,10800.0,1131375.7223867935,13033.960082538193
gamma_1.5,2025-11,1337724.6759372954,72.82878618563716,10800.0,10800.0,1327913.2816813586,9811.394255936844
gamma_1.5,2025-12,1926957.4956422132,6183.212311869783,10800.0,10800.0,1920422.4104384182,6535.085203794995
