date,index,initial_storage,end_storage,planned_end,planned_cost,emergency_cost,total_cost,planned_kwh,emergency_kwh,unused_kwh,reward_kind,a,b,terminal_gap,boundary_slots,solver,solve_seconds,fallback_reason,balance_error,recursion_error,plan_balance_error,plan_recursion_error,strategy,gamma
2025-09-01,243,6000.0,5997.597916582574,1949.999999545849,45550.89678229582,0.0,45550.89678229582,69287.41498431496,0.0,12635.095696672513,quadratic,0.5342139987069766,4.606390645832299e-06,4047.5979170367245,45,Clarabel,0.004382799999802955,,0.0,9.094947017729282e-13,5.568878691519785e-13,3.865352482534945e-12,gamma_1,1.0
2025-09-02,244,5997.597916582574,3143.835173051666,3450.000001987494,31708.60411741925,30484.516254273785,62193.12037169303,49241.395481988795,5519.649910571708,76.89766266198251,quadratic,0.5689551438143152,3.697037150307813e-06,-306.16482893582815,23,Clarabel,0.0039227000002028944,,5.684341886080802e-14,7.389644451905042e-13,6.865619184281968e-13,4.206412995699793e-12,gamma_1,1.0
2025-09-03,245,3143.835173051666,2786.7474110114636,2699.99996995912,38974.89858520636,6318.796253405536,45293.6948386119,59611.88796369055,935.8782454379889,1607.021705855205,quadratic,0.5496581894813738,3.657619203689654e-06,86.74744105234367,16,Clarabel,0.00400050000007468,,0.0,9.094947017729282e-13,1.4779288903810084e-12,4.757234634274996e-12,gamma_1,1.0
2025-09-04,246,2786.7474110114636,1472.7934780343064,1200.000000790418,38362.33520912291,6571.873246318739,44934.20845544165,59519.735161220386,948.6788751976574,4240.360271406109,quadratic,0.4187637834632921,4.912094240265407e-06,272.79347724388845,16,Clarabel,0.004033100000015111,,0.0,9.094947017729282e-13,5.115907697472721e-12,3.307925746521427e-12,gamma_1,1.0
2025-09-05,247,1472.7934780343064,3066.076438296722,1950.0000000614598,15531.938437240336,0.0,15531.938437240336,34179.27113196432,0.0,22899.681816608652,quadratic,0.43224134764564587,4.568352423427469e-06,1116.076438235262,45,Clarabel,0.004782900000009249,,0.0,7.958078640513122e-13,3.3573144264664734e-13,3.183231456205249e-12,gamma_1,1.0
2025-09-06,248,3066.076438296722,9174.63122406613,7949.99999930222,17395.36932852339,0.0,17395.36932852339,39357.803303991655,0.0,22039.933594776077,quadratic,0.5283491396237389,3.0046080912240167e-06,1224.6312247639098,39,Clarabel,0.004437000000052649,,0.0,9.094947017729282e-13,3.170352869119597e-12,4.0751846341891e-12,gamma_1,1.0
2025-09-07,249,9174.63122406613,3029.733298851801,1950.0000007128242,37622.78294941326,0.0,37622.78294941326,56981.93227332615,0.0,4586.2555649318065,quadratic,0.49655836186527075,3.1037962178644246e-06,1079.7332981389768,32,Clarabel,0.00414760000012393,,0.0,9.094947017729282e-13,2.9558577807620168e-12,3.6027984166740796e-12,gamma_1,1.0
2025-09-08,250,3029.733298851801,3984.5590313440284,3948.6064665366835,40654.779272585125,9278.658839345066,49933.43811193019,63397.59716052652,1473.753699683053,659.1740094048547,quadratic,0.4785797396778538,3.7278549949399757e-06,35.95256480734497,15,Clarabel,0.004403899999942951,,0.0,9.094947017729282e-13,2.3874235921539366e-12,5.658193218164951e-12,gamma_1,1.0
2025-09-09,251,3984.5590313440284,8676.26958940201,7199.999995062141,45996.039406893906,0.0,45996.039406893906,72948.82964720849,0.0,11055.511625097868,quadratic,0.507430956841828,3.2395589351539784e-06,1476.2695943398694,34,Clarabel,0.004077999999935855,,0.0,9.094947017729282e-13,2.8557600728618127e-11,2.6289193044704007e-11,gamma_1,1.0
2025-09-10,252,8676.26958940201,4282.468584421751,2700.0000022484614,42028.84819136964,391.26324256548355,42420.11143393512,62567.11015406531,74.60351788900601,1933.1403219123765,quadratic,0.4858608092176692,3.345418690551353e-06,1582.4685821732896,8,Clarabel,0.004445600000053673,,1.4210854715202004e-14,9.094947017729282e-13,4.547473508864641e-13,3.740894765588373e-12,gamma_1,1.0
2025-09-11,253,4282.468584421751,2036.6822222752235,1200.0000000287944,42639.770322064374,20.93363506337498,42660.70395712775,66738.30825446808,3.1344815547465714,11875.394413805196,quadratic,0.3599350711723291,4.790387883248145e-06,836.6822222464291,41,Clarabel,0.004537499999969441,,0.0,9.094947017729282e-13,4.5297099404706387e-13,2.8139593477304756e-12,gamma_1,1.0
2025-09-12,254,2036.6822222752235,3737.0018819502684,2700.0000000676137,16238.886296512886,0.0,16238.886296512886,35340.58026456905,0.0,19185.1711808849,quadratic,0.3787328403063608,4.561905314653218e-06,1037.0018818826547,41,Clarabel,0.004652999999962049,,0.0,7.958078640513122e-13,2.2737367544323206e-13,3.183231456205249e-12,gamma_1,1.0
2025-09-13,255,3737.0018819502684,10800.0,10199.999999952324,18313.963719818585,0.0,18313.963719818585,41833.36275170964,0.0,23193.61339944033,quadratic,0.4924290339602939,3.0900428147558864e-06,600.0000000476757,42,Clarabel,0.004415900000367401,,0.0,9.094947017729282e-13,3.410605131648481e-13,4.661160346586257e-12,gamma_1,1.0
2025-09-14,256,10800.0,5300.353843245872,4950.000002097684,41470.98601451662,0.0,41470.98601451662,62251.830940766595,0.0,3924.5203144135794,quadratic,0.49971153185741557,3.058170507787717e-06,350.3538411481877,42,Clarabel,0.004064600000219798,,0.0,7.958078640513122e-13,6.625811010962934e-13,3.8733394086141e-12,gamma_1,1.0
2025-09-15,257,5300.353843245872,4442.7163632216,3767.859549889492,44606.275974748256,7.876615214366042,44614.15258996262,69055.07319498286,1.1717666192154184,10916.539639586448,quadratic,0.47455399373927987,3.7638759701667744e-06,674.8568133321078,35,Clarabel,0.0049567999999453605,,0.0,8.837375276016246e-13,5.684341886080801e-13,6.628664626197242e-12,gamma_1,1.0
2025-09-16,258,4442.7163632216,6823.142824336263,6449.999699963437,46841.137535018104,88.18759394761426,46929.32512896572,72164.31556635906,13.092746644676936,6331.123917349064,quadratic,0.5149884047482933,3.0952983388358597e-06,373.1431243728266,32,Clarabel,0.004300099999909435,,1.1368683772161603e-13,9.094947017729282e-13,3.5020875088775938e-12,3.296918293956276e-12,gamma_1,1.0
2025-09-17,259,6823.142824336263,7606.919122332243,5626.902246378,48098.2826570678,38.19542214072172,48136.47807920852,73379.68497183235,7.629166511679159,8662.712463848302,quadratic,0.48144147213218164,3.437899694675485e-06,1980.016875954243,34,Clarabel,0.003342900000006921,,1.1368683772161603e-13,9.094947017729282e-13,3.410605131648481e-13,4.433786671143025e-12,gamma_1,1.0
2025-09-18,260,7606.919122332243,2185.5854951567394,1200.000000599468,43461.982969029545,0.0,43461.982969029545,65131.80748134416,0.0,8203.862968568621,quadratic,0.3648186164119389,4.736811167269632e-06,985.5854945572714,36,Clarabel,0.003996699999788689,,0.0,9.094947017729282e-13,4.136690989753333e-12,3.392841563261831e-12,gamma_1,1.0
2025-09-19,261,2185.5854951567394,5185.916599692461,3942.8054804539024,17391.003772785738,0.0,17391.003772785738,38231.52419969938,0.0,15761.844873142058,quadratic,0.38106272616153647,4.5620174822887165e-06,1243.1111192385588,39,Clarabel,0.004137399999763147,,0.0,7.958078640513122e-13,6.998845947236987e-13,3.507377534909165e-12,gamma_1,1.0
2025-09-20,262,5185.916599692461,10800.0,10199.999999966294,18760.30010302826,0.0,18760.30010302826,42439.71421892779,0.0,17443.075027916573,quadratic,0.49098107114245926,3.1758259011035845e-06,600.0000000337059,41,Clarabel,0.0038856000001032953,,0.0,9.094947017729282e-13,3.410605131648481e-13,4.1247005810873816e-12,gamma_1,1.0
2025-09-21,263,10800.0,5146.9131504615,4200.000010431457,45016.84380268988,0.0,45016.84380268988,66624.31547060306,0.0,10822.957120772327,quadratic,0.48809115206322756,3.224494742741432e-06,946.913140030043,48,Clarabel,0.003952500000195869,,0.0,9.094947017729282e-13,8.242295734817162e-11,7.355893671956437e-12,gamma_1,1.0
2025-09-22,264,5146.9131504615,3564.0438906165473,3449.9999998787684,45030.39179389344,128.0136944511398,45158.40548834458,67943.14394848247,19.555899888041154,5309.85181429032,quadratic,0.47952353679363063,3.687915352031234e-06,114.04389073777884,29,Clarabel,0.0042801999998118845,,0.0,9.094947017729282e-13,1.8189894035458565e-12,4.586514474456141e-12,gamma_1,1.0
2025-09-23,265,3564.0438906165473,5728.258942045518,4869.276626467711,47918.49813056919,26.75209318066492,47945.250223749856,73695.9137260761,3.9096487164498512,5188.450487303586,quadratic,0.5047961360115722,3.245121053014321e-06,858.9823155778067,27,Clarabel,0.004354600000169739,,0.0,9.094947017729282e-13,3.6834535421803594e-11,3.512488504157857e-12,gamma_1,1.0
2025-09-24,266,5728.258942045518,4156.198961682271,3449.999991887839,45386.7328320287,0.0,45386.7328320287,68739.24471217838,0.0,5420.735419588451,quadratic,0.4836314896686268,3.4612698422026936e-06,706.1989697944323,36,Clarabel,0.0038260999999693013,,0.0,9.094947017729282e-13,9.048428672997488e-11,4.2279679757228905e-11,gamma_1,1.0
2025-09-25,267,4156.198961682271,2210.6028569033087,1200.000000369646,45983.88555891471,106.25664461307233,46090.14220352779,69522.74642635976,15.371666490137045,7487.483277891966,quadratic,0.3755784084894739,4.606502962283572e-06,1010.6028565336628,33,Clarabel,0.005422700000053737,,0.0,9.094947017729282e-13,1.7053025658242404e-12,4.2812136741904105e-12,gamma_1,1.0
2025-09-26,268,2210.6028569033087,5641.54866452432,3645.4310364138914,17837.162319010527,0.0,17837.162319010527,39386.33912450462,0.0,15050.336354644389,quadratic,0.38766575612350757,4.517400793196714e-06,1996.1176281104285,38,Clarabel,0.003700600000229315,,0.0,5.684341886080801e-13,1.0977885267493548e-12,3.723243935382925e-12,gamma_1,1.0
2025-09-27,269,5641.54866452432,10703.883178196282,10199.999999694483,18873.40733821608,0.0,18873.40733821608,41598.60992994998,0.0,14800.18076093799,quadratic,0.4865338716623098,3.240187236573898e-06,503.8831785017992,35,Clarabel,0.0037269999997988634,,0.0,9.094947017729282e-13,8.664180484174722e-13,3.197031130555258e-12,gamma_1,1.0
2025-09-28,270,10703.883178196282,8522.40238463903,7200.000022775115,48113.94326228989,40.07188521337444,48154.01514750326,71365.28683052606,5.868329093267107,6408.094640222961,quadratic,0.49847405767016684,3.1429100189502936e-06,1322.4023618639148,59,Clarabel,0.005077999999684835,,0.0,9.094947017729282e-13,1.057287590811029e-11,5.0679460628089146e-12,gamma_1,1.0
2025-09-29,271,8522.40238463903,5458.66030265509,4820.714333709268,46803.207568648,142.85538039268957,46946.062949040694,69967.29960980084,26.015016174347693,6530.558931323436,quadratic,0.47975302824662097,3.737054311672491e-06,637.9459689458217,37,Clarabel,0.0045288999999684165,,0.0,9.094947017729282e-13,4.6838977141305804e-11,3.9691361873316506e-12,gamma_1,1.0
2025-09-30,272,5458.66030265509,8027.580979847381,6461.725302712263,51689.20555339956,0.0,51689.20555339956,78436.25724145371,0.0,6297.62471867915,quadratic,0.5010931886488188,3.269708214017914e-06,1565.8556771351177,28,Clarabel,0.00551210000003266,,0.0,9.094947017729282e-13,3.410605131648481e-13,4.1934934972928323e-10,gamma_1,1.0
2025-10-01,273,8027.580979847381,5441.116835160147,1950.0000166976388,44560.331533519144,0.0,44560.331533519144,69133.9250172724,0.0,19063.563646303202,quadratic,0.47981758341257574,3.4761825691752118e-06,3491.1168184625085,41,Clarabel,0.004274299999906361,,0.0,9.094947017729282e-13,6.821210263296962e-12,4.8122819775712236e-12,gamma_1,1.0
2025-10-02,274,5441.116835160147,4104.15047151136,1949.9999995654043,43027.72851184954,0.0,43027.72851184954,68378.15581532898,0.0,14506.395197429592,quadratic,0.3767417221907502,4.433515596282261e-06,2154.1504719459554,40,Clarabel,0.004222299999582901,,0.0,9.094947017729282e-13,1.007194327939942e-12,3.4910894478019867e-12,gamma_1,1.0
2025-10-03,275,4104.15047151136,7608.222074979914,5700.00001185286,14379.398663246064,0.0,14379.398663246064,34997.39656859097,0.0,20260.897433874215,quadratic,0.39405876691881625,4.326706398676053e-06,1908.2220631270548,41,Clarabel,0.004820000000108848,,0.0,7.958078640513122e-13,1.3695711231775931e-12,4.1527275445534745e-12,gamma_1,1.0
2025-10-04,276,7608.222074979914,10671.678299470022,9449.999999991547,14832.970809008671,0.0,14832.970809008671,35344.94404513642,0.0,15530.699714868122,quadratic,0.49728980317035504,2.972183511093645e-06,1221.6782994784753,38,Clarabel,0.004513800000040646,,0.0,9.094947017729282e-13,1.6648904477278847e-12,2.9811215224779314e-12,gamma_1,1.0
2025-10-05,277,10671.678299470022,7291.214378242487,5700.000001096388,41552.34092072646,0.0,41552.34092072646,64999.77474954931,0.0,10260.316398638512,quadratic,0.5103825152407641,2.82926590004522e-06,1591.2143771460997,39,Clarabel,0.004126499999983935,,0.0,9.094947017729282e-13,3.410605131648481e-12,3.453237695794087e-12,gamma_1,1.0
2025-10-06,278,7291.214378242487,5226.424992206373,4199.999981375042,41988.79990113864,0.0,41988.79990113864,65174.02093553863,0.0,5974.182248153734,quadratic,0.49147588528606045,3.3933822697234927e-06,1026.4250108313308,34,Clarabel,0.004338899999765999,,0.0,9.094947017729282e-13,7.612932506617653e-11,3.6382230561600715e-11,gamma_1,1.0
2025-10-07,279,5226.424992206373,7904.784291550967,6170.62225742742,45160.63937410196,0.0,45160.63937410196,72133.42858706212,0.0,7283.793204768675,quadratic,0.4871631720789413,3.229386611888722e-06,1734.1620341235475,46,Clarabel,0.004441600000063772,,0.0,9.094947017729282e-13,6.741274205523951e-13,4.149569576838066e-12,gamma_1,1.0
2025-10-08,280,7904.784291550967,5908.343615090615,4950.0000012536675,41708.4825915363,0.0,41708.4825915363,65863.02416644825,0.0,7719.001342590408,quadratic,0.4657593308048036,3.42972747694338e-06,958.343613836947,42,Clarabel,0.004846399999678397,,0.0,9.094947017729282e-13,1.4779288903810084e-12,4.099471163446419e-12,gamma_1,1.0
2025-10-09,281,5908.343615090615,2501.0222016042253,1200.0000000780446,40262.82632034448,0.0,40262.82632034448,62772.3812215331,0.0,6937.696725043848,quadratic,0.3590933320705727,4.546609000988718e-06,1301.0222015261807,45,Clarabel,0.004618099999788683,,0.0,8.846257060213247e-13,7.958078640513122e-13,3.524291969370097e-12,gamma_1,1.0
2025-10-10,282,2501.0222016042253,6934.340336387732,5700.0000020217585,15306.956630650764,0.0,15306.956630650764,37412.835705996215,0.0,19840.811867619672,quadratic,0.38135474160495275,4.361140614453224e-06,1234.3403343659738,36,Clarabel,0.00443249999989348,,0.0,8.464340339742193e-13,3.410605131648481e-13,2.741707426222044e-12,gamma_1,1.0
2025-10-11,283,6934.340336387732,10795.293096316189,10199.9999989183,15719.739304725801,0.0,15719.739304725801,38589.18199696378,0.0,16699.5009149297,quadratic,0.47955936612267575,3.024648590477681e-06,595.2930973978891,40,Clarabel,0.004040899999836256,,0.0,9.094947017729282e-13,2.5561774918969604e-12,4.6280122818946e-12,gamma_1,1.0
2025-10-12,284,10795.293096316189,8108.513614946413,7425.837777267243,41069.99616726508,105.12058947012822,41175.11675673521,64746.711876067486,20.92993319464972,5329.8511694446715,quadratic,0.49135671371316925,3.002013184068292e-06,682.6758376791704,57,Clarabel,0.0053594999999404536,,0.0,9.094947017729282e-13,1.8417267710901797e-11,1.215064207789565e-11,gamma_1,1.0
2025-10-13,285,8108.513614946413,6010.296937041723,5700.000000125865,40548.63881027988,0.0,40548.63881027988,64366.73110990021,0.0,5793.050800725228,quadratic,0.4714720790729267,3.576827501972155e-06,310.29693691585817,30,Clarabel,0.004854499999964901,,0.0,8.881784197001252e-13,1.318767317570746e-11,4.651859680879916e-12,gamma_1,1.0
2025-10-14,286,6010.296937041723,7909.348957749814,7199.999999788093,43749.10230471397,0.0,43749.10230471397,69928.13892288426,0.0,2887.5552775257693,quadratic,0.4971867018782467,3.0611743864936784e-06,709.3489579617208,19,Clarabel,0.0046545999998670595,,0.0,8.988365607365267e-13,6.923350781562476e-13,1.3194811991133083e-11,gamma_1,1.0
2025-10-15,287,7909.348957749814,6948.106623941882,6449.999999874044,42347.65106371722,0.0,42347.65106371722,67169.9203001499,0.0,2261.4084200933094,quadratic,0.4695114675005336,3.3762884946220904e-06,498.1066240678383,19,Clarabel,0.005023100000016711,,0.0,9.094947017729282e-13,1.0231815394945443e-12,4.212915844997036e-12,gamma_1,1.0
2025-10-16,288,6948.106623941882,1878.0188629695479,1200.0000000732882,41754.15811431543,3382.0632351384193,45136.22134945385,63126.64881555234,512.7057128990251,2146.496632341694,quadratic,0.3522738385228114,4.643804712450271e-06,678.0188628962596,18,Clarabel,0.0050433999999768275,,1.1368683772161603e-13,9.094947017729282e-13,4.405364961712621e-13,4.001393070550863e-12,gamma_1,1.0
2025-10-17,289,1878.0188629695479,6569.186878573069,5700.000019686318,15940.00838859368,0.0,15940.00838859368,38932.39821234551,0.0,14717.490637170755,quadratic,0.3768428423210012,4.4291721885019765e-06,869.186858886751,38,Clarabel,0.004306700000142882,,0.0,7.958078640513122e-13,8.565370634983083e-12,4.937827924322846e-12,gamma_1,1.0
2025-10-18,290,6569.186878573069,10752.114943063567,10199.999998072399,15980.363747960733,0.0,15980.363747960733,39158.81370336277,0.0,15071.168518354083,quadratic,0.47868809843635446,3.0953714162795278e-06,552.1149449911682,39,Clarabel,0.004060499999923195,,0.0,7.958078640513122e-13,9.094947017729282e-12,7.048583938740194e-12,gamma_1,1.0
2025-10-19,291,10752.114943063567,5893.7191631440555,5700.000008555847,43177.477500123176,3740.955175833118,46918.4326759563,66038.29317142273,568.663855868833,3700.1197512369795,quadratic,0.48371878853917716,3.09550859657451e-06,193.71915458820877,18,Clarabel,0.0038090999996711616,,0.0,9.094947017729282e-13,7.637057652942758e-11,4.336719872100048e-11,gamma_1,1.0
2025-10-20,292,5893.7191631440555,7306.2574388486,7217.640809448255,45825.44232317184,957.9664152361313,46783.40873840797,72907.06251718625,182.895108232699,2782.003358492773,quadratic,0.46764150273209765,3.7071304361146103e-06,88.61662940034512,24,Clarabel,0.004036899999846355,,0.0,9.094947017729282e-13,4.547473508864641e-13,8.26237485253092e-11,gamma_1,1.0
2025-10-21,293,7306.2574388486,9727.035880928113,8869.253272269083,48251.84449340288,0.0,48251.84449340288,75305.56290671145,0.0,1943.4244451796785,quadratic,0.49904694735831406,3.1644762480171018e-06,857.7826086590303,20,Clarabel,0.003716499999882217,,0.0,9.094947017729282e-13,8.120615291318245e-12,7.214056447880389e-12,gamma_1,1.0
2025-10-22,294,9727.035880928113,8683.723518594135,8699.999996003375,46584.916509668314,2616.885375935801,49201.801885604116,72937.77394286564,489.02288144731745,4198.937883344905,quadratic,0.4799977674163124,3.3507280904416663e-06,-16.276477409239305,49,Clarabel,0.0039041999998516985,,0.0,9.094947017729282e-13,1.6275869541004795e-12,4.201779768147597e-12,gamma_1,1.0
2025-10-23,295,8683.723518594135,2409.3906286036677,1200.0000001146318,44619.829862318096,0.0,44619.829862318096,67064.32307531837,0.0,6316.319158765336,quadratic,0.3571346563975584,4.649701741578667e-06,1209.3906284890359,31,Clarabel,0.004555500000151369,,0.0,8.597567102697212e-13,3.410605131648481e-13,4.419676814458487e-12,gamma_1,1.0
2025-10-24,296,2409.3906286036677,3685.1247389402592,3450.000008571712,14621.32985706777,101.77020892591082,14723.100065993682,35641.150950805764,24.842412061276956,12226.080254626404,quadratic,0.37235299301455066,4.464144426760899e-06,235.12473036854726,28,Clarabel,0.003777200000058656,,5.684341886080802e-14,9.094947017729282e-13,9.026279723656216e-12,1.0661665994504688e-11,gamma_1,1.0
2025-10-25,297,3685.1247389402592,10733.60541784428,10199.999999382879,17386.201733639282,0.0,17386.201733639282,43103.25372057706,0.0,12480.177762111327,quadratic,0.4813570409372145,3.053234662063718e-06,533.6054184614004,38,Clarabel,0.004063099999711994,,0.0,8.952838470577262e-13,8.517631044924201e-13,3.709033080667723e-12,gamma_1,1.0
2025-10-26,298,10733.60541784428,7658.279684073561,6802.635342074795,47076.837416082795,0.0,47076.837416082795,71370.56016264553,0.0,6326.666560575086,quadratic,0.489301471960142,3.0087675684345796e-06,855.6443419987663,53,Clarabel,0.00430659999983618,,0.0,9.094947017729282e-13,1.553424056055519e-12,7.067266638652418e-12,gamma_1,1.0
2025-10-27,299,7658.279684073561,6660.425117608689,6449.999999757737,47409.99019655177,103.66089995019448,47513.65109650196,73857.941419654,19.744933323846567,7534.097969926729,quadratic,0.4764357846880367,3.554088577539949e-06,210.42511785095212,17,Clarabel,0.004993999999896914,,0.0,8.57980353430321e-13,1.170175067954915e-12,3.904335818181646e-12,gamma_1,1.0
2025-10-28,300,6660.425117608689,9662.711737645617,9075.587792402563,50104.15670072749,0.0,50104.15670072749,78230.06607108828,0.0,5004.641611463154,quadratic,0.5019005691524625,3.062982981370174e-06,587.1239452430545,28,Clarabel,0.004506700000092678,,0.0,9.094947017729282e-13,5.684341886080801e-13,4.661160346586257e-12,gamma_1,1.0
2025-10-29,301,9662.711737645617,6536.367813628809,6450.0000007540175,47684.11709641752,1499.3565928226044,49183.47368924012,72064.09126790505,246.4032111382802,2146.9257257212216,quadratic,0.4769320983684216,3.3385463306600907e-06,86.36781287479153,28,Clarabel,0.005087199999707082,,0.0,9.094947017729282e-13,1.0231815394945443e-12,4.692378255771149e-12,gamma_1,1.0
2025-10-30,302,6536.367813628809,2046.371682496602,1200.0000001065541,49150.98869761115,18.132688074969447,49169.12138568612,72007.59419095513,3.641833314916539,8095.605693124028,quadratic,0.3604280058418919,4.648105332860936e-06,846.3716823900479,28,Clarabel,0.0033940999996957544,,0.0,9.094947017729282e-13,3.8191672047105385e-13,4.064304448547773e-12,gamma_1,1.0
2025-10-31,303,2046.371682496602,7709.445061351195,7041.698908001255,17066.54566093034,0.0,17066.54566093034,41521.3922069785,0.0,8196.553736148917,quadratic,0.37947468744905044,4.436916777153325e-06,667.74615334994,29,Clarabel,0.00364739999986341,,0.0,8.952838470577262e-13,3.410605131648481e-13,3.865352482534945e-12,gamma_1,1.0
2025-11-01,304,7709.445061351195,10800.0,10199.99999987812,16210.885155348926,0.0,16210.885155348926,39712.32511641673,0.0,10385.13629408884,quadratic,0.47956794351422577,3.1594678073670657e-06,600.0000001218796,38,Clarabel,0.004506600000240724,,0.0,9.094947017729282e-13,1.5556445021047693e-12,3.323860476537783e-12,gamma_1,1.0
2025-11-02,305,10800.0,6637.9226529115385,6450.000005573381,49753.900900758104,0.0,49753.900900758104,74064.69797744462,0.0,5398.54791159458,quadratic,0.48264947764265764,3.1576425082130026e-06,187.92264733815773,39,Clarabel,0.004813499999727355,,7.105427357601002e-15,9.094947017729282e-13,9.396927680427325e-12,5.115907697472721e-12,gamma_1,1.0
2025-11-03,306,6637.9226529115385,5640.233539451833,4950.00005253764,52456.37443028356,0.0,52456.37443028356,77541.14625038259,0.0,4920.655889917007,quadratic,0.4724331672407745,3.6697613159436366e-06,690.2334869141932,32,Clarabel,0.004398199999741337,,0.0,9.094947017729282e-13,1.4203171971871598e-10,9.888218022169326e-11,gamma_1,1.0
2025-11-04,307,5640.233539451833,8301.860595903245,7950.000083427406,54410.77985496681,105.30702622399401,54516.0868811908,83118.59012461043,21.977882964414903,8451.18194725899,quadratic,0.5023030812397447,3.1896239062886506e-06,351.86051247583873,48,Clarabel,0.004427700000178447,,0.0,9.094947017729282e-13,6.366462912410498e-12,8.46858499294154e-12,gamma_1,1.0
2025-11-05,308,8301.860595903245,7884.640174723265,7199.999999825488,52929.4494960282,0.0,52929.4494960282,78495.8241970692,0.0,5379.008133495956,quadratic,0.4784893845244784,3.3726776783534093e-06,684.6401748977769,28,Clarabel,0.005130700000336219,,0.0,8.526512829121202e-13,5.684341886080801e-13,5.839106038436902e-12,gamma_1,1.0
2025-11-06,309,7884.640174723265,1424.1669941048874,1200.0000036428253,50543.605583674114,0.0,50543.605583674114,72367.09168106245,0.0,3587.2539292495812,quadratic,0.3670314900448246,4.581630160230022e-06,224.16699046206213,18,Clarabel,0.004034799999772076,,1.1368683772161603e-13,9.094947017729282e-13,1.0516032489249483e-12,4.092726157978177e-12,gamma_1,1.0
2025-11-07,310,1424.1669941048874,6922.399947545173,6449.999983241864,17170.37540854804,0.0,17170.37540854804,41854.5744181551,0.0,8999.857704060956,quadratic,0.3753898951839765,4.519286003876552e-06,472.3999643033085,28,Clarabel,0.004087199999958102,,0.0,9.094947017729282e-13,1.9966250874858815e-12,3.637978807091713e-12,gamma_1,1.0
2025-11-08,311,6922.399947545173,10800.0,10199.999999907386,16971.30883065783,0.0,16971.30883065783,40661.22150035124,0.0,9018.76155755425,quadratic,0.48530145931159935,3.0521459386340676e-06,600.0000000926138,35,Clarabel,0.004742999999962194,,0.0,9.094947017729282e-13,5.808686864838819e-13,3.644508834822047e-12,gamma_1,1.0
2025-11-09,312,10800.0,8318.673824083238,7950.000000089875,52864.33876197681,0.0,52864.33876197681,77509.32188012783,0.0,4824.620569441871,quadratic,0.4913468993839287,3.0545021825549e-06,368.67382399336293,47,Clarabel,0.005088700000214885,,0.0,9.094947017729282e-13,9.947598300641403e-13,5.878910456045649e-12,gamma_1,1.0
2025-11-10,313,8318.673824083238,6964.81840005038,6450.0000075219505,55370.92572369339,0.0,55370.92572369339,80025.0351006201,0.0,3519.3130048364433,quadratic,0.4662625472078519,3.7402323698185826e-06,514.8183925284293,22,Clarabel,0.004551499999706721,,0.0,9.094947017729282e-13,3.637978807091713e-12,4.951679668161944e-12,gamma_1,1.0
2025-11-11,314,6964.81840005038,6167.941072436334,5700.000000401585,55532.18115433045,10.469654937304185,55542.650809267754,81467.37146542204,2.051666654380597,6692.5855069856225,quadratic,0.4990866464893195,3.185220741644523e-06,467.9410720347496,42,Clarabel,0.005274599999665952,,1.1368683772161603e-13,9.094947017729282e-13,3.410605131648481e-13,5.7465171990011265e-12,gamma_1,1.0
2025-11-12,315,6167.941072436334,5450.646070082945,4950.000009936425,55115.1902230073,52.01564163791422,55167.20586464522,81185.92909690201,10.108957659685984,6871.5454245893425,quadratic,0.4823089474975972,3.31655997388481e-06,500.64606014651963,25,Clarabel,0.005220500000177708,,0.0,9.094947017729282e-13,2.4556356947869062e-11,3.430221817019267e-12,gamma_1,1.0
2025-11-13,316,5450.646070082945,1986.1296786655753,1200.0000001525539,54975.50188546868,10.126050847511017,54985.62793631619,78082.83864509701,2.0105332765831463,5327.989637973424,quadratic,0.36004145971777624,4.6350692680203625e-06,786.1296785130214,27,Clarabel,0.0045419999996738625,,0.0,9.094947017729282e-13,2.2168933355715126e-12,3.979039320256561e-12,gamma_1,1.0
2025-11-14,317,1986.1296786655753,6012.992729931276,5198.976419789508,16829.65478691113,0.0,16829.65478691113,40664.322191530344,0.0,5232.197237846631,quadratic,0.3741693987539418,4.538856514257188e-06,814.0163101417675,28,Clarabel,0.004295600000205013,,0.0,9.094947017729282e-13,1.192018705964415e-11,1.1699391455621821e-11,gamma_1,1.0
2025-11-15,318,6012.992729931276,10682.197755541723,10199.999999736296,17886.87812645678,0.0,17886.87812645678,42064.07526019201,0.0,5217.334097693398,quadratic,0.4836431497848119,3.0810941752147137e-06,482.19775580542773,30,Clarabel,0.0046858000000611355,,0.0,9.094947017729282e-13,1.0231815394945443e-12,2.6574298317427747e-12,gamma_1,1.0
2025-11-16,319,10682.197755541723,8254.908761667855,7949.999998061998,56091.0757900116,0.0,56091.0757900116,80588.66351096563,0.0,4377.400818285717,quadratic,0.49395278870247916,3.0165044188586004e-06,304.90876360585753,31,Clarabel,0.003521199999795499,,0.0,9.094947017729282e-13,1.3415046851150692e-11,3.2049126076065443e-12,gamma_1,1.0
2025-11-17,320,8254.908761667855,7378.660438655021,6450.000000880487,57520.50335388954,0.0,57520.50335388954,83270.91180137111,0.0,7118.050423726298,quadratic,0.46946584539500885,3.7154985284621547e-06,928.6604377745334,33,Clarabel,0.004634900000382913,,0.0,9.094947017729282e-13,3.410605131648481e-13,3.640572847034544e-12,gamma_1,1.0
2025-11-18,321,7378.660438655021,7307.890375929008,6925.0510121525795,56616.59367716256,0.0,56616.59367716256,82106.17545436393,0.0,3216.591663933109,quadratic,0.49769144572299,3.1872207318275373e-06,382.8393637764284,11,Clarabel,0.004128399999899557,,0.0,9.094947017729282e-13,4.547473508864641e-13,1.1533003043134076e-11,gamma_1,1.0
2025-11-19,322,7307.890375929008,8740.736589469725,8699.999997330186,58651.46354818471,173.70986130062715,58825.17340948533,84799.01180246375,36.6797481453721,3558.021655816427,quadratic,0.4800757252054109,3.3731571094148516e-06,40.736592139539425,32,Clarabel,0.004115599999749975,,0.0,9.094947017729282e-13,1.1937117960769683e-12,5.007068899358588e-12,gamma_1,1.0
2025-11-20,323,8740.736589469725,1848.3603827185502,1200.0000008517613,54181.272569472145,0.0,54181.272569472145,75788.7491913955,0.0,4443.418164671047,quadratic,0.363179500738968,4.629894587745894e-06,648.3603818667889,17,Clarabel,0.0037679000001844543,,0.0,9.094947017729282e-13,4.149569576838985e-12,5.229594535194337e-12,gamma_1,1.0
2025-11-21,324,1848.3603827185502,7937.188527960267,7200.000015226506,18805.8374797366,0.0,18805.8374797366,44751.210406614045,0.0,5775.9194979064305,quadratic,0.38029530561390074,4.477146867984429e-06,737.188512733761,31,Clarabel,0.003902399999788031,,0.0,8.348877145181177e-13,1.9605650436460564e-11,1.0814904527478575e-11,gamma_1,1.0
2025-11-22,325,7937.188527960267,10800.0,10799.999998908252,17710.47260967572,0.0,17710.47260967572,41719.97880514515,0.0,4350.765060218744,quadratic,0.48515604580216565,3.093394478859152e-06,1.0917483450612053e-06,30,Clarabel,0.0037870000001021253,,0.0,8.526512829121202e-13,1.3820056210533949e-12,3.326645414748435e-12,gamma_1,1.0
2025-11-23,326,10800.0,8386.725355124501,7949.99999014159,57493.095505115314,0.0,57493.095505115314,82199.17175765365,0.0,5077.017717886324,quadratic,0.4876938986873328,3.1024130809138907e-06,436.72536498291083,46,Clarabel,0.004371600000013132,,0.0,9.094947017729282e-13,3.751665644813329e-12,5.472513092726357e-12,gamma_1,1.0
2025-11-24,327,8386.725355124501,6970.983858185189,6449.9967764387975,57908.697754529,0.0,57908.697754529,83133.61918147033,0.0,6150.209401392507,quadratic,0.47412962968040656,3.670882444559431e-06,520.9870817463916,29,Clarabel,0.0041921000001821085,,1.1368683772161603e-13,9.094947017729282e-13,4.547473508864641e-13,1.0817731059780854e-10,gamma_1,1.0
2025-11-25,328,6970.983858185189,7747.720147393941,7199.999998666086,59383.55795077878,0.0,59383.55795077878,86179.71277160062,0.0,4872.987182017127,quadratic,0.5041684136547097,3.146071204017265e-06,547.7201487278553,26,Clarabel,0.004421699999966222,,0.0,9.094947017729282e-13,6.821210263296962e-13,3.8751316371465725e-12,gamma_1,1.0
2025-11-26,329,7747.720147393941,4959.832451277177,4199.999999870274,57645.3984915897,0.0,57645.3984915897,81046.39311169263,0.0,3321.0767558845114,quadratic,0.480703056626379,3.374481288091208e-06,759.8324514069027,19,Clarabel,0.005278699999962555,,0.0,8.180123245438153e-13,4.547473508864641e-13,1.4157921069371568e-11,gamma_1,1.0
2025-11-27,330,4959.832451277177,2188.0877083710393,1200.000001329952,58676.670683615586,0.0,58676.670683615586,81853.34654918427,0.0,5143.960718358606,quadratic,0.3629637758537081,4.63348827588082e-06,988.0877070410872,15,Clarabel,0.003987000000051921,,1.1368683772161603e-13,9.094947017729282e-13,4.320099833421409e-12,3.672423063297006e-12,gamma_1,1.0
2025-11-28,331,2188.0877083710393,7022.3455315449,6452.002316796954,17992.24723362867,0.0,17992.24723362867,44072.258060344764,0.0,4253.357093149885,quadratic,0.38150220155195613,4.454012882370613e-06,570.3432147479461,26,Clarabel,0.004545199999938632,,0.0,8.952838470577262e-13,2.2737367544323206e-13,2.789454321751737e-08,gamma_1,1.0
2025-11-29,332,7022.3455315449,10796.794881000691,10199.999999961781,18212.601140906405,0.0,18212.601140906405,43571.74322443812,0.0,631.3074247440688,quadratic,0.48441424508001735,3.114577187766591e-06,596.7948810389098,4,Clarabel,0.0047469000001001405,,0.0,8.668621376273222e-13,2.2737367544323206e-13,3.74364861505621e-12,gamma_1,1.0
2025-11-30,333,10796.794881000691,7823.84943277095,7200.000000239711,61650.81533600473,0.0,61650.81533600473,85233.80890343644,0.0,3908.965965517777,quadratic,0.4839494122479638,3.166835157887652e-06,623.8494325312395,56,Clarabel,0.004836699999941629,,0.0,8.757439218243235e-13,1.8189894035458565e-11,1.3081176278795877e-11,gamma_1,1.0
2025-12-01,334,7823.84943277095,4301.1958514454645,4200.000001133647,63782.15047301156,25267.163790700597,89049.31426371216,83699.86303529546,3928.8875692207666,656.6862434959746,quadratic,0.4684000583726404,3.711369192772347e-06,101.1958503118176,12,Clarabel,0.004609300000083749,,1.1368683772161603e-13,9.094947017729282e-13,1.8189894035458565e-12,4.383716412293298e-12,gamma_1,1.0
2025-12-02,335,4301.1958514454645,9181.300275703286,8699.999857898283,73289.0262602318,13302.11348454143,86591.13974477323,97202.52509188544,1961.8241679908276,795.0349320113652,quadratic,0.49932298041379414,3.3866124583024555e-06,481.30041780500324,18,Clarabel,0.004289300000436924,,0.0,9.094947017729282e-13,9.094947017729282e-13,4.003180295974412e-12,gamma_1,1.0
2025-12-03,336,9181.300275703286,6382.448942458346,5700.000000071647,71021.22546335473,0.0,71021.22546335473,91410.07801117725,0.0,2888.860028734059,quadratic,0.4789725997687852,3.7806387418522677e-06,682.448942386699,26,Clarabel,0.005546999999751279,,1.1368683772161603e-13,9.094947017729282e-13,4.547473508864641e-13,4.8361209234224974e-12,gamma_1,1.0
2025-12-04,337,6382.448942458346,2544.472389278021,1949.9999999566633,71763.56948159721,0.0,71763.56948159721,91619.93172641352,0.0,4664.209802183605,quadratic,0.36812096120211757,5.095603718644874e-06,594.4723893213579,27,Clarabel,0.0045912000000498665,,0.0,9.094947017729282e-13,3.410605131648481e-13,5.115907697472721e-12,gamma_1,1.0
2025-12-05,338,2544.472389278021,7729.8369937655725,7199.999998540667,24737.28398051347,0.0,24737.28398051347,55919.495908594705,0.0,5039.224906591722,quadratic,0.39008568989233505,5.065874126540364e-06,529.8369952249059,28,Clarabel,0.004865700000209472,,0.0,9.094947017729282e-13,2.9245494914675874e-12,4.206412995699793e-12,gamma_1,1.0
2025-12-06,339,7729.8369937655725,10702.489845243595,10199.99999970868,24995.572069134265,0.0,24995.572069134265,54583.40426026029,0.0,3351.652276843517,quadratic,0.5039362331851243,3.7998330055942324e-06,502.48984553491573,32,Clarabel,0.004011699999864504,,0.0,9.094947017729282e-13,3.524291969370097e-12,5.787773931649867e-12,gamma_1,1.0
2025-12-07,340,10702.489845243595,10576.6859720046,10199.999975135614,75166.61379024983,0.0,75166.61379024983,97880.28467773006,0.0,6021.830439786901,quadratic,0.5352166960029769,3.755121685569945e-06,376.68599686898597,43,Clarabel,0.004357400000117195,,0.0,9.094947017729282e-13,3.410605131648481e-13,3.637978807091713e-12,gamma_1,1.0
2025-12-08,341,10576.6859720046,7831.626964032563,7199.999992937117,72513.01859792566,0.0,72513.01859792566,94885.09764706748,0.0,5526.263068633623,quadratic,0.5219713716078734,4.301036742047024e-06,631.6269710954457,49,Clarabel,0.004825699999855715,,0.0,9.094947017729282e-13,3.410605131648481e-13,3.581135388230905e-12,gamma_1,1.0
2025-12-09,342,7831.626964032563,8734.780538502913,8401.836756875351,74070.89530752544,264.50846574371343,74335.40377326915,99714.69270348805,35.77496599873541,6712.892638957171,quadratic,0.5466278756907026,3.82079815018109e-06,332.9437816275622,43,Clarabel,0.003716499999882217,,1.1368683772161603e-13,9.094947017729282e-13,4.547473508864641e-13,3.924355520526753e-12,gamma_1,1.0
2025-12-10,343,8734.780538502913,9173.137568889906,8699.999998781936,73449.61689605156,0.0,73449.61689605156,97344.61239748966,0.0,3767.4777318233864,quadratic,0.5233479861336134,4.029323110305005e-06,473.13757010797053,32,Clarabel,0.004001400000106514,,0.0,9.094947017729282e-13,4.547473508864641e-13,4.699048893037024e-12,gamma_1,1.0
2025-12-11,344,9173.137568889906,1970.9154504626367,1200.000005420887,70147.41255128183,0.0,70147.41255128183,90427.55511032429,0.0,8122.094554960717,quadratic,0.40979988405054435,5.264210959230464e-06,770.9154450417498,61,Clarabel,0.004396899999846937,,1.1368683772161603e-13,8.029132914089132e-13,1.0231815394945443e-12,4.206412995699793e-12,gamma_1,1.0
2025-12-12,345,1970.9154504626367,10086.689549126391,9449.999988799775,25894.845034801456,0.0,25894.845034801456,58718.485866927425,0.0,1963.8260530039493,quadratic,0.4303080965429096,5.069811008862254e-06,636.6895603266166,26,Clarabel,0.004826100000173028,,0.0,9.094947017729282e-13,1.4725998198628076e-12,3.979039320256561e-12,gamma_1,1.0
2025-12-13,346,10086.689549126391,10744.571036314088,10199.999999834714,25292.890220874127,0.0,25292.890220874127,54304.88228432853,0.0,5796.84921257759,quadratic,0.5301434364973575,3.761467115594187e-06,544.571036479374,53,Clarabel,0.003918099999737024,,0.0,9.094947017729282e-13,2.350453165433919e-12,4.092726157979096e-12,gamma_1,1.0
2025-12-14,347,10744.571036314088,9197.94506287311,8700.00000653315,75079.95207221084,0.0,75079.95207221084,97196.67446596001,0.0,5572.0409958995315,quadratic,0.5350372989019803,3.7445963194098106e-06,497.9450563399605,61,Clarabel,0.004427399999713089,,1.1368683772161603e-13,9.094947017729282e-13,3.069544618483633e-12,4.531770938496799e-12,gamma_1,1.0
2025-12-15,348,9197.94506287311,9284.77393510562,8699.999988034811,76064.10917175465,0.0,76064.10917175465,99576.46204435988,0.0,5556.646274126575,quadratic,0.5187207494112271,4.33423204440465e-06,584.7739470708093,62,Clarabel,0.003671299999950861,,1.1368683772161603e-13,9.094947017729282e-13,7.958078640513122e-13,7.93993915632956e-12,gamma_1,1.0
2025-12-16,349,9284.77393510562,10800.0,10799.9999990317,75071.2191076043,0.0,75071.2191076043,100281.5358647086,0.0,4672.906278724082,quadratic,0.5455610498520861,3.8648427680530725e-06,9.683008102001622e-07,51,Clarabel,0.003869100000429171,,0.0,9.094947017729282e-13,4.547473508864641e-13,4.609208229514243e-12,gamma_1,1.0
2025-12-17,350,10800.0,8620.52847273462,7998.7521368005255,74347.2127181342,0.0,74347.2127181342,96893.8580952409,0.0,6740.145510077685,quadratic,0.5205491149891408,4.068427277427918e-06,621.7763359340952,60,Clarabel,0.004531399999905261,,0.0,9.094947017729282e-13,1.5916157281026244e-12,3.83015126157867e-12,gamma_1,1.0
2025-12-18,351,8620.52847273462,2537.917261967585,1950.0001349344618,70867.83417694693,0.0,70867.83417694693,91472.7119209849,0.0,6235.183314207865,quadratic,0.41127406530163013,5.2313268445083305e-06,587.9171270331233,49,Clarabel,0.003844200000003184,,0.0,9.094947017729282e-13,2.3874235921539366e-12,4.460412293213253e-12,gamma_1,1.0
2025-12-19,352,2537.917261967585,7825.88604796679,7299.011532465075,26329.765601103703,0.0,26329.765601103703,58408.807246990524,0.0,5872.52338068732,quadratic,0.4289405069287694,5.10947208448782e-06,526.874515501715,43,Clarabel,0.004294500000014523,,0.0,9.094947017729282e-13,9.743317264110374e-13,3.197442310920451e-12,gamma_1,1.0
2025-12-20,353,7825.88604796679,10800.0,10799.999999979056,25162.505961608185,0.0,25162.505961608185,56271.51767810878,0.0,6049.3534062657545,quadratic,0.5340442795078466,3.7277951423056977e-06,2.094384399242699e-08,34,Clarabel,0.004171900000073947,,0.0,9.094947017729282e-13,9.857670235646765e-13,3.751665644812869e-12,gamma_1,1.0
2025-12-21,354,10800.0,9582.842357629714,9133.65445790683,73415.28262264776,0.0,73415.28262264776,96852.11245863991,0.0,4431.911479165759,quadratic,0.539914410743616,3.658531130547547e-06,449.18789972288323,50,Clarabel,0.003673599999729049,,1.1368683772161603e-13,9.094947017729282e-13,7.958078640513122e-13,5.346833907156118e-12,gamma_1,1.0
2025-12-22,355,9582.842357629714,7446.81659312934,7200.000002345503,76102.56702932241,0.0,76102.56702932241,98437.5566626996,0.0,7506.736757194916,quadratic,0.5191203038721798,4.287078021202861e-06,246.81659078383655,55,Clarabel,0.003732799999852432,,0.0,9.094947017729282e-13,4.547473508864641e-13,3.513282312413442e-12,gamma_1,1.0
2025-12-23,356,7446.81659312934,10800.0,10387.398397510735,76514.73551095415,0.0,76514.73551095415,102765.28615289016,0.0,7237.398425941799,quadratic,0.5439829092324608,3.831893462447218e-06,412.60160248926513,47,Clarabel,0.004101300000002084,,0.0,9.094947017729282e-13,4.547473508864641e-13,4.2617563843266716e-12,gamma_1,1.0
2025-12-24,357,10800.0,9802.934434277313,9449.999999076028,72973.81061271654,0.0,72973.81061271654,96732.62850602248,0.0,5557.722152851086,quadratic,0.5268391811774623,4.002565446596928e-06,352.93443520128494,63,Clarabel,0.003984599999967031,,1.1368683772161603e-13,8.526512829121202e-13,4.547473508864641e-13,4.4727945368729775e-12,gamma_1,1.0
2025-12-25,358,9802.934434277313,2532.184486607813,1950.0000039821275,70473.13472651041,0.0,70473.13472651041,89701.3516400439,0.0,5355.582333840064,quadratic,0.41142806179426555,5.239261459581025e-06,582.1844826256856,48,Clarabel,0.004238900000018475,,0.0,8.597567102697212e-13,3.410605131648481e-13,5.4747986929329866e-12,gamma_1,1.0
2025-12-26,359,2532.184486607813,8833.473296462103,7949.999999272051,26154.95462578282,0.0,26154.95462578282,58628.31408887739,0.0,4545.81660042377,quadratic,0.4239304069256767,5.119868708379095e-06,883.4732971900521,39,Clarabel,0.004080199999862089,,0.0,9.094947017729282e-13,7.120970479945754e-13,4.074754984700626e-12,gamma_1,1.0
2025-12-27,360,8833.473296462103,10800.0,10799.999999869524,24677.16037719852,0.0,24677.16037719852,55507.34959225757,0.0,6088.9082408787835,quadratic,0.5328932985428312,3.7267499810478796e-06,1.3047610991634429e-07,48,Clarabel,0.004443699999683304,,0.0,9.094947017729282e-13,1.284305994886381e-12,4.831690603168681e-12,gamma_1,1.0
2025-12-28,361,10800.0,10016.86541978184,9449.999996875551,72737.5095517158,59.05928085072556,72796.56883256653,96823.03320522505,7.887484511792309,6505.370869051179,quadratic,0.5403505612012397,3.714927228385505e-06,566.8654229062886,50,Clarabel,0.004786299999977928,,0.0,9.094947017729282e-13,6.821210263296962e-13,5.025332521329238e-12,gamma_1,1.0
2025-12-29,362,10016.86541978184,7832.5572959379715,7640.748383538797,72735.17969384638,0.0,72735.17969384638,96038.61255942908,0.0,6547.6689060923145,quadratic,0.51761463717798,4.304740166643234e-06,191.80891239917491,55,Clarabel,0.005074100000001636,,0.0,9.094947017729282e-13,5.684341886080801e-13,3.410605131648481e-12,gamma_1,1.0
2025-12-30,363,7832.5572959379715,10701.325065245925,10199.999998334179,74161.70341105983,0.0,74161.70341105983,101240.12700508203,0.0,7082.837812416472,quadratic,0.5450835075762036,3.8086798808678716e-06,501.32506691174603,48,Clarabel,0.004370999999991909,,0.0,9.094947017729282e-13,3.637978807091713e-12,6.139089236967266e-12,gamma_1,1.0
2025-12-31,364,10701.325065245925,9565.255802385469,9449.999987199348,71180.3804567546,1356.427862156789,72536.8083189114,94980.10127618656,192.76029140007918,3040.373056027588,quadratic,0.5271913456449265,3.961739416975183e-06,115.25581518612125,45,Clarabel,0.004562999999961903,,0.0,9.094947017729282e-13,3.524291969370097e-12,5.592947990151587e-12,gamma_1,1.0
