date,interval,emergency_kwh,start_slot,end_slot
2025-03-02,21:10-21:40,20.828624999999374,128,130
2025-03-03,21:30-21:50,2.3156833333327747,130,131
2025-03-13,20:30-21:00,80.80829699999833,124,126
2025-03-20,20:30-20:40,15.609549999995693,124,124
2025-05-01,20:20-21:50,1446.561744333334,123,131
2025-05-04,20:30-21:50,1211.0747499999998,124,131
2025-05-05,20:20-21:50,1078.6436268333289,123,131
2025-05-06,20:30-21:50,993.1727166666657,124,131
2025-05-07,20:20-21:50,1297.8993913333293,123,131
2025-05-08,20:00-20:20,82.43748333333315,121,122
2025-05-08,20:30-21:50,887.6310666666669,124,131
2025-05-11,19:10-19:30,41.18071666666651,116,117
2025-05-11,20:30-21:10,657.801766666663,124,127
2025-05-11,21:20-21:50,46.66625566666664,129,131
2025-05-12,20:30-21:10,311.2078158333301,124,127
2025-05-13,20:30-20:40,204.21429999999827,124,124
2025-05-13,20:50-21:20,72.67081983333307,126,128
2025-05-14,20:30-20:50,17.87784199999885,124,125
2025-05-14,21:10-21:50,40.15867716666687,128,131
2025-05-18,20:20-20:30,5.236666666666565,123,123
2025-05-19,20:20-20:40,87.97083333333308,123,124
2025-05-20,20:30-20:50,155.39453333333256,124,125
2025-05-22,20:20-20:30,2.5699999999999363,123,123
2025-05-27,20:30-20:40,60.50236666666592,124,124
2025-05-29,19:10-19:20,17.817433333333383,116,116
2025-06-01,09:40-11:00,1099.9662623333325,59,66
2025-06-01,18:50-21:50,10252.176896265431,114,131
2025-06-02,08:50-09:30,548.2972615000006,54,57
2025-06-02,18:50-21:50,8334.532637002063,114,131
2025-06-03,08:50-10:20,1317.1534186666681,54,62
2025-06-03,18:50-21:50,6383.274186166671,114,131
2025-06-04,08:50-10:00,346.7037458333317,54,60
2025-06-04,18:50-21:50,7214.192941166665,114,131
2025-06-05,08:30-10:00,1396.8034590000022,52,60
2025-06-05,18:50-21:50,6714.163555166666,114,131
2025-06-08,18:50-21:50,2717.4395853333317,114,131
2025-06-09,09:00-09:40,155.07819433332554,55,58
2025-06-09,18:50-21:10,4695.770362999997,114,127
2025-06-09,21:20-21:50,34.617173999999885,129,131
2025-06-10,18:50-19:20,59.937433333333615,114,116
2025-06-10,19:30-21:20,3943.01769733667,118,128
2025-06-10,21:40-21:50,32.88809833333353,131,131
2025-06-11,09:00-10:50,2178.1390393333295,55,65
2025-06-11,18:50-20:50,5267.415791965021,114,125
2025-06-11,21:10-21:50,84.73155000000031,128,131
2025-06-12,18:50-19:00,2.271250000000009,114,114
2025-06-12,19:20-19:30,2.483333333333235,117,117
2025-06-12,19:50-21:40,3191.7637741666667,120,130
2025-06-15,19:30-19:50,37.648633333333464,118,119
2025-06-15,20:30-20:40,719.3898331666651,124,124
2025-06-15,21:30-21:50,17.914796999999886,130,131
2025-06-16,09:40-10:20,240.5812336666698,59,62
2025-06-16,19:10-19:30,40.7904166666666,116,117
2025-06-16,19:50-21:30,1731.6371638333317,120,129
2025-06-17,19:20-19:40,70.9608833333333,117,118
2025-06-17,20:00-20:40,2366.0042981666725,121,124
2025-06-17,21:10-21:30,27.736504500000112,128,129
2025-06-18,19:50-20:00,9.508333333333212,120,120
2025-06-18,20:20-20:30,2.888333333333321,123,123
2025-06-19,19:00-19:30,120.16245000000026,115,117
2025-06-22,19:30-19:50,31.10363333333339,118,119
2025-06-22,20:30-20:40,3.403183333333459,124,124
2025-06-23,19:50-20:00,10.656666666666638,120,120
2025-06-23,20:30-20:40,15.461683333333212,124,124
2025-06-24,09:30-10:50,1702.672202666664,58,65
2025-06-24,19:20-19:30,1.9833333333334622,117,117
2025-06-24,20:20-21:20,1268.1063856666688,123,128
2025-06-25,20:00-20:10,13.924650000000042,121,121
2025-06-26,19:00-19:20,73.09834999999953,115,116
2025-06-26,19:30-19:50,19.329716666666968,118,119
2025-06-30,18:50-19:00,19.418749999999932,114,114
2025-06-30,19:30-19:40,18.282683333333466,118,118
2025-07-01,08:30-10:10,1975.3799391666635,52,61
2025-07-01,18:50-20:10,664.0638999999993,114,121
2025-07-01,20:20-21:50,1540.52895,123,131
2025-07-02,18:50-20:10,789.6391499999995,114,121
2025-07-02,20:20-21:50,1286.6676750000017,123,131
2025-07-03,08:30-10:30,1644.5748674999966,52,63
2025-07-03,18:50-20:10,559.9947166666665,114,121
2025-07-03,20:20-21:50,2049.6868500000014,123,131
2025-07-06,08:50-09:40,611.4578536666633,54,58
2025-07-06,09:50-10:10,195.78462166666662,60,61
2025-07-06,18:50-21:50,3480.160485833329,114,131
2025-07-07,18:50-20:10,599.2059333333331,114,121
2025-07-07,20:20-21:50,1003.3668666666654,123,131
2025-07-08,09:00-10:20,454.8847376666668,55,62
2025-07-08,18:50-19:10,155.2591166666666,114,115
2025-07-08,19:20-20:10,366.37433333333297,117,121
2025-07-08,20:20-20:50,1474.762150000002,123,125
2025-07-08,21:00-21:50,379.2608999999999,127,131
2025-07-09,18:50-19:00,23.21583333333342,114,114
2025-07-09,19:10-19:40,150.7823833333333,116,118
2025-07-09,19:50-20:10,51.203650000000266,120,121
2025-07-09,20:20-21:40,683.1735166666656,123,130
2025-07-10,18:50-19:40,225.45605000000012,114,118
2025-07-10,19:50-20:00,10.200000000000045,120,120
2025-07-10,20:20-21:00,461.73833316666537,123,126
2025-07-10,21:20-21:50,59.89195283333354,129,131
2025-07-13,19:00-20:10,221.90791666666678,115,121
2025-07-13,20:30-21:20,264.5216525000019,124,128
2025-07-14,18:50-19:00,47.863333333333344,114,114
2025-07-14,19:20-20:10,147.9644166666668,117,121
2025-07-14,20:30-21:30,356.95752499999946,124,129
2025-07-15,18:50-19:40,83.45768333333353,114,118
2025-07-15,20:30-20:40,39.97031883333034,124,124
2025-07-15,21:30-21:50,26.836216666666814,130,131
2025-07-16,18:50-19:00,17.319999999999936,114,114
2025-07-16,20:00-20:10,54.03376666666668,121,121
2025-07-17,19:10-19:20,15.827066666666838,116,116
2025-07-17,20:00-20:10,15.089366666666592,121,121
2025-07-17,20:30-20:50,279.08777750000115,124,125
2025-07-17,21:00-21:20,15.846499999999878,127,128
2025-07-20,20:30-20:40,16.936216666666724,124,124
2025-07-21,20:30-20:40,21.962933333333467,124,124
2025-07-22,19:20-20:10,81.39814999999976,117,121
2025-07-23,19:30-19:50,11.362783333333368,118,119
2025-07-24,20:30-20:40,205.46208899999772,124,124
2025-07-27,09:20-09:30,9.698327999997945,57,57
2025-07-28,20:30-20:40,302.9180731666622,124,124
2025-07-28,21:00-21:30,97.76054250000018,127,129
2025-07-29,18:50-19:00,23.481666666666797,114,114
2025-07-29,19:20-19:30,25.059999999999945,117,117
2025-07-31,19:10-19:20,13.620433333333494,116,116
2025-08-03,19:10-20:00,82.55935000000022,116,120
2025-08-07,20:00-20:10,19.36733333333325,121,121
2025-08-10,20:30-20:40,7.51111666666668,124,124
2025-08-11,19:20-19:30,17.700000000000045,117,117
2025-08-11,20:00-20:10,0.11699999999984811,121,121
2025-08-12,19:00-19:20,20.646783333333246,115,116
2025-08-12,19:30-19:50,25.871250000000032,118,119
2025-08-14,19:00-19:10,3.1944500000000744,115,115
2025-08-14,20:30-20:40,17.35235,124,124
2025-08-17,19:10-19:40,96.71948333333307,116,118
2025-08-17,20:20-20:30,3.528333333333194,123,123
2025-08-18,19:00-19:20,22.323933333333457,115,116
2025-08-18,19:50-20:00,21.29666666666685,120,120
2025-08-18,20:20-20:40,44.08643333333339,123,124
2025-08-19,19:20-20:10,133.6864166666668,117,121
2025-08-20,09:00-09:30,257.81678333333366,55,57
2025-08-20,20:00-20:10,24.660916666666594,121,121
2025-08-21,19:10-19:20,0.8005166666667947,116,116
2025-08-21,20:20-20:30,0.7766666666666424,123,123
2025-08-25,20:30-20:40,558.2437413333305,124,124
2025-08-26,19:40-19:50,4.31370000000004,119,119
2025-08-27,20:30-20:40,200.031233333332,124,124
2025-08-28,18:50-19:00,0.24166666666667425,114,114
2025-08-28,19:50-20:00,37.443333333333385,120,120
2025-08-28,20:30-20:40,511.64071116666497,124,124
2025-08-31,20:30-20:40,16.56466666666654,124,124
2025-09-10,09:00-09:40,309.52114999999964,55,58
2025-09-17,05:50-06:00,7.629166666666606,36,36
2025-09-17,08:50-09:40,465.1495833333313,54,58
2025-09-17,09:50-10:00,1.8205906666665665,60,60
2025-09-18,09:00-09:30,233.68099999999788,55,57
2025-09-23,09:00-09:50,209.00408333333326,55,59
2025-09-23,20:20-20:40,440.25359066666994,123,124
2025-09-23,20:50-21:10,11.877963666666822,126,127
2025-09-24,08:30-09:40,1015.3690999999994,52,58
2025-09-25,08:50-09:10,126.57195000000198,54,55
2025-09-25,18:50-19:00,15.371666666666556,114,114
2025-09-28,08:40-09:50,936.4504333333311,53,59
2025-09-28,19:20-19:30,5.868333333333226,117,117
2025-09-28,20:30-20:40,563.6631991666688,124,124
2025-09-29,06:00-06:10,20.39463333333333,37,37
2025-09-29,08:40-09:50,736.4105999999972,53,59
2025-09-29,20:30-20:40,178.5116420000029,124,124
2025-09-30,08:30-09:40,1202.9238999999968,52,58
2025-09-30,10:00-10:10,3.8029134999998853,61,61
2025-09-30,20:00-20:10,31.41115000000002,121,121
2025-09-30,20:20-20:50,1587.4630986666748,123,125
2025-10-07,09:00-09:40,345.2573999999996,55,58
2025-10-09,09:10-09:20,55.72401666666578,56,56
2025-10-12,06:00-06:10,20.929933333333338,37,37
2025-10-14,08:30-09:40,1089.3441833333306,52,58
2025-10-15,08:50-09:30,439.34568333333345,54,57
2025-10-16,08:40-09:40,864.4219999999993,53,58
2025-10-16,20:30-20:40,723.3796183333311,124,124
2025-10-19,08:50-09:40,541.0949166666641,54,58
2025-10-19,20:20-20:40,1227.2612718333364,123,124
2025-10-20,08:40-10:10,1604.2651666666666,53,61
2025-10-20,20:30-20:40,48.37703916666305,124,124
2025-10-21,08:40-10:10,1378.457333333331,53,61
2025-10-21,20:20-20:40,1423.2952611666688,123,124
2025-10-22,08:40-10:20,2101.130366666666,53,62
2025-10-22,20:30-20:40,98.82455800000321,124,124
2025-10-23,09:00-09:40,757.2025176666654,55,58
2025-10-23,20:30-20:40,39.13790966666636,124,124
2025-10-26,09:20-09:50,151.97419999999718,57,59
2025-10-26,20:30-20:40,259.16495883333795,124,124
2025-10-27,06:00-06:10,19.74493333333328,37,37
2025-10-27,09:10-09:40,133.986983333332,56,58
2025-10-27,20:20-20:40,1238.6885748333352,123,124
2025-10-28,08:50-09:40,762.532049999999,54,58
2025-10-28,20:30-20:50,726.8870459999996,124,125
2025-10-29,09:00-10:30,1530.0070833333348,55,63
2025-10-29,20:00-21:00,2810.2765023333322,121,126
2025-10-29,21:20-21:30,5.898799499999905,129,129
2025-10-30,06:00-06:10,3.6418333333332384,37,37
2025-10-30,09:20-09:40,105.2520833333321,57,58
2025-10-30,20:30-20:40,418.6362453333325,124,124
2025-10-30,20:50-21:00,21.19506233333336,126,126
2025-11-02,09:00-10:10,1202.313249999997,55,61
2025-11-02,20:10-21:00,1623.8762975000009,122,126
2025-11-03,09:40-10:20,328.405971499996,59,62
2025-11-03,20:10-20:40,1998.5707606666688,122,124
2025-11-04,05:50-06:10,33.59954999999991,36,37
2025-11-04,09:40-10:20,213.177665999999,59,62
2025-11-04,20:30-20:40,384.9154063333336,124,124
2025-11-04,21:00-21:20,19.586515666666603,127,128
2025-11-05,06:30-06:40,3.227683333333175,40,40
2025-11-05,09:10-10:10,767.7028006666653,56,61
2025-11-05,20:20-20:40,1029.7048562119253,123,124
2025-11-05,20:50-21:00,14.29952299999993,126,126
2025-11-06,09:00-10:40,1862.1507028333301,55,64
2025-11-06,20:20-21:10,902.1987679999967,123,127
2025-11-06,21:20-21:50,49.271610333333456,129,131
2025-11-09,09:20-10:20,691.3301319999969,57,62
2025-11-09,20:10-21:10,1819.1216189794204,122,127
2025-11-10,09:00-10:50,1368.221048166664,55,65
2025-11-10,20:00-20:40,2732.6025996666685,121,124
2025-11-10,20:50-21:00,23.894381166666836,126,126
2025-11-11,06:20-06:30,2.0516666666667334,39,39
2025-11-11,09:20-10:20,962.9405576666635,57,62
2025-11-11,20:20-20:40,692.5748914999994,123,124
2025-11-12,06:20-06:30,11.773333333333312,39,39
2025-11-12,09:20-10:40,925.6310538333319,57,64
2025-11-12,20:30-20:40,394.2289638333371,124,124
2025-11-13,06:00-06:10,2.0105333333332283,37,37
2025-11-13,20:10-20:40,1512.7818944999935,122,124
2025-11-16,09:20-10:50,1453.0248618333308,57,65
2025-11-16,20:10-20:50,1663.6771878333338,122,125
2025-11-17,09:30-10:50,877.8940846666641,58,65
2025-11-17,20:30-20:40,304.83050366666066,124,124
2025-11-18,20:00-21:10,2359.9800485,121,127
2025-11-19,05:50-06:00,1.3850000000001046,36,36
2025-11-19,09:30-10:50,1265.3076589999923,58,65
2025-11-19,20:20-21:10,1053.5763014999984,123,127
2025-11-20,20:10-20:50,1493.5344928333354,122,125
2025-11-20,21:00-21:30,46.2449333333336,127,129
2025-11-23,09:40-10:50,1396.123192999995,59,65
2025-11-23,20:30-20:50,215.67609933333017,124,125
2025-11-23,21:00-21:20,40.54391666666688,127,128
2025-11-24,06:00-06:10,18.83966666666663,37,37
2025-11-24,20:30-21:00,495.9698349999993,124,126
2025-11-25,10:00-10:50,356.70910583333284,61,65
2025-11-25,20:20-20:40,1139.8110566666612,123,124
2025-11-26,06:00-06:10,32.993166666666525,37,37
2025-11-26,10:10-10:50,377.5832980000009,62,65
2025-11-26,20:10-20:40,1709.4219091666628,122,124
2025-11-27,20:20-20:40,893.4524627345673,123,124
2025-11-30,06:00-06:10,6.0628333333332876,37,37
2025-11-30,10:00-10:50,698.7888438333329,61,65
2025-11-30,19:50-20:40,3463.816464333331,120,124
2025-12-01,05:50-06:10,196.56981666666672,36,37
2025-12-01,07:50-08:10,113.36543333333339,48,49
2025-12-01,08:40-10:50,4911.80319283334,53,65
2025-12-01,19:40-20:40,3759.9006516666627,119,124
2025-12-02,05:50-06:10,162.8443000000002,36,37
2025-12-02,07:50-08:20,201.09771666666666,48,50
2025-12-02,08:50-10:50,5293.484747500004,54,65
2025-12-02,19:30-20:40,4624.748089166665,118,124
2025-12-02,21:10-21:40,53.82915816666666,128,130
2025-12-03,05:50-06:10,116.97450000000003,36,37
2025-12-03,07:50-08:10,130.28498333333334,48,49
2025-12-03,08:50-10:50,3669.37330366667,54,65
2025-12-03,19:30-20:40,4310.5303395,118,124
2025-12-03,21:00-21:10,0.4736036666668495,127,127
2025-12-04,05:50-06:10,138.96398333333298,36,37
2025-12-04,07:50-08:20,211.06405000000007,48,50
2025-12-04,08:50-10:50,4706.025463833337,54,65
2025-12-04,20:00-20:50,2527.4287720370403,121,125
2025-12-07,05:50-06:10,134.69368333333557,36,37
2025-12-07,07:50-08:10,164.7132833333335,48,49
2025-12-07,09:00-10:50,3473.646051000002,55,65
2025-12-07,19:50-20:40,3174.8425328333337,120,124
2025-12-08,06:00-06:10,29.962516666666716,37,37
2025-12-08,07:50-08:10,114.05378333333351,48,49
2025-12-08,09:10-10:50,2942.3918865000023,56,65
2025-12-08,20:00-20:50,2828.180109999998,121,125
2025-12-09,06:00-06:10,19.63466666666659,37,37
2025-12-09,07:50-08:20,189.11703333333332,48,50
2025-12-09,09:40-10:40,1326.3193979999949,59,64
2025-12-09,20:10-20:40,1556.1904928333342,122,124
2025-12-09,21:00-21:30,26.93114916666677,127,129
2025-12-10,07:50-08:00,7.0933333333335895,48,48
2025-12-10,10:10-10:50,912.271986333335,62,65
2025-12-10,20:10-20:40,1927.366300499994,122,124
2025-12-11,08:00-08:10,25.842449999999985,49,49
2025-12-11,10:20-10:50,369.9666666666651,63,65
2025-12-14,08:00-08:10,5.463116666666792,49,49
2025-12-14,10:10-10:50,877.8203878333322,62,65
2025-12-14,20:20-20:40,1405.5657664444434,123,124
2025-12-15,07:50-08:10,49.37848333333329,48,49
2025-12-15,10:00-10:50,1079.939649999994,61,65
2025-12-15,20:20-20:40,1052.2219204999972,123,124
2025-12-16,07:50-08:20,78.41183333333345,48,50
2025-12-16,10:00-10:50,898.5620059999985,61,65
2025-12-16,20:30-20:40,569.5571836666672,124,124
2025-12-17,08:00-08:20,25.746199999999817,49,50
2025-12-17,10:30-10:40,36.25011650000144,64,64
2025-12-18,07:50-08:20,51.039066666666486,48,50
2025-12-18,10:10-10:40,620.8704499999994,62,64
2025-12-21,07:50-08:00,17.937916666666638,48,48
2025-12-21,10:30-10:50,205.80391883333613,64,65
2025-12-21,20:30-20:40,360.36443466666344,124,124
2025-12-22,08:00-08:20,23.965116666666745,49,50
2025-12-22,10:30-10:40,98.8067166666606,64,64
2025-12-22,20:30-20:40,7.026983333333078,124,124
2025-12-22,21:10-21:20,8.913853000000108,128,128
2025-12-24,07:50-08:00,26.753749999999968,48,48
2025-12-28,07:50-08:20,61.902583333333496,48,50
2025-12-30,07:50-08:10,12.990166666666596,48,49
2025-12-31,10:30-10:50,310.6320500000005,64,65
