date,interval,charge_kwh,discharge_kwh,storage_start_kwh,storage_end_kwh
2025-03-20,00:00-04:00,4280.7631228395,19.839483333333305,6444.900804444448,10275.54374462963
2025-03-20,04:00-08:00,2191.4320893004146,4112.133100000001,10275.54374462963,7678.7958472222235
2025-03-20,08:00-12:00,6291.457016666667,2777.3772166666668,7678.7958472222235,10255.132477037037
2025-03-20,12:00-16:00,919.8809308641971,254.7227833333335,10255.132477037037,10800.0
2025-03-20,16:00-20:00,10.872613168725769,5734.199883333331,10800.0,4438.452148148152
2025-03-20,20:00-24:00,5695.6488500000005,2923.4186000000045,4438.452148148152,6316.293224259261
2025-06-21,00:00-04:00,0.0,0.0,10800.0,10800.0
2025-06-21,04:00-08:00,1305.048236000001,1297.7090666666666,10800.0,10532.644449437037
2025-06-21,08:00-12:00,297.06172284773675,0.0,10532.644449437037,10800.0
2025-06-21,12:00-16:00,0.0,0.0,10800.0,10800.0
2025-06-21,16:00-20:00,0.0,3796.9549166666666,10800.0,6581.161203703705
2025-06-21,20:00-24:00,6818.052510288067,1725.6676166666675,6581.161203703705,10800.0
2025-09-23,00:00-04:00,3922.22231604938,8.18063333333339,7039.059165555558,10559.969657407406
2025-09-23,04:00-08:00,266.70038065843346,6955.777333333334,10559.969657407406,3071.3585185185184
2025-09-23,08:00-12:00,5509.338716666671,1687.611633333333,3071.3585185185184,6154.639326481485
2025-09-23,12:00-16:00,5410.382476543205,616.8236666666663,6154.639326481485,10338.62392574074
2025-09-23,16:00-20:00,131.61161666666692,5978.9056,10338.62392574074,3813.8459362962926
2025-09-23,20:00-24:00,5936.083466666667,2377.589945666663,3813.8459362962926,6514.5544500000005
2025-12-21,00:00-04:00,82.87930041152083,150.26603333333333,10800.0,10707.62911111111
2025-12-21,04:00-08:00,997.1004499999999,1565.5870000000004,10707.62911111111,9865.478404999996
2025-12-21,08:00-12:00,5124.395049999999,7798.930564499997,9865.478404999996,5811.955545
2025-12-21,12:00-16:00,7728.171089711937,2331.0652666666665,5811.955545,10177.237007222226
2025-12-21,16:00-20:00,213.80354999999986,5770.532850000001,10177.237007222226,3957.9570355555593
2025-12-21,20:00-24:00,5567.43455,2491.9497820000042,3957.9570355555593,6199.815039444444
