source,issue_hour,target_hour,n,MAE_kw
Q2最终模型,次日00:00发布,0.0,334,1.227090330772609e-13
Q2最终模型,次日00:00发布,0.16666666666666666,334,6.807584945608371e-14
Q2最终模型,次日00:00发布,0.3333333333333333,334,4.0751839673363e-14
Q2最终模型,次日00:00发布,0.5,334,2.964323653673316e-14
Q2最终模型,次日00:00发布,0.6666666666666666,334,2.567701330631683e-14
Q2最终模型,次日00:00发布,0.8333333333333334,334,1.9821733856504407e-14
Q2最终模型,次日00:00发布,1.0,334,1.8760501390069827e-14
Q2最终模型,次日00:00发布,1.1666666666666667,334,1.6485853281364073e-14
Q2最终模型,次日00:00发布,1.3333333333333333,334,1.1104892401098573e-14
Q2最终模型,次日00:00发布,1.5,334,1.0033021177759365e-14
Q2最终模型,次日00:00发布,1.6666666666666667,334,1.0628653914911516e-14
Q2最终模型,次日00:00发布,1.8333333333333333,334,9.051329268630356e-15
Q2最终模型,次日00:00发布,2.0,334,6.389558796646175e-15
Q2最终模型,次日00:00发布,2.1666666666666665,334,4.97070351982521e-15
Q2最终模型,次日00:00发布,2.3333333333333335,334,4.541265639353169e-15
Q2最终模型,次日00:00发布,2.5,334,4.2615139180698374e-15
Q2最终模型,次日00:00发布,2.6666666666666665,334,3.5513885698840187e-15
Q2最终模型,次日00:00发布,2.8333333333333335,334,3.610144582488084e-15
Q2最终模型,次日00:00发布,3.0,334,0.00012011489915793434
Q2最终模型,次日00:00发布,3.1666666666666665,334,8.734922778412063e-05
Q2最终模型,次日00:00发布,3.3333333333333335,334,4.1429224757709524e-15
Q2最终模型,次日00:00发布,3.5,334,0.0019228191261477477
Q2最终模型,次日00:00发布,3.6666666666666665,334,0.0017625372728654017
Q2最终模型,次日00:00发布,3.8333333333333335,334,2.82209212902762e-15
Q2最终模型,次日00:00发布,4.0,334,0.02693254410988038
Q2最终模型,次日00:00发布,4.166666666666667,334,0.02471069792219773
Q2最终模型,次日00:00发布,4.333333333333333,334,2.9499907614822384e-15
Q2最终模型,次日00:00发布,4.5,334,0.3752877589102171
Q2最终模型,次日00:00发布,4.666666666666667,334,0.34434132670404677
Q2最终模型,次日00:00发布,4.833333333333333,334,0.3273697691729058
Q2最终模型,次日00:00发布,5.0,334,10.562655867828413
Q2最终模型,次日00:00发布,5.166666666666667,334,24.956529546192602
Q2最终模型,次日00:00发布,5.333333333333333,334,41.21761411823087
Q2最终模型,次日00:00发布,5.5,334,58.08162628601131
Q2最终模型,次日00:00发布,5.666666666666667,334,74.23622291209765
Q2最终模型,次日00:00发布,5.833333333333333,334,90.87876070783685
Q2最终模型,次日00:00发布,6.0,334,107.95429173082645
Q2最终模型,次日00:00发布,6.166666666666667,334,126.06332908919374
Q2最终模型,次日00:00发布,6.333333333333333,334,145.45942929593627
Q2最终模型,次日00:00发布,6.5,334,161.2528642362616
Q2最终模型,次日00:00发布,6.666666666666667,334,171.43662912214603
Q2最终模型,次日00:00发布,6.833333333333333,334,180.38931401605845
Q2最终模型,次日00:00发布,7.0,334,187.68095687117142
Q2最终模型,次日00:00发布,7.166666666666667,334,195.70880141194596
Q2最终模型,次日00:00发布,7.333333333333333,334,205.1553994415133
Q2最终模型,次日00:00发布,7.5,334,216.39130969972948
Q2最终模型,次日00:00发布,7.666666666666667,334,228.91120190023076
Q2最终模型,次日00:00发布,7.833333333333333,334,247.25494097688534
Q2最终模型,次日00:00发布,8.0,334,256.44722284775
Q2最终模型,次日00:00发布,8.166666666666666,334,269.47695402387023
Q2最终模型,次日00:00发布,8.333333333333334,334,292.1659040212616
Q2最终模型,次日00:00发布,8.5,334,296.59482542892573
Q2最终模型,次日00:00发布,8.666666666666666,334,317.2887981036304
Q2最终模型,次日00:00发布,8.833333333333334,334,354.037702799595
Q2最终模型,次日00:00发布,9.0,334,364.23140130378425
Q2最终模型,次日00:00发布,9.166666666666666,334,366.932528956084
Q2最终模型,次日00:00发布,9.333333333333334,334,373.40674833633375
Q2最终模型,次日00:00发布,9.5,334,387.8661457683394
Q2最终模型,次日00:00发布,9.666666666666666,334,388.4247687315724
Q2最终模型,次日00:00发布,9.833333333333334,334,397.3856133764013
Q2最终模型,次日00:00发布,10.0,334,414.02018727090007
Q2最终模型,次日00:00发布,10.166666666666666,334,424.9817922557629
Q2最终模型,次日00:00发布,10.333333333333334,334,430.3332157609057
Q2最终模型,次日00:00发布,10.5,334,436.1103394792671
Q2最终模型,次日00:00发布,10.666666666666666,334,445.6457015050837
Q2最终模型,次日00:00发布,10.833333333333334,334,452.9706758580249
Q2最终模型,次日00:00发布,11.0,334,446.80334950897435
Q2最终模型,次日00:00发布,11.166666666666666,334,448.6088879633631
Q2最终模型,次日00:00发布,11.333333333333334,334,470.8988966626829
Q2最终模型,次日00:00发布,11.5,334,473.113249617967
Q2最终模型,次日00:00发布,11.666666666666666,334,478.5526463869492
Q2最终模型,次日00:00发布,11.833333333333334,334,477.4078329305008
Q2最终模型,次日00:00发布,12.0,334,479.87445266865586
Q2最终模型,次日00:00发布,12.166666666666666,334,468.31934154283607
Q2最终模型,次日00:00发布,12.333333333333334,334,460.8069579945197
Q2最终模型,次日00:00发布,12.5,334,474.1669555992088
Q2最终模型,次日00:00发布,12.666666666666666,334,473.70816038433696
Q2最终模型,次日00:00发布,12.833333333333334,334,460.86534698818537
Q2最终模型,次日00:00发布,13.0,334,443.0980511517045
Q2最终模型,次日00:00发布,13.166666666666666,334,438.44884400652
Q2最终模型,次日00:00发布,13.333333333333334,334,416.41333464617884
Q2最终模型,次日00:00发布,13.5,334,406.17663091678077
Q2最终模型,次日00:00发布,13.666666666666666,334,399.8433235664206
Q2最终模型,次日00:00发布,13.833333333333334,334,381.911731768141
Q2最终模型,次日00:00发布,14.0,334,369.62369466247736
Q2最终模型,次日00:00发布,14.166666666666666,334,353.7083796781154
Q2最终模型,次日00:00发布,14.333333333333334,334,348.15568952940237
Q2最终模型,次日00:00发布,14.5,334,340.6505020872255
Q2最终模型,次日00:00发布,14.666666666666666,334,331.0164837745766
Q2最终模型,次日00:00发布,14.833333333333334,334,314.97006236069575
Q2最终模型,次日00:00发布,15.0,334,299.66132544045706
Q2最终模型,次日00:00发布,15.166666666666666,334,291.2929716958848
Q2最终模型,次日00:00发布,15.333333333333334,334,275.6069408050957
Q2最终模型,次日00:00发布,15.5,334,249.87073043584834
Q2最终模型,次日00:00发布,15.666666666666666,334,238.5707608268662
Q2最终模型,次日00:00发布,15.833333333333334,334,237.95784441357222
Q2最终模型,次日00:00发布,16.0,334,223.3471857581153
Q2最终模型,次日00:00发布,16.166666666666668,334,208.91751378297943
Q2最终模型,次日00:00发布,16.333333333333332,334,202.55576866754987
Q2最终模型,次日00:00发布,16.5,334,192.64577563214192
Q2最终模型,次日00:00发布,16.666666666666668,334,183.41053152293605
Q2最终模型,次日00:00发布,16.833333333333332,334,176.09951954811527
Q2最终模型,次日00:00发布,17.0,334,167.31307449432518
Q2最终模型,次日00:00发布,17.166666666666668,334,156.030781552156
Q2最终模型,次日00:00发布,17.333333333333332,334,141.80065185174945
Q2最终模型,次日00:00发布,17.5,334,124.53967625497118
Q2最终模型,次日00:00发布,17.666666666666668,334,106.50773134738512
Q2最终模型,次日00:00发布,17.833333333333332,334,89.35188487042868
Q2最终模型,次日00:00发布,18.0,334,74.72787078005912
Q2最终模型,次日00:00发布,18.166666666666668,334,59.38609706350166
Q2最终模型,次日00:00发布,18.333333333333332,334,42.56675682828346
Q2最终模型,次日00:00发布,18.5,334,25.60187036159355
Q2最终模型,次日00:00发布,18.666666666666668,334,10.529039084068147
Q2最终模型,次日00:00发布,18.833333333333332,334,0.3082011344046946
Q2最终模型,次日00:00发布,19.0,334,0.341712606139318
Q2最终模型,次日00:00发布,19.166666666666668,334,0.37128708132088134
Q2最终模型,次日00:00发布,19.333333333333332,334,0.0
Q2最终模型,次日00:00发布,19.5,334,0.024524363879688413
Q2最终模型,次日00:00发布,19.666666666666668,334,0.026645211749815694
Q2最终模型,次日00:00发布,19.833333333333332,334,0.0
Q2最终模型,次日00:00发布,20.0,334,0.001749370091440915
Q2最终模型,次日00:00发布,20.166666666666668,334,0.0019021646948906101
Q2最终模型,次日00:00发布,20.333333333333332,334,0.0
Q2最终模型,次日00:00发布,20.5,334,8.631571202524342e-05
Q2最终模型,次日00:00发布,20.666666666666668,334,0.00011753652299775007
Q2最终模型,次日00:00发布,20.833333333333332,334,0.0
Q2最终模型,次日00:00发布,21.0,334,0.0
Q2最终模型,次日00:00发布,21.166666666666668,334,0.0
Q2最终模型,次日00:00发布,21.333333333333332,334,0.0
Q2最终模型,次日00:00发布,21.5,334,0.0
Q2最终模型,次日00:00发布,21.666666666666668,334,0.0
Q2最终模型,次日00:00发布,21.833333333333332,334,0.0
Q2最终模型,次日00:00发布,22.0,334,0.0
Q2最终模型,次日00:00发布,22.166666666666668,334,0.0
Q2最终模型,次日00:00发布,22.333333333333332,334,0.0
Q2最终模型,次日00:00发布,22.5,334,0.0
Q2最终模型,次日00:00发布,22.666666666666668,334,0.0
Q2最终模型,次日00:00发布,22.833333333333332,334,0.0
Q2最终模型,次日00:00发布,23.0,334,0.0
Q2最终模型,次日00:00发布,23.166666666666668,334,0.0
Q2最终模型,次日00:00发布,23.333333333333332,334,0.0
Q2最终模型,次日00:00发布,23.5,334,0.0
Q2最终模型,次日00:00发布,23.666666666666668,334,0.0
Q2最终模型,次日00:00发布,23.833333333333332,334,0.0
Q3附件3预报,00:00发布预报,0.0,365,0.0
Q3附件3预报,00:00发布预报,1.0,365,0.0
Q3附件3预报,00:00发布预报,2.0,365,0.0
Q3附件3预报,00:00发布预报,3.0,365,0.0
Q3附件3预报,00:00发布预报,4.0,365,0.0
Q3附件3预报,00:00发布预报,5.0,365,0.010922465753424662
Q3附件3预报,00:00发布预报,6.0,365,16.650491780821916
Q3附件3预报,00:00发布预报,7.0,365,73.22051671232877
Q3附件3预报,00:00发布预报,8.0,365,187.28797205479452
Q3附件3预报,00:00发布预报,9.0,365,326.76623205479456
Q3附件3预报,00:00发布预报,10.0,365,409.10602027397255
Q3附件3预报,00:00发布预报,11.0,365,519.7638378082191
Q3附件3预报,00:00发布预报,12.0,365,577.7838663013698
Q3附件3预报,00:00发布预报,13.0,365,624.558135068493
Q3附件3预报,00:00发布预报,14.0,365,585.0504589041095
Q3附件3预报,00:00发布预报,15.0,365,498.06219452054796
Q3附件3预报,00:00发布预报,16.0,365,332.0992898630137
Q3附件3预报,00:00发布预报,17.0,365,155.56457479452055
Q3附件3预报,00:00发布预报,18.0,365,45.56059643835617
Q3附件3预报,00:00发布预报,19.0,365,0.03401808219178082
Q3附件3预报,00:00发布预报,20.0,365,0.0
Q3附件3预报,00:00发布预报,21.0,365,0.0
Q3附件3预报,00:00发布预报,22.0,365,0.0
Q3附件3预报,00:00发布预报,23.0,365,0.0
Q3附件3预报,06:00发布预报,0.0,365,0.0
Q3附件3预报,06:00发布预报,1.0,364,0.0
Q3附件3预报,06:00发布预报,2.0,364,0.0
Q3附件3预报,06:00发布预报,3.0,364,0.0
Q3附件3预报,06:00发布预报,4.0,364,0.0
Q3附件3预报,06:00发布预报,5.0,364,0.05289203296703296
Q3附件3预报,06:00发布预报,6.0,364,70.71462280219781
Q3附件3预报,06:00发布预报,7.0,365,12.120055890410951
Q3附件3预报,06:00发布预报,8.0,365,48.80847479452053
Q3附件3预报,06:00发布预报,9.0,365,97.92239808219179
Q3附件3预报,06:00发布预报,10.0,365,174.6145304109589
Q3附件3预报,06:00发布预报,11.0,365,260.1995915068493
Q3附件3预报,06:00发布预报,12.0,365,327.172898630137
Q3附件3预报,06:00发布预报,13.0,365,358.6604194520548
Q3附件3预报,06:00发布预报,14.0,365,359.2699246575342
Q3附件3预报,06:00发布预报,15.0,365,299.8709493150685
Q3附件3预报,06:00发布预报,16.0,365,200.49234082191782
Q3附件3预报,06:00发布预报,17.0,365,99.69004630136986
Q3附件3预报,06:00发布预报,18.0,365,28.598119999999998
Q3附件3预报,06:00发布预报,19.0,365,0.0160041095890411
Q3附件3预报,06:00发布预报,20.0,365,0.0
Q3附件3预报,06:00发布预报,21.0,365,0.0
Q3附件3预报,06:00发布预报,22.0,365,0.0
Q3附件3预报,06:00发布预报,23.0,365,0.0
Q3附件3预报,12:00发布预报,0.0,365,0.0
Q3附件3预报,12:00发布预报,1.0,364,0.0
Q3附件3预报,12:00发布预报,2.0,364,0.0
Q3附件3预报,12:00发布预报,3.0,364,0.0
Q3附件3预报,12:00发布预报,4.0,364,0.0
Q3附件3预报,12:00发布预报,5.0,364,0.026295054945054946
Q3附件3预报,12:00发布预报,6.0,364,42.56691978021978
Q3附件3预报,12:00发布预报,7.0,364,173.35974780219783
Q3附件3预报,12:00发布预报,8.0,364,405.7056008241758
Q3附件3预报,12:00发布预报,9.0,364,651.6264587912087
Q3附件3预报,12:00发布预报,10.0,364,852.1689442307692
Q3附件3预报,12:00发布预报,11.0,364,1094.7193557692308
Q3附件3预报,12:00发布预报,12.0,364,1364.1946884615386
Q3附件3预报,12:00发布预报,13.0,365,62.61886684931509
Q3附件3预报,12:00发布预报,14.0,365,91.20986246575342
Q3附件3预报,12:00发布预报,15.0,365,101.61508438356162
Q3附件3预报,12:00发布预报,16.0,365,88.65092191780822
Q3附件3预报,12:00发布预报,17.0,365,50.14185534246575
Q3附件3预报,12:00发布预报,18.0,365,15.880646575342466
Q3附件3预报,12:00发布预报,19.0,365,0.012945753424657534
Q3附件3预报,12:00发布预报,20.0,365,0.0
Q3附件3预报,12:00发布预报,21.0,365,0.0
Q3附件3预报,12:00发布预报,22.0,365,0.0
Q3附件3预报,12:00发布预报,23.0,365,0.0
Q3附件3预报,18:00发布预报,0.0,365,0.0
Q3附件3预报,18:00发布预报,1.0,364,0.0
Q3附件3预报,18:00发布预报,2.0,364,0.0
Q3附件3预报,18:00发布预报,3.0,364,0.0
Q3附件3预报,18:00发布预报,4.0,364,0.0
Q3附件3预报,18:00发布预报,5.0,364,0.02478653846153846
Q3附件3预报,18:00发布预报,6.0,364,32.09727115384616
Q3附件3预报,18:00发布预报,7.0,364,133.27678708791208
Q3附件3预报,18:00发布预报,8.0,364,299.8235656593406
Q3附件3预报,18:00发布预报,9.0,364,471.5298494505495
Q3附件3预报,18:00发布预报,10.0,364,659.7669167582418
Q3附件3预报,18:00发布预报,11.0,364,774.006790934066
Q3附件3预报,18:00发布预报,12.0,364,810.251157967033
Q3附件3预报,18:00发布预报,13.0,364,885.8748563186812
Q3附件3预报,18:00发布预报,14.0,364,809.6554782967032
Q3附件3预报,18:00发布预报,15.0,364,650.5784598901099
Q3附件3预报,18:00发布预报,16.0,364,427.3546387362638
Q3附件3预报,18:00发布预报,17.0,364,222.19975384615384
Q3附件3预报,18:00发布预报,18.0,364,65.26989423076922
Q3附件3预报,18:00发布预报,19.0,365,0.001967397260273973
Q3附件3预报,18:00发布预报,20.0,365,0.0
Q3附件3预报,18:00发布预报,21.0,365,0.0
Q3附件3预报,18:00发布预报,22.0,365,0.0
Q3附件3预报,18:00发布预报,23.0,365,0.0
