source_date,load_kwh_approx,pv_kwh_approx,price_min,price_max,surplus_slots
2025-01-01 00:00:00,127286.15238333333,35250.98236666666,0.4038,1.5993,0
2025-01-02 00:00:00,127657.07848333333,34771.83921666667,0.3623,1.6098,0
2025-01-03 00:00:00,81883.55671666667,36378.61535,0.2766,1.4264,30
2025-01-04 00:00:00,81891.73006666667,37126.1277,0.3175,1.4459,28
2025-01-05 00:00:00,127674.11883333333,36638.408533333335,0.391,1.5747,0
2025-01-06 00:00:00,126826.69011666666,36194.20901666667,0.371,1.6135,0
2025-01-07 00:00:00,126927.46215,34360.5612,0.3841,1.5672,0
2025-01-08 00:00:00,126695.94395,37169.94263333333,0.3663,1.5968,0
2025-01-09 00:00:00,127066.6182,35975.06208333333,0.307,1.5726,0
2025-01-10 00:00:00,81486.63841666667,35995.9717,0.2836,1.4151,27
2025-01-11 00:00:00,81610.19496666666,36744.30835,0.2503,1.4519,28
2025-01-12 00:00:00,126519.32696666666,35653.438566666664,0.3872,1.6226,0
2025-01-13 00:00:00,126980.35978333333,38706.40281666667,0.3812,1.5303,0
2025-01-14 00:00:00,127109.49061666666,37829.177683333335,0.3771,1.5809,0
2025-01-15 00:00:00,126963.89896666666,36893.556033333334,0.4052,1.5854,0
2025-01-16 00:00:00,126807.76418333333,37733.612733333335,0.3275,1.6041,0
2025-01-17 00:00:00,80876.0762,38186.962733333334,0.2934,1.4338,31
2025-01-18 00:00:00,81208.0575,37965.54848333333,0.2881,1.3945,32
2025-01-19 00:00:00,126210.84621666667,37527.70675,0.3757,1.5934,0
2025-01-20 00:00:00,126565.66615,38498.5896,0.383,1.5695,0
2025-01-21 00:00:00,125750.14588333333,42274.2412,0.3668,1.5603,10
2025-01-22 00:00:00,126679.58855,37780.82418333333,0.3719,1.5811,0
2025-01-23 00:00:00,126355.43115,36789.50555,0.34,1.6401,0
2025-01-24 00:00:00,80339.53570000001,40510.12255,0.2582,1.4135,32
2025-01-25 00:00:00,80632.06428333333,42192.488816666664,0.2605,1.4005,34
2025-01-26 00:00:00,126385.04865,38686.05861666667,0.3577,1.6006,0
2025-01-27 00:00:00,125642.95023333334,41448.03345,0.3871,1.5717,5
2025-01-28 00:00:00,126496.61093333333,39516.211566666665,0.3261,1.6056,0
2025-01-29 00:00:00,125425.44486666667,44040.24381666667,0.3689,1.593,4
2025-01-30 00:00:00,126011.04995,42268.46716666667,0.3538,1.5522,6
2025-01-31 00:00:00,80009.91998333334,41245.596933333334,0.2432,1.4161,33
2025-02-01 00:00:00,76305.20628333333,41927.03035,0.2537,1.1766,35
2025-02-02 00:00:00,121705.97265,43349.6947,0.3697,1.3998,7
2025-02-03 00:00:00,122603.769,42386.8525,0.3709,1.3447,4
2025-02-04 00:00:00,121578.09885,40383.2349,0.381,1.3987,7
2025-02-05 00:00:00,121991.08443333334,41242.65745,0.3423,1.3848,3
2025-02-06 00:00:00,122252.1627,41981.10548333333,0.3228,1.447,1
2025-02-07 00:00:00,76168.59693333333,44362.91726666666,0.2631,1.2102,35
2025-02-08 00:00:00,75746.78751666666,44169.6248,0.2752,1.1675,40
2025-02-09 00:00:00,121547.90356666666,41992.4876,0.3001,1.3378,4
2025-02-10 00:00:00,121477.56451666667,47150.926933333336,0.3637,1.352,15
2025-02-11 00:00:00,121441.28161666667,46220.68448333333,0.36,1.343,17
2025-02-12 00:00:00,121363.85288333334,46097.11675,0.3727,1.3314,13
2025-02-13 00:00:00,121310.28371666667,49980.8047,0.3026,1.3496,19
2025-02-14 00:00:00,75872.63795,46070.83613333333,0.2247,1.1609,42
2025-02-15 00:00:00,76054.55225,46774.46115,0.2846,1.1564,42
2025-02-16 00:00:00,121276.97728333333,45899.598183333335,0.34,1.3733,8
2025-02-17 00:00:00,120960.37281666667,49776.50965,0.3597,1.3221,20
2025-02-18 00:00:00,121331.27123333333,49239.88345,0.3707,1.3605,15
2025-02-19 00:00:00,121866.79411666667,48987.466733333335,0.3736,1.3304,16
2025-02-20 00:00:00,121105.25703333333,50112.1233,0.3079,1.3465,20
2025-02-21 00:00:00,75802.00203333334,50241.74,0.2473,1.1504,43
2025-02-22 00:00:00,75682.24226666667,47837.47938333333,0.2472,1.2217,43
2025-02-23 00:00:00,121142.14093333333,49610.28725,0.3868,1.375,18
2025-02-24 00:00:00,120628.98855,52425.954933333334,0.3649,1.3842,23
2025-02-25 00:00:00,121093.33288333334,55272.00965,0.3725,1.3107,26
2025-02-26 00:00:00,121060.73411666666,52245.88608333333,0.3378,1.3369,22
2025-02-27 00:00:00,120599.48893333333,53642.90473333334,0.3235,1.3501,22
2025-02-28 00:00:00,75385.10795,52092.5144,0.2409,1.1629,45
2025-03-01 00:00:00,72244.16015,48585.39421666667,0.2405,1.1576,44
2025-03-02 00:00:00,117860.41708333333,45502.110016666666,0.3093,1.3111,7
2025-03-03 00:00:00,117958.7456,45941.598966666665,0.3264,1.3164,17
2025-03-04 00:00:00,118139.02498333334,48939.56705,0.3381,1.3441,18
2025-03-05 00:00:00,118073.44383333334,51942.971816666664,0.3644,1.3305,19
2025-03-06 00:00:00,117673.59855,51732.944416666665,0.3327,1.3434,21
2025-03-07 00:00:00,71680.36145,50758.07591666667,0.1545,1.1883,47
2025-03-08 00:00:00,72344.71158333334,53281.57206666667,0.21,1.1729,47
2025-03-09 00:00:00,117692.9865,54359.46145,0.3641,1.3356,22
2025-03-10 00:00:00,117943.06436666667,49900.99291666667,0.3691,1.3308,19
2025-03-11 00:00:00,117499.55295,53560.63415,0.3822,1.3372,25
2025-03-12 00:00:00,118112.23683333333,55676.70215,0.35,1.3485,28
2025-03-13 00:00:00,118237.27705,50691.65903333334,0.3312,1.3317,11
2025-03-14 00:00:00,72108.86895,56079.44296666667,0.1602,1.1955,47
2025-03-15 00:00:00,72724.98178333334,51800.85663333334,0.2699,1.1777,48
2025-03-16 00:00:00,117983.21598333333,54632.16905,0.3598,1.3095,24
2025-03-17 00:00:00,117693.62180000001,59835.490366666665,0.367,1.3189,32
2025-03-18 00:00:00,117253.42358333334,56127.465216666664,0.3707,1.3196,25
2025-03-19 00:00:00,117281.558,57816.08755,0.3401,1.3494,28
2025-03-20 00:00:00,117648.38173333333,55439.419916666666,0.2794,1.3228,25
2025-03-21 00:00:00,72593.53221666666,60560.0677,0.1352,1.1788,51
2025-03-22 00:00:00,71936.92953333333,56055.7298,0.1546,1.1642,49
2025-03-23 00:00:00,117739.97726666667,58970.25715,0.3404,1.3289,28
2025-03-24 00:00:00,117425.17061666667,59426.673533333334,0.3336,1.3583,28
2025-03-25 00:00:00,118053.16781666667,57103.0431,0.3706,1.3143,23
2025-03-26 00:00:00,117704.6278,62112.07293333334,0.3654,1.3062,32
2025-03-27 00:00:00,117952.59836666667,59235.60896666667,0.3125,1.3182,28
2025-03-28 00:00:00,71891.76726666666,61069.8865,0.1269,1.1837,50
2025-03-29 00:00:00,72118.27746666667,64411.068283333334,0.0913,1.1833,50
2025-03-30 00:00:00,117994.70585,62649.08615,0.3471,1.3168,28
2025-03-31 00:00:00,117075.66561666667,60124.27613333333,0.3473,1.3379,29
2025-04-01 00:00:00,117967.14630000001,57758.29478333333,0.3582,1.3193,27
2025-04-02 00:00:00,117986.62945,57551.29405,0.3693,1.3316,27
2025-04-03 00:00:00,117884.4561,62020.925833333335,0.3202,1.3867,30
2025-04-04 00:00:00,71735.75181666667,65304.94956666667,0.0905,1.2001,53
2025-04-05 00:00:00,72602.74256666667,60558.627583333335,0.1482,1.1736,53
2025-04-06 00:00:00,117205.43058333333,62795.354316666664,0.3579,1.3107,32
2025-04-07 00:00:00,117015.14203333334,63772.42275,0.3671,1.3349,32
2025-04-08 00:00:00,117713.29026666666,63360.09665,0.3246,1.3574,30
2025-04-09 00:00:00,117677.52253333334,58543.21151666666,0.3756,1.321,27
2025-04-10 00:00:00,117668.70068333333,63208.062783333335,0.2828,1.3433,27
2025-04-11 00:00:00,72091.99675,66775.34658333333,0.1092,1.1471,54
2025-04-12 00:00:00,71957.17576666667,62932.01521666667,0.214,1.1558,53
2025-04-13 00:00:00,117283.0622,63006.70371666666,0.3493,1.3312,31
2025-04-14 00:00:00,117901.37268333333,65373.34088333334,0.3437,1.3446,32
2025-04-15 00:00:00,117056.90516666666,66917.47633333334,0.3275,1.3283,34
2025-04-16 00:00:00,117924.88506666667,62145.29311666667,0.3669,1.364,28
2025-04-17 00:00:00,117487.04263333333,64618.70028333333,0.3043,1.3148,31
2025-04-18 00:00:00,71490.16935,65136.05216666667,0.1948,1.1711,55
2025-04-19 00:00:00,71905.41535,65120.7361,0.1113,1.1659,54
2025-04-20 00:00:00,117197.81635,65240.07146666667,0.3618,1.3046,33
2025-04-21 00:00:00,118481.63788333333,69964.7275,0.2898,1.3263,36
2025-04-22 00:00:00,117811.00101666666,65658.0717,0.3534,1.3399,30
2025-04-23 00:00:00,118030.51476666666,66630.59805,0.3289,1.3932,34
2025-04-24 00:00:00,117497.77966666667,70407.67296666667,0.3044,1.349,38
2025-04-25 00:00:00,71763.3212,69762.96355,0.1126,1.1686,59
2025-04-26 00:00:00,72100.92436666667,72030.73073333333,0.0076,1.196,55
2025-04-27 00:00:00,117032.52253333334,68459.05135,0.272,1.3177,34
2025-04-28 00:00:00,117537.3008,60915.333483333336,0.3592,1.3403,27
2025-04-29 00:00:00,117252.75871666666,69819.545,0.3089,1.3284,35
2025-04-30 00:00:00,117682.88071666667,69426.02628333334,0.3282,1.3318,38
2025-05-01 00:00:00,120364.58391666667,69353.20511666666,0.2921,1.3606,34
2025-05-02 00:00:00,74761.02673333333,60470.70665,0.2486,1.2187,52
2025-05-03 00:00:00,74894.84928333333,66027.67763333334,0.14,1.2238,53
2025-05-04 00:00:00,120670.08423333333,68935.4169,0.3732,1.3892,37
2025-05-05 00:00:00,120612.16386666667,65536.15706666667,0.3375,1.3756,32
2025-05-06 00:00:00,121017.19009999999,68147.10773333334,0.3324,1.343,31
2025-05-07 00:00:00,121160.21501666667,66092.36906666667,0.347,1.3712,31
2025-05-08 00:00:00,120445.47738333333,64618.96498333333,0.3201,1.4134,29
2025-05-09 00:00:00,74253.82545,65754.4396,0.1705,1.1847,53
2025-05-10 00:00:00,74647.98705,62526.94176666666,0.1241,1.1933,51
2025-05-11 00:00:00,120743.09041666667,65259.011333333336,0.3089,1.3772,26
2025-05-12 00:00:00,120448.60361666666,68517.40838333333,0.3229,1.3827,36
2025-05-13 00:00:00,120269.6316,67140.41883333333,0.2841,1.3607,33
2025-05-14 00:00:00,120592.00526666666,67577.85648333334,0.2722,1.3983,38
2025-05-15 00:00:00,119598.30981666666,66833.25153333333,0.3356,1.3271,33
2025-05-16 00:00:00,74681.34475,71965.83821666667,0.0992,1.2252,57
2025-05-17 00:00:00,75274.53043333333,64825.73135,0.2134,1.2422,56
2025-05-18 00:00:00,120687.037,67010.8689,0.377,1.3468,35
2025-05-19 00:00:00,120072.38798333333,72557.17143333334,0.2653,1.3957,37
2025-05-20 00:00:00,120437.57771666667,65910.1829,0.3146,1.373,33
2025-05-21 00:00:00,120283.05128333333,68920.436,0.311,1.3612,33
2025-05-22 00:00:00,119729.68001666667,68913.0492,0.3239,1.3576,35
2025-05-23 00:00:00,74983.38438333334,68562.4355,0.1593,1.188,56
2025-05-24 00:00:00,74693.81781666666,70939.31643333334,0.1275,1.1755,62
2025-05-25 00:00:00,120319.8776,71774.86741666666,0.3608,1.4094,37
2025-05-26 00:00:00,119407.96936666667,64828.13641666667,0.3289,1.3799,34
2025-05-27 00:00:00,120046.82734999999,70656.46005,0.3312,1.3497,37
2025-05-28 00:00:00,119921.84721666666,67648.02311666666,0.2285,1.3888,34
2025-05-29 00:00:00,120439.31426666667,66329.19076666667,0.3164,1.3731,33
2025-05-30 00:00:00,74612.22448333334,68015.99121666666,0.0389,1.2666,54
2025-05-31 00:00:00,74778.33258333334,66389.15103333333,0.1409,1.2,56
2025-06-01 00:00:00,128248.56003333333,57023.733733333334,0.3697,1.406,6
2025-06-02 00:00:00,128080.53698333334,59439.72953333333,0.3546,1.3869,21
2025-06-03 00:00:00,128076.84056666667,59884.47373333333,0.3586,1.4412,21
2025-06-04 00:00:00,128539.84358333334,58894.58276666667,0.3598,1.4185,17
2025-06-05 00:00:00,128455.92066666667,57306.60265,0.3403,1.4022,22
2025-06-06 00:00:00,82747.415,51892.4196,0.2445,1.2673,45
2025-06-07 00:00:00,83156.75975,52030.24658333333,0.2901,1.2859,46
2025-06-08 00:00:00,128266.94665,63082.02338333333,0.3642,1.4164,28
2025-06-09 00:00:00,128169.18798333334,57236.47525,0.3522,1.4169,20
2025-06-10 00:00:00,127414.49178333333,55796.04755,0.377,1.4372,20
2025-06-11 00:00:00,128236.67731666667,52152.231,0.2889,1.442,11
2025-06-12 00:00:00,127721.81298333334,55269.42155,0.3069,1.4394,15
2025-06-13 00:00:00,81889.5904,53544.2767,0.2565,1.298,45
2025-06-14 00:00:00,82253.15711666667,56059.814366666666,0.2585,1.238,48
2025-06-15 00:00:00,127368.88451666667,56741.91018333333,0.3571,1.4464,9
2025-06-16 00:00:00,127618.63201666667,54924.5792,0.3023,1.3988,13
2025-06-17 00:00:00,127311.7546,52674.743383333334,0.3465,1.4509,6
2025-06-18 00:00:00,126909.07891666667,55980.68801666667,0.3499,1.4109,11
2025-06-19 00:00:00,127349.0669,59089.5627,0.3554,1.4236,22
2025-06-20 00:00:00,81137.07971666666,58736.49886666667,0.2668,1.2402,51
2025-06-21 00:00:00,81408.0648,62073.3244,0.1828,1.2633,51
2025-06-22 00:00:00,126539.46191666667,59082.12081666667,0.3355,1.4122,19
2025-06-23 00:00:00,126690.87308333334,59629.58708333333,0.3539,1.4023,22
2025-06-24 00:00:00,127112.84501666667,50844.05276666667,0.3611,1.4158,3
2025-06-25 00:00:00,126310.40843333333,55872.98706666667,0.3384,1.4004,10
2025-06-26 00:00:00,126697.44536666667,59150.06153333333,0.3376,1.417,17
2025-06-27 00:00:00,79563.255,59791.60913333333,0.1708,1.2437,52
2025-06-28 00:00:00,80661.5728,58884.64668333333,0.1995,1.2402,47
2025-06-29 00:00:00,126384.80871666667,57117.04018333333,0.3508,1.3938,12
2025-06-30 00:00:00,125947.32058333333,56069.6366,0.3316,1.4347,15
2025-07-01 00:00:00,141546.85106666666,62680.30703333333,0.3868,1.7322,21
2025-07-02 00:00:00,141198.65821666666,68293.89185,0.4184,1.727,26
2025-07-03 00:00:00,141565.53863333334,61805.1197,0.3737,1.7936,16
2025-07-04 00:00:00,95795.06575,66914.19828333333,0.1337,1.5677,49
2025-07-05 00:00:00,95872.8349,67082.75493333333,0.168,1.5334,49
2025-07-06 00:00:00,141244.57465,61450.5931,0.4315,1.7731,17
2025-07-07 00:00:00,141495.39415,68085.91138333334,0.3983,1.7052,29
2025-07-08 00:00:00,141285.227,65713.83998333334,0.3935,1.7507,22
2025-07-09 00:00:00,140590.70496666667,66531.97995,0.3976,1.7416,26
2025-07-10 00:00:00,140463.54225,67609.91886666667,0.4072,1.7648,25
2025-07-11 00:00:00,94741.08840000001,62222.31125,0.2855,1.5451,49
2025-07-12 00:00:00,95318.3711,64234.127766666665,0.2556,1.5783,47
2025-07-13 00:00:00,139893.36648333335,70625.64608333334,0.3392,1.7345,29
2025-07-14 00:00:00,141062.42346666666,69254.74425,0.3522,1.7345,27
2025-07-15 00:00:00,139545.16266666667,66796.11208333333,0.3419,1.7416,27
2025-07-16 00:00:00,140365.26538333335,68230.702,0.3718,1.6813,30
2025-07-17 00:00:00,139569.15928333334,66848.74321666667,0.3696,1.7092,26
2025-07-18 00:00:00,93698.0732,62423.8251,0.3031,1.5835,48
2025-07-19 00:00:00,94564.5224,67381.70335,0.1583,1.5795,52
2025-07-20 00:00:00,138750.53876666666,66660.56055,0.3497,1.7018,28
2025-07-21 00:00:00,138442.8198,64453.07045,0.3888,1.7317,27
2025-07-22 00:00:00,139514.85881666667,65719.7142,0.3953,1.7059,20
2025-07-23 00:00:00,139450.03365,65233.48653333334,0.4298,1.7196,27
2025-07-24 00:00:00,138902.21751666666,65285.74551666667,0.4014,1.7129,21
2025-07-25 00:00:00,92354.83968333334,65849.52011666667,0.192,1.5162,51
2025-07-26 00:00:00,93187.68993333333,64718.598366666665,0.2778,1.5779,52
2025-07-27 00:00:00,138110.19628333332,64425.00648333333,0.3756,1.6917,26
2025-07-28 00:00:00,138228.99843333333,60274.1212,0.3783,1.7444,18
2025-07-29 00:00:00,138314.74511666666,62245.49916666667,0.4164,1.7497,15
2025-07-30 00:00:00,138424.36443333334,64321.11038333333,0.3727,1.6898,27
2025-07-31 00:00:00,137423.31371666666,62728.31745,0.381,1.7439,22
2025-08-01 00:00:00,92719.4241,71468.06443333333,0.1568,1.5892,52
2025-08-02 00:00:00,91562.24421666667,70635.21928333334,0.1219,1.5378,50
2025-08-03 00:00:00,138062.48615,75223.00616666666,0.3408,1.692,37
2025-08-04 00:00:00,138312.10695,72896.45186666667,0.374,1.6947,34
2025-08-05 00:00:00,136458.49728333333,71306.18755,0.3346,1.7018,33
2025-08-06 00:00:00,136716.0878,68601.68853333333,0.3616,1.7116,32
2025-08-07 00:00:00,136850.75446666667,73462.76921666667,0.3292,1.7422,35
2025-08-08 00:00:00,90703.21611666666,74928.04486666666,0.0665,1.5268,52
2025-08-09 00:00:00,90303.83175,71381.90275,0.1714,1.5586,52
2025-08-10 00:00:00,136535.44471666668,71230.82566666667,0.3761,1.7523,35
2025-08-11 00:00:00,136422.26351666666,71861.01018333333,0.3636,1.7686,31
2025-08-12 00:00:00,136637.5967,68877.05305,0.3472,1.7091,29
2025-08-13 00:00:00,136547.99718333333,70427.01773333333,0.3789,1.7327,32
2025-08-14 00:00:00,135936.05536666667,70009.76438333333,0.3843,1.7384,34
2025-08-15 00:00:00,89968.05776666666,72808.33088333333,0.1119,1.6114,52
2025-08-16 00:00:00,90183.53035,73254.24998333333,0.0685,1.5409,52
2025-08-17 00:00:00,135369.1165,72203.72288333334,0.3386,1.7136,35
2025-08-18 00:00:00,135710.17471666666,71316.0591,0.3325,1.7616,32
2025-08-19 00:00:00,135364.48288333334,71046.82283333334,0.4324,1.7202,33
2025-08-20 00:00:00,135048.05366666667,64397.3626,0.4085,1.7251,28
2025-08-21 00:00:00,134971.7989,69127.38041666667,0.4163,1.7157,29
2025-08-22 00:00:00,90531.7304,69301.161,0.1444,1.5612,51
2025-08-23 00:00:00,89697.14623333333,67167.14008333333,0.1405,1.5209,51
2025-08-24 00:00:00,135068.0714,71334.48191666667,0.3394,1.7075,30
2025-08-25 00:00:00,134511.61375,63738.52673333333,0.3974,1.7083,28
2025-08-26 00:00:00,134368.96393333335,68840.14555,0.3224,1.6987,31
2025-08-27 00:00:00,133788.3821,65874.23323333333,0.3375,1.7058,28
2025-08-28 00:00:00,134543.81656666668,63776.021583333335,0.3748,1.7227,19
2025-08-29 00:00:00,88328.33255,65773.1122,0.1616,1.5608,48
2025-08-30 00:00:00,89025.08758333333,70512.36775,0.115,1.5978,51
2025-08-31 00:00:00,133365.35983333332,66718.73675,0.4046,1.7034,33
2025-09-01 00:00:00,121263.61926666666,67689.48473333333,0.3616,1.367,37
2025-09-02 00:00:00,121532.82415,67475.0683,0.3185,1.3791,33
2025-09-03 00:00:00,121433.71643333333,65885.99918333333,0.3744,1.3826,34
2025-09-04 00:00:00,121061.17303333334,67135.60748333334,0.3556,1.3949,34
2025-09-05 00:00:00,75132.98045,68308.71878333333,0.1454,1.2232,54
2025-09-06 00:00:00,75826.37416666666,68105.29046666667,0.07,1.2147,52
2025-09-07 00:00:00,120781.00903333334,65820.02541666667,0.3572,1.3878,35
2025-09-08 00:00:00,121400.59243333334,62005.022899999996,0.3635,1.358,29
2025-09-09 00:00:00,121082.23558333333,67979.40131666667,0.2568,1.377,34
2025-09-10 00:00:00,121274.78848333334,59958.789833333336,0.3604,1.3717,25
2025-09-11 00:00:00,120746.77835000001,67250.69256666666,0.301,1.368,33
2025-09-12 00:00:00,75687.22711666666,64135.570916666664,0.112,1.219,51
2025-09-13 00:00:00,75063.58311666666,67056.48163333333,0.0376,1.2673,50
2025-09-14 00:00:00,121237.69566666667,61138.37091666667,0.3774,1.3811,32
2025-09-15 00:00:00,120760.02988333334,65692.99925,0.3138,1.3666,31
2025-09-16 00:00:00,121843.35746666667,62351.58748333334,0.3741,1.3713,31
2025-09-17 00:00:00,120924.795,60964.6766,0.3228,1.3545,29
2025-09-18 00:00:00,120804.11636666667,61848.06525,0.355,1.4221,30
2025-09-19 00:00:00,75287.12646666667,59185.77415,0.2021,1.2857,48
2025-09-20 00:00:00,75330.72763333333,59685.2939,0.0958,1.2367,47
2025-09-21 00:00:00,120862.28298333334,62574.7955,0.36,1.3742,35
2025-09-22 00:00:00,121218.04173333333,60604.02185,0.381,1.3934,31
2025-09-23 00:00:00,121182.28133333333,59065.66575,0.3271,1.3866,26
2025-09-24 00:00:00,121014.19341666666,59950.968316666665,0.3701,1.3677,31
2025-09-25 00:00:00,120546.34715,60210.89825,0.3266,1.3825,32
2025-09-26 00:00:00,74194.35371666666,56500.11021666667,0.1786,1.1987,50
2025-09-27 00:00:00,75945.77175,58144.4695,0.208,1.2231,48
2025-09-28 00:00:00,120389.61958333333,56901.99041666667,0.3864,1.3665,26
2025-09-29 00:00:00,121111.4148,58351.5232,0.3708,1.3651,27
2025-09-30 00:00:00,120916.45506666666,55494.2803,0.3589,1.3781,24
2025-10-01 00:00:00,117218.45471666666,67556.93318333333,0.2329,1.3138,33
2025-10-02 00:00:00,117231.70978333334,65500.926666666666,0.3234,1.3383,33
2025-10-03 00:00:00,71524.19113333333,63707.03743333333,0.0924,1.1747,51
2025-10-04 00:00:00,72397.41483333333,59301.4324,0.132,1.1845,50
2025-10-05 00:00:00,117604.4209,62868.459833333334,0.3247,1.303,33
2025-10-06 00:00:00,117896.13613333333,60163.02688333333,0.3294,1.3468,31
2025-10-07 00:00:00,117357.17863333333,59585.615633333335,0.341,1.3141,30
2025-10-08 00:00:00,117391.06235,60912.56668333333,0.37,1.3239,33
2025-10-09 00:00:00,117432.98973333334,61673.008050000004,0.3337,1.3793,32
2025-10-10 00:00:00,72371.53011666666,63027.9192,0.039,1.1569,49
2025-10-11 00:00:00,71790.96475,57684.65116666666,0.155,1.184,48
2025-10-12 00:00:00,117709.38418333333,59194.4282,0.3076,1.3451,31
2025-10-13 00:00:00,117677.75383333334,60650.35853333333,0.3599,1.3254,30
2025-10-14 00:00:00,118032.22918333333,57258.3999,0.3194,1.3729,30
2025-10-15 00:00:00,117342.48076666667,55422.457116666665,0.3279,1.3505,27
2025-10-16 00:00:00,117733.27633333333,54766.80338333333,0.3224,1.3193,26
2025-10-17 00:00:00,71943.17253333333,55938.973216666665,0.1661,1.1647,48
2025-10-18 00:00:00,71656.70145,55580.10818333334,0.1762,1.1522,46
2025-10-19 00:00:00,117991.24738333334,54105.52485,0.3396,1.3441,26
2025-10-20 00:00:00,117903.31865,53462.536283333335,0.3284,1.3294,25
2025-10-21 00:00:00,117800.84898333333,51338.26763333333,0.3559,1.3281,22
2025-10-22 00:00:00,117671.98653333333,52117.08983333333,0.3376,1.3348,25
2025-10-23 00:00:00,117212.01551666667,53832.51848333333,0.3637,1.3254,27
2025-10-24 00:00:00,72135.51853333334,53715.46781666666,0.1355,1.1463,44
2025-10-25 00:00:00,72042.787,52644.35426666667,0.1778,1.172,46
2025-10-26 00:00:00,117422.34435,52878.032333333336,0.3661,1.3094,24
2025-10-27 00:00:00,117790.56431666667,54237.98265,0.3474,1.3209,25
2025-10-28 00:00:00,117514.1448,51541.7231,0.3814,1.363,25
2025-10-29 00:00:00,117721.61451666667,48409.357716666666,0.3617,1.3399,19
2025-10-30 00:00:00,116916.07056666666,52128.252916666665,0.3217,1.3188,26
2025-10-31 00:00:00,71748.98903333333,47844.69696666667,0.2016,1.1689,42
2025-11-01 00:00:00,71974.20948333334,49430.17105,0.2088,1.193,43
2025-11-02 00:00:00,117843.23631666666,49046.85238333333,0.3823,1.3248,19
2025-11-03 00:00:00,117808.91503333334,48303.98475,0.3421,1.3314,21
2025-11-04 00:00:00,117396.61073333333,49816.5387,0.3595,1.335,21
2025-11-05 00:00:00,117764.40761666666,48086.38755,0.3759,1.328,23
2025-11-06 00:00:00,117713.09413333333,46343.50958333333,0.3771,1.3718,18
2025-11-07 00:00:00,72212.37866666667,48893.91688333333,0.2158,1.1963,41
2025-11-08 00:00:00,72034.86681666666,48243.65971666667,0.242,1.2197,44
2025-11-09 00:00:00,117877.67016666666,46530.85298333333,0.3516,1.3403,21
2025-11-10 00:00:00,118420.10276666666,44561.65966666667,0.2992,1.3367,16
2025-11-11 00:00:00,117957.86745,46398.84778333333,0.3475,1.3296,22
2025-11-12 00:00:00,117416.71383333333,46460.726083333335,0.3489,1.3537,17
2025-11-13 00:00:00,117780.10726666667,45384.23595,0.3456,1.3222,18
2025-11-14 00:00:00,71737.8931,44139.4378,0.2419,1.1899,42
2025-11-15 00:00:00,72466.97681666666,44255.0899,0.2532,1.1995,39
2025-11-16 00:00:00,118360.27023333333,43925.72585,0.3594,1.3416,13
2025-11-17 00:00:00,117269.71065,44573.95631666667,0.3623,1.3437,16
2025-11-18 00:00:00,117783.6865,42893.134666666665,0.3257,1.3419,11
2025-11-19 00:00:00,118179.70135,42811.38975,0.3761,1.3453,14
2025-11-20 00:00:00,117846.45723333333,43053.3812,0.3421,1.4244,14
2025-11-21 00:00:00,71999.1771,43134.793033333335,0.2524,1.1626,40
2025-11-22 00:00:00,72549.91013333334,42330.080649999996,0.2376,1.1753,37
2025-11-23 00:00:00,117782.6922,42550.595916666665,0.3495,1.346,13
2025-11-24 00:00:00,117975.68781666667,43813.74411666667,0.3605,1.3475,17
2025-11-25 00:00:00,117682.39221666666,41513.73175,0.3452,1.3383,10
2025-11-26 00:00:00,117686.43673333334,40928.76985,0.2983,1.3677,10
2025-11-27 00:00:00,117198.14165,41417.248916666664,0.3187,1.3841,11
2025-11-28 00:00:00,72239.02128333334,41317.78273333333,0.2408,1.184,36
2025-11-29 00:00:00,72156.19988333333,37226.74978333333,0.2736,1.1734,35
2025-11-30 00:00:00,118008.83443333334,37764.006316666666,0.3651,1.3886,1
2025-12-01 00:00:00,125291.39163333333,38992.4639,0.361,1.5873,3
2025-12-02 00:00:00,125400.6236,36762.81365,0.378,1.584,0
2025-12-03 00:00:00,124622.93113333333,37460.18256666667,0.3713,1.584,0
2025-12-04 00:00:00,125336.25095,38565.0422,0.3853,1.5836,1
2025-12-05 00:00:00,78868.07108333333,37556.4434,0.2354,1.4106,30
2025-12-06 00:00:00,79470.82115,35806.19033333333,0.3005,1.4053,30
2025-12-07 00:00:00,125067.46291666667,37414.78166666667,0.3908,1.6174,1
2025-12-08 00:00:00,124410.35393333333,36563.14281666667,0.3445,1.6698,0
2025-12-09 00:00:00,124694.68108333333,37306.22681666667,0.3418,1.5404,1
2025-12-10 00:00:00,124378.76451666666,35991.14605,0.3834,1.6143,0
2025-12-11 00:00:00,123787.79896666667,37826.544266666664,0.33,1.5835,0
2025-12-12 00:00:00,78661.70368333333,34947.2902,0.2681,1.456,30
2025-12-13 00:00:00,78840.15755,35041.62416666667,0.3133,1.4166,27
2025-12-14 00:00:00,124522.58585,35743.864050000004,0.3769,1.5687,0
2025-12-15 00:00:00,124305.22548333333,34835.66751666667,0.3509,1.5558,0
2025-12-16 00:00:00,124646.94338333333,35228.85205,0.3715,1.5512,0
2025-12-17 00:00:00,124466.55465,36274.70758333334,0.3507,1.5634,0
2025-12-18 00:00:00,124315.35926666667,36949.092300000004,0.3508,1.5699,5
2025-12-19 00:00:00,78593.32543333333,35684.934133333336,0.2621,1.394,30
2025-12-20 00:00:00,78668.52011666667,35812.16786666667,0.2632,1.3841,28
2025-12-21 00:00:00,124376.44096666666,35338.6591,0.3905,1.5659,0
2025-12-22 00:00:00,124718.45381666666,35781.02673333333,0.3709,1.5876,0
2025-12-23 00:00:00,123956.65456666666,36698.562033333335,0.3848,1.5836,0
2025-12-24 00:00:00,123954.37128333333,36099.81196666667,0.3591,1.547,0
2025-12-25 00:00:00,123789.8579,35977.40936666667,0.2502,1.6252,0
2025-12-26 00:00:00,78270.30765,35262.685216666665,0.278,1.4434,29
2025-12-27 00:00:00,78409.18393333333,35070.374866666665,0.2681,1.4076,29
2025-12-28 00:00:00,123511.26975,36702.015,0.3477,1.5651,0
2025-12-29 00:00:00,123677.30638333333,36153.54011666667,0.3684,1.5396,0
2025-12-30 00:00:00,123526.50905,37302.10645,0.3684,1.5554,2
2025-12-31 00:00:00,123791.70508333333,35145.28215,0.3518,1.5632,0
