template_file,sheet,slot_by_position,template_cell,original_interval_label,provisional_physical_interval,status
result1.xlsx,计划购电量,1,B2,0:10-0:20,00:00-00:10,UNRESOLVED_DO_NOT_EXPORT_BY_POSITION
result1.xlsx,计划购电量,2,B3,0:20-0:30,00:10-00:20,UNRESOLVED_DO_NOT_EXPORT_BY_POSITION
result1.xlsx,计划购电量,3,B4,0:30-0:40,00:20-00:30,UNRESOLVED_DO_NOT_EXPORT_BY_POSITION
result1.xlsx,计划购电量,4,B5,0:40-0:50,00:30-00:40,UNRESOLVED_DO_NOT_EXPORT_BY_POSITION
result1.xlsx,计划购电量,5,B6,0:50-1:00,00:40-00:50,UNRESOLVED_DO_NOT_EXPORT_BY_POSITION
result1.xlsx,计划购电量,6,B7,1:00-1:10,00:50-01:00,UNRESOLVED_DO_NOT_EXPORT_BY_POSITION
result1.xlsx,计划购电量,7,B8,1:10-1:20,01:00-01:10,UNRESOLVED_DO_NOT_EXPORT_BY_POSITION
result1.xlsx,计划购电量,8,B9,1:20-1:30,01:10-01:20,UNRESOLVED_DO_NOT_EXPORT_BY_POSITION
result1.xlsx,计划购电量,9,B10,1:30-1:40,01:20-01:30,UNRESOLVED_DO_NOT_EXPORT_BY_POSITION
result1.xlsx,计划购电量,10,B11,1:40-1:50,01:30-01:40,UNRESOLVED_DO_NOT_EXPORT_BY_POSITION
result1.xlsx,计划购电量,11,B12,1:50-2:00,01:40-01:50,UNRESOLVED_DO_NOT_EXPORT_BY_POSITION
result1.xlsx,计划购电量,12,B13,2:00-2:10,01:50-02:00,UNRESOLVED_DO_NOT_EXPORT_BY_POSITION
result1.xlsx,计划购电量,13,B14,2:10-2:20,02:00-02:10,UNRESOLVED_DO_NOT_EXPORT_BY_POSITION
result1.xlsx,计划购电量,14,B15,2:20-2:30,02:10-02:20,UNRESOLVED_DO_NOT_EXPORT_BY_POSITION
result1.xlsx,计划购电量,15,B16,2:30-2:40,02:20-02:30,UNRESOLVED_DO_NOT_EXPORT_BY_POSITION
result1.xlsx,计划购电量,16,B17,2:40-2:50,02:30-02:40,UNRESOLVED_DO_NOT_EXPORT_BY_POSITION
result1.xlsx,计划购电量,17,B18,2:50-3:00,02:40-02:50,UNRESOLVED_DO_NOT_EXPORT_BY_POSITION
result1.xlsx,计划购电量,18,B19,3:00-3:10,02:50-03:00,UNRESOLVED_DO_NOT_EXPORT_BY_POSITION
result1.xlsx,计划购电量,19,B20,3:10-3:20,03:00-03:10,UNRESOLVED_DO_NOT_EXPORT_BY_POSITION
result1.xlsx,计划购电量,20,B21,3:20-3:30,03:10-03:20,UNRESOLVED_DO_NOT_EXPORT_BY_POSITION
result1.xlsx,计划购电量,21,B22,3:30-3:40,03:20-03:30,UNRESOLVED_DO_NOT_EXPORT_BY_POSITION
result1.xlsx,计划购电量,22,B23,3:40-3:50,03:30-03:40,UNRESOLVED_DO_NOT_EXPORT_BY_POSITION
result1.xlsx,计划购电量,23,B24,3:50-4:00,03:40-03:50,UNRESOLVED_DO_NOT_EXPORT_BY_POSITION
result1.xlsx,计划购电量,24,B25,4:00-4:10,03:50-04:00,UNRESOLVED_DO_NOT_EXPORT_BY_POSITION
result1.xlsx,计划购电量,25,B26,4:10-4:20,04:00-04:10,UNRESOLVED_DO_NOT_EXPORT_BY_POSITION
result1.xlsx,计划购电量,26,B27,4:20-4:30,04:10-04:20,UNRESOLVED_DO_NOT_EXPORT_BY_POSITION
result1.xlsx,计划购电量,27,B28,4:30-4:40,04:20-04:30,UNRESOLVED_DO_NOT_EXPORT_BY_POSITION
result1.xlsx,计划购电量,28,B29,4:40-4:50,04:30-04:40,UNRESOLVED_DO_NOT_EXPORT_BY_POSITION
result1.xlsx,计划购电量,29,B30,4:50-5:00,04:40-04:50,UNRESOLVED_DO_NOT_EXPORT_BY_POSITION
result1.xlsx,计划购电量,30,B31,5:00-5:10,04:50-05:00,UNRESOLVED_DO_NOT_EXPORT_BY_POSITION
result1.xlsx,计划购电量,31,B32,5:10-5:20,05:00-05:10,UNRESOLVED_DO_NOT_EXPORT_BY_POSITION
result1.xlsx,计划购电量,32,B33,5:20-5:30,05:10-05:20,UNRESOLVED_DO_NOT_EXPORT_BY_POSITION
result1.xlsx,计划购电量,33,B34,5:30-5:40,05:20-05:30,UNRESOLVED_DO_NOT_EXPORT_BY_POSITION
result1.xlsx,计划购电量,34,B35,5:40-5:50,05:30-05:40,UNRESOLVED_DO_NOT_EXPORT_BY_POSITION
result1.xlsx,计划购电量,35,B36,5:50-6:00,05:40-05:50,UNRESOLVED_DO_NOT_EXPORT_BY_POSITION
result1.xlsx,计划购电量,36,B37,6:00-6:10,05:50-06:00,UNRESOLVED_DO_NOT_EXPORT_BY_POSITION
result1.xlsx,计划购电量,37,B38,6:10-6:20,06:00-06:10,UNRESOLVED_DO_NOT_EXPORT_BY_POSITION
result1.xlsx,计划购电量,38,B39,6:20-6:30,06:10-06:20,UNRESOLVED_DO_NOT_EXPORT_BY_POSITION
result1.xlsx,计划购电量,39,B40,6:30-6:40,06:20-06:30,UNRESOLVED_DO_NOT_EXPORT_BY_POSITION
result1.xlsx,计划购电量,40,B41,6:40-6:50,06:30-06:40,UNRESOLVED_DO_NOT_EXPORT_BY_POSITION
result1.xlsx,计划购电量,41,B42,6:50-7:00,06:40-06:50,UNRESOLVED_DO_NOT_EXPORT_BY_POSITION
result1.xlsx,计划购电量,42,B43,7:00-7:10,06:50-07:00,UNRESOLVED_DO_NOT_EXPORT_BY_POSITION
result1.xlsx,计划购电量,43,B44,7:10-7:20,07:00-07:10,UNRESOLVED_DO_NOT_EXPORT_BY_POSITION
result1.xlsx,计划购电量,44,B45,7:20-7:30,07:10-07:20,UNRESOLVED_DO_NOT_EXPORT_BY_POSITION
result1.xlsx,计划购电量,45,B46,7:30-7:40,07:20-07:30,UNRESOLVED_DO_NOT_EXPORT_BY_POSITION
result1.xlsx,计划购电量,46,B47,7:40-7:50,07:30-07:40,UNRESOLVED_DO_NOT_EXPORT_BY_POSITION
result1.xlsx,计划购电量,47,B48,7:50-8:00,07:40-07:50,UNRESOLVED_DO_NOT_EXPORT_BY_POSITION
result1.xlsx,计划购电量,48,B49,8:00-8:10,07:50-08:00,UNRESOLVED_DO_NOT_EXPORT_BY_POSITION
result1.xlsx,计划购电量,49,B50,8:10-8:20,08:00-08:10,UNRESOLVED_DO_NOT_EXPORT_BY_POSITION
result1.xlsx,计划购电量,50,B51,8:20-8:30,08:10-08:20,UNRESOLVED_DO_NOT_EXPORT_BY_POSITION
result1.xlsx,计划购电量,51,B52,8:30-8:40,08:20-08:30,UNRESOLVED_DO_NOT_EXPORT_BY_POSITION
result1.xlsx,计划购电量,52,B53,8:40-8:50,08:30-08:40,UNRESOLVED_DO_NOT_EXPORT_BY_POSITION
result1.xlsx,计划购电量,53,B54,8:50-9:00,08:40-08:50,UNRESOLVED_DO_NOT_EXPORT_BY_POSITION
result1.xlsx,计划购电量,54,B55,9:00-9:10,08:50-09:00,UNRESOLVED_DO_NOT_EXPORT_BY_POSITION
result1.xlsx,计划购电量,55,B56,9:10-9:20,09:00-09:10,UNRESOLVED_DO_NOT_EXPORT_BY_POSITION
result1.xlsx,计划购电量,56,B57,9:20-9:30,09:10-09:20,UNRESOLVED_DO_NOT_EXPORT_BY_POSITION
result1.xlsx,计划购电量,57,B58,9:30-9:40,09:20-09:30,UNRESOLVED_DO_NOT_EXPORT_BY_POSITION
result1.xlsx,计划购电量,58,B59,9:40-9:50,09:30-09:40,UNRESOLVED_DO_NOT_EXPORT_BY_POSITION
result1.xlsx,计划购电量,59,B60,9:50-10:00,09:40-09:50,UNRESOLVED_DO_NOT_EXPORT_BY_POSITION
result1.xlsx,计划购电量,60,B61,10:00-10:10,09:50-10:00,UNRESOLVED_DO_NOT_EXPORT_BY_POSITION
result1.xlsx,计划购电量,61,B62,10:10-10:20,10:00-10:10,UNRESOLVED_DO_NOT_EXPORT_BY_POSITION
result1.xlsx,计划购电量,62,B63,10:20-10:30,10:10-10:20,UNRESOLVED_DO_NOT_EXPORT_BY_POSITION
result1.xlsx,计划购电量,63,B64,10:30-10:40,10:20-10:30,UNRESOLVED_DO_NOT_EXPORT_BY_POSITION
result1.xlsx,计划购电量,64,B65,10:40-10:50,10:30-10:40,UNRESOLVED_DO_NOT_EXPORT_BY_POSITION
result1.xlsx,计划购电量,65,B66,10:50-11:00,10:40-10:50,UNRESOLVED_DO_NOT_EXPORT_BY_POSITION
result1.xlsx,计划购电量,66,B67,11:00-11:10,10:50-11:00,UNRESOLVED_DO_NOT_EXPORT_BY_POSITION
result1.xlsx,计划购电量,67,B68,11:10-11:20,11:00-11:10,UNRESOLVED_DO_NOT_EXPORT_BY_POSITION
result1.xlsx,计划购电量,68,B69,11:20-11:30,11:10-11:20,UNRESOLVED_DO_NOT_EXPORT_BY_POSITION
result1.xlsx,计划购电量,69,B70,11:30-11:40,11:20-11:30,UNRESOLVED_DO_NOT_EXPORT_BY_POSITION
result1.xlsx,计划购电量,70,B71,11:40-11:50,11:30-11:40,UNRESOLVED_DO_NOT_EXPORT_BY_POSITION
result1.xlsx,计划购电量,71,B72,11:50-12:00,11:40-11:50,UNRESOLVED_DO_NOT_EXPORT_BY_POSITION
result1.xlsx,计划购电量,72,B73,12:00-12:10,11:50-12:00,UNRESOLVED_DO_NOT_EXPORT_BY_POSITION
result1.xlsx,计划购电量,73,B74,12:10-12:20,12:00-12:10,UNRESOLVED_DO_NOT_EXPORT_BY_POSITION
result1.xlsx,计划购电量,74,B75,12:20-12:30,12:10-12:20,UNRESOLVED_DO_NOT_EXPORT_BY_POSITION
result1.xlsx,计划购电量,75,B76,12:30-12:40,12:20-12:30,UNRESOLVED_DO_NOT_EXPORT_BY_POSITION
result1.xlsx,计划购电量,76,B77,12:40-12:50,12:30-12:40,UNRESOLVED_DO_NOT_EXPORT_BY_POSITION
result1.xlsx,计划购电量,77,B78,12:50-13:00,12:40-12:50,UNRESOLVED_DO_NOT_EXPORT_BY_POSITION
result1.xlsx,计划购电量,78,B79,13:00-13:10,12:50-13:00,UNRESOLVED_DO_NOT_EXPORT_BY_POSITION
result1.xlsx,计划购电量,79,B80,13:10-13:20,13:00-13:10,UNRESOLVED_DO_NOT_EXPORT_BY_POSITION
result1.xlsx,计划购电量,80,B81,13:20-13:30,13:10-13:20,UNRESOLVED_DO_NOT_EXPORT_BY_POSITION
result1.xlsx,计划购电量,81,B82,13:30-13:40,13:20-13:30,UNRESOLVED_DO_NOT_EXPORT_BY_POSITION
result1.xlsx,计划购电量,82,B83,13:40-13:50,13:30-13:40,UNRESOLVED_DO_NOT_EXPORT_BY_POSITION
result1.xlsx,计划购电量,83,B84,13:50-14:00,13:40-13:50,UNRESOLVED_DO_NOT_EXPORT_BY_POSITION
result1.xlsx,计划购电量,84,B85,14:00-14:10,13:50-14:00,UNRESOLVED_DO_NOT_EXPORT_BY_POSITION
result1.xlsx,计划购电量,85,B86,14:10-14:20,14:00-14:10,UNRESOLVED_DO_NOT_EXPORT_BY_POSITION
result1.xlsx,计划购电量,86,B87,14:20-14:30,14:10-14:20,UNRESOLVED_DO_NOT_EXPORT_BY_POSITION
result1.xlsx,计划购电量,87,B88,14:30-14:40,14:20-14:30,UNRESOLVED_DO_NOT_EXPORT_BY_POSITION
result1.xlsx,计划购电量,88,B89,14:40-14:50,14:30-14:40,UNRESOLVED_DO_NOT_EXPORT_BY_POSITION
result1.xlsx,计划购电量,89,B90,14:50-15:00,14:40-14:50,UNRESOLVED_DO_NOT_EXPORT_BY_POSITION
result1.xlsx,计划购电量,90,B91,15:00-15:10,14:50-15:00,UNRESOLVED_DO_NOT_EXPORT_BY_POSITION
result1.xlsx,计划购电量,91,B92,15:10-15:20,15:00-15:10,UNRESOLVED_DO_NOT_EXPORT_BY_POSITION
result1.xlsx,计划购电量,92,B93,15:20-15:30,15:10-15:20,UNRESOLVED_DO_NOT_EXPORT_BY_POSITION
result1.xlsx,计划购电量,93,B94,15:30-15:40,15:20-15:30,UNRESOLVED_DO_NOT_EXPORT_BY_POSITION
result1.xlsx,计划购电量,94,B95,15:40-15:50,15:30-15:40,UNRESOLVED_DO_NOT_EXPORT_BY_POSITION
result1.xlsx,计划购电量,95,B96,15:50-16:00,15:40-15:50,UNRESOLVED_DO_NOT_EXPORT_BY_POSITION
result1.xlsx,计划购电量,96,B97,16:00-16:10,15:50-16:00,UNRESOLVED_DO_NOT_EXPORT_BY_POSITION
result1.xlsx,计划购电量,97,B98,16:10-16:20,16:00-16:10,UNRESOLVED_DO_NOT_EXPORT_BY_POSITION
result1.xlsx,计划购电量,98,B99,16:20-16:30,16:10-16:20,UNRESOLVED_DO_NOT_EXPORT_BY_POSITION
result1.xlsx,计划购电量,99,B100,16:30-16:40,16:20-16:30,UNRESOLVED_DO_NOT_EXPORT_BY_POSITION
result1.xlsx,计划购电量,100,B101,16:40-16:50,16:30-16:40,UNRESOLVED_DO_NOT_EXPORT_BY_POSITION
result1.xlsx,计划购电量,101,B102,16:50-17:00,16:40-16:50,UNRESOLVED_DO_NOT_EXPORT_BY_POSITION
result1.xlsx,计划购电量,102,B103,17:00-17:10,16:50-17:00,UNRESOLVED_DO_NOT_EXPORT_BY_POSITION
result1.xlsx,计划购电量,103,B104,17:10-17:20,17:00-17:10,UNRESOLVED_DO_NOT_EXPORT_BY_POSITION
result1.xlsx,计划购电量,104,B105,17:20-17:30,17:10-17:20,UNRESOLVED_DO_NOT_EXPORT_BY_POSITION
result1.xlsx,计划购电量,105,B106,17:30-17:40,17:20-17:30,UNRESOLVED_DO_NOT_EXPORT_BY_POSITION
result1.xlsx,计划购电量,106,B107,17:40-17:50,17:30-17:40,UNRESOLVED_DO_NOT_EXPORT_BY_POSITION
result1.xlsx,计划购电量,107,B108,17:50-18:00,17:40-17:50,UNRESOLVED_DO_NOT_EXPORT_BY_POSITION
result1.xlsx,计划购电量,108,B109,18:00-18:10,17:50-18:00,UNRESOLVED_DO_NOT_EXPORT_BY_POSITION
result1.xlsx,计划购电量,109,B110,18:10-18:20,18:00-18:10,UNRESOLVED_DO_NOT_EXPORT_BY_POSITION
result1.xlsx,计划购电量,110,B111,18:20-18:30,18:10-18:20,UNRESOLVED_DO_NOT_EXPORT_BY_POSITION
result1.xlsx,计划购电量,111,B112,18:30-18:40,18:20-18:30,UNRESOLVED_DO_NOT_EXPORT_BY_POSITION
result1.xlsx,计划购电量,112,B113,18:40-18:50,18:30-18:40,UNRESOLVED_DO_NOT_EXPORT_BY_POSITION
result1.xlsx,计划购电量,113,B114,18:50-19:00,18:40-18:50,UNRESOLVED_DO_NOT_EXPORT_BY_POSITION
result1.xlsx,计划购电量,114,B115,19:00-19:10,18:50-19:00,UNRESOLVED_DO_NOT_EXPORT_BY_POSITION
result1.xlsx,计划购电量,115,B116,19:10-19:20,19:00-19:10,UNRESOLVED_DO_NOT_EXPORT_BY_POSITION
result1.xlsx,计划购电量,116,B117,19:20-19:30,19:10-19:20,UNRESOLVED_DO_NOT_EXPORT_BY_POSITION
result1.xlsx,计划购电量,117,B118,19:30-19:40,19:20-19:30,UNRESOLVED_DO_NOT_EXPORT_BY_POSITION
result1.xlsx,计划购电量,118,B119,19:40-19:50,19:30-19:40,UNRESOLVED_DO_NOT_EXPORT_BY_POSITION
result1.xlsx,计划购电量,119,B120,19:50-20:00,19:40-19:50,UNRESOLVED_DO_NOT_EXPORT_BY_POSITION
result1.xlsx,计划购电量,120,B121,20:00-20:10,19:50-20:00,UNRESOLVED_DO_NOT_EXPORT_BY_POSITION
result1.xlsx,计划购电量,121,B122,20:10-20:20,20:00-20:10,UNRESOLVED_DO_NOT_EXPORT_BY_POSITION
result1.xlsx,计划购电量,122,B123,20:20-20:30,20:10-20:20,UNRESOLVED_DO_NOT_EXPORT_BY_POSITION
result1.xlsx,计划购电量,123,B124,20:30-20:40,20:20-20:30,UNRESOLVED_DO_NOT_EXPORT_BY_POSITION
result1.xlsx,计划购电量,124,B125,20:40-20:50,20:30-20:40,UNRESOLVED_DO_NOT_EXPORT_BY_POSITION
result1.xlsx,计划购电量,125,B126,20:50-21:00,20:40-20:50,UNRESOLVED_DO_NOT_EXPORT_BY_POSITION
result1.xlsx,计划购电量,126,B127,21:00-21:10,20:50-21:00,UNRESOLVED_DO_NOT_EXPORT_BY_POSITION
result1.xlsx,计划购电量,127,B128,21:10-21:20,21:00-21:10,UNRESOLVED_DO_NOT_EXPORT_BY_POSITION
result1.xlsx,计划购电量,128,B129,21:20-21:30,21:10-21:20,UNRESOLVED_DO_NOT_EXPORT_BY_POSITION
result1.xlsx,计划购电量,129,B130,21:30-21:40,21:20-21:30,UNRESOLVED_DO_NOT_EXPORT_BY_POSITION
result1.xlsx,计划购电量,130,B131,21:40-21:50,21:30-21:40,UNRESOLVED_DO_NOT_EXPORT_BY_POSITION
result1.xlsx,计划购电量,131,B132,21:50-22:00,21:40-21:50,UNRESOLVED_DO_NOT_EXPORT_BY_POSITION
result1.xlsx,计划购电量,132,B133,22:00-22:10,21:50-22:00,UNRESOLVED_DO_NOT_EXPORT_BY_POSITION
result1.xlsx,计划购电量,133,B134,22:10-22:20,22:00-22:10,UNRESOLVED_DO_NOT_EXPORT_BY_POSITION
result1.xlsx,计划购电量,134,B135,22:20-22:30,22:10-22:20,UNRESOLVED_DO_NOT_EXPORT_BY_POSITION
result1.xlsx,计划购电量,135,B136,22:30-22:40,22:20-22:30,UNRESOLVED_DO_NOT_EXPORT_BY_POSITION
result1.xlsx,计划购电量,136,B137,22:40-22:50,22:30-22:40,UNRESOLVED_DO_NOT_EXPORT_BY_POSITION
result1.xlsx,计划购电量,137,B138,22:50-23:00,22:40-22:50,UNRESOLVED_DO_NOT_EXPORT_BY_POSITION
result1.xlsx,计划购电量,138,B139,23:00-23:10,22:50-23:00,UNRESOLVED_DO_NOT_EXPORT_BY_POSITION
result1.xlsx,计划购电量,139,B140,23:10-23:20,23:00-23:10,UNRESOLVED_DO_NOT_EXPORT_BY_POSITION
result1.xlsx,计划购电量,140,B141,23:20-23:30,23:10-23:20,UNRESOLVED_DO_NOT_EXPORT_BY_POSITION
result1.xlsx,计划购电量,141,B142,23:30-23:40,23:20-23:30,UNRESOLVED_DO_NOT_EXPORT_BY_POSITION
result1.xlsx,计划购电量,142,B143,23:40-23:50,23:30-23:40,UNRESOLVED_DO_NOT_EXPORT_BY_POSITION
result1.xlsx,计划购电量,143,B144,23:50-0:00+1,23:40-23:50,UNRESOLVED_DO_NOT_EXPORT_BY_POSITION
result1.xlsx,计划购电量,144,B145,0:00+1-0:10+1,23:50-24:00,UNRESOLVED_DO_NOT_EXPORT_BY_POSITION
result2.xlsx,计划购电量,1,B1,0:10-0:20,00:00-00:10,UNRESOLVED_DO_NOT_EXPORT_BY_POSITION
result2.xlsx,计划购电量,2,C1,0:20-0:30,00:10-00:20,UNRESOLVED_DO_NOT_EXPORT_BY_POSITION
result2.xlsx,计划购电量,3,D1,0:30-0:40,00:20-00:30,UNRESOLVED_DO_NOT_EXPORT_BY_POSITION
result2.xlsx,计划购电量,4,E1,0:40-0:50,00:30-00:40,UNRESOLVED_DO_NOT_EXPORT_BY_POSITION
result2.xlsx,计划购电量,5,F1,0:50-1:00,00:40-00:50,UNRESOLVED_DO_NOT_EXPORT_BY_POSITION
result2.xlsx,计划购电量,6,G1,1:00-1:10,00:50-01:00,UNRESOLVED_DO_NOT_EXPORT_BY_POSITION
result2.xlsx,计划购电量,7,H1,1:10-1:20,01:00-01:10,UNRESOLVED_DO_NOT_EXPORT_BY_POSITION
result2.xlsx,计划购电量,8,I1,1:20-1:30,01:10-01:20,UNRESOLVED_DO_NOT_EXPORT_BY_POSITION
result2.xlsx,计划购电量,9,J1,1:30-1:40,01:20-01:30,UNRESOLVED_DO_NOT_EXPORT_BY_POSITION
result2.xlsx,计划购电量,10,K1,1:40-1:50,01:30-01:40,UNRESOLVED_DO_NOT_EXPORT_BY_POSITION
result2.xlsx,计划购电量,11,L1,1:50-2:00,01:40-01:50,UNRESOLVED_DO_NOT_EXPORT_BY_POSITION
result2.xlsx,计划购电量,12,M1,2:00-2:10,01:50-02:00,UNRESOLVED_DO_NOT_EXPORT_BY_POSITION
result2.xlsx,计划购电量,13,N1,2:10-2:20,02:00-02:10,UNRESOLVED_DO_NOT_EXPORT_BY_POSITION
result2.xlsx,计划购电量,14,O1,2:20-2:30,02:10-02:20,UNRESOLVED_DO_NOT_EXPORT_BY_POSITION
result2.xlsx,计划购电量,15,P1,2:30-2:40,02:20-02:30,UNRESOLVED_DO_NOT_EXPORT_BY_POSITION
result2.xlsx,计划购电量,16,Q1,2:40-2:50,02:30-02:40,UNRESOLVED_DO_NOT_EXPORT_BY_POSITION
result2.xlsx,计划购电量,17,R1,2:50-3:00,02:40-02:50,UNRESOLVED_DO_NOT_EXPORT_BY_POSITION
result2.xlsx,计划购电量,18,S1,3:00-3:10,02:50-03:00,UNRESOLVED_DO_NOT_EXPORT_BY_POSITION
result2.xlsx,计划购电量,19,T1,3:10-3:20,03:00-03:10,UNRESOLVED_DO_NOT_EXPORT_BY_POSITION
result2.xlsx,计划购电量,20,U1,3:20-3:30,03:10-03:20,UNRESOLVED_DO_NOT_EXPORT_BY_POSITION
result2.xlsx,计划购电量,21,V1,3:30-3:40,03:20-03:30,UNRESOLVED_DO_NOT_EXPORT_BY_POSITION
result2.xlsx,计划购电量,22,W1,3:40-3:50,03:30-03:40,UNRESOLVED_DO_NOT_EXPORT_BY_POSITION
result2.xlsx,计划购电量,23,X1,3:50-4:00,03:40-03:50,UNRESOLVED_DO_NOT_EXPORT_BY_POSITION
result2.xlsx,计划购电量,24,Y1,4:00-4:10,03:50-04:00,UNRESOLVED_DO_NOT_EXPORT_BY_POSITION
result2.xlsx,计划购电量,25,Z1,4:10-4:20,04:00-04:10,UNRESOLVED_DO_NOT_EXPORT_BY_POSITION
result2.xlsx,计划购电量,26,AA1,4:20-4:30,04:10-04:20,UNRESOLVED_DO_NOT_EXPORT_BY_POSITION
result2.xlsx,计划购电量,27,AB1,4:30-4:40,04:20-04:30,UNRESOLVED_DO_NOT_EXPORT_BY_POSITION
result2.xlsx,计划购电量,28,AC1,4:40-4:50,04:30-04:40,UNRESOLVED_DO_NOT_EXPORT_BY_POSITION
result2.xlsx,计划购电量,29,AD1,4:50-5:00,04:40-04:50,UNRESOLVED_DO_NOT_EXPORT_BY_POSITION
result2.xlsx,计划购电量,30,AE1,5:00-5:10,04:50-05:00,UNRESOLVED_DO_NOT_EXPORT_BY_POSITION
result2.xlsx,计划购电量,31,AF1,5:10-5:20,05:00-05:10,UNRESOLVED_DO_NOT_EXPORT_BY_POSITION
result2.xlsx,计划购电量,32,AG1,5:20-5:30,05:10-05:20,UNRESOLVED_DO_NOT_EXPORT_BY_POSITION
result2.xlsx,计划购电量,33,AH1,5:30-5:40,05:20-05:30,UNRESOLVED_DO_NOT_EXPORT_BY_POSITION
result2.xlsx,计划购电量,34,AI1,5:40-5:50,05:30-05:40,UNRESOLVED_DO_NOT_EXPORT_BY_POSITION
result2.xlsx,计划购电量,35,AJ1,5:50-6:00,05:40-05:50,UNRESOLVED_DO_NOT_EXPORT_BY_POSITION
result2.xlsx,计划购电量,36,AK1,6:00-6:10,05:50-06:00,UNRESOLVED_DO_NOT_EXPORT_BY_POSITION
result2.xlsx,计划购电量,37,AL1,6:10-6:20,06:00-06:10,UNRESOLVED_DO_NOT_EXPORT_BY_POSITION
result2.xlsx,计划购电量,38,AM1,6:20-6:30,06:10-06:20,UNRESOLVED_DO_NOT_EXPORT_BY_POSITION
result2.xlsx,计划购电量,39,AN1,6:30-6:40,06:20-06:30,UNRESOLVED_DO_NOT_EXPORT_BY_POSITION
result2.xlsx,计划购电量,40,AO1,6:40-6:50,06:30-06:40,UNRESOLVED_DO_NOT_EXPORT_BY_POSITION
result2.xlsx,计划购电量,41,AP1,6:50-7:00,06:40-06:50,UNRESOLVED_DO_NOT_EXPORT_BY_POSITION
result2.xlsx,计划购电量,42,AQ1,7:0-7:10,06:50-07:00,UNRESOLVED_DO_NOT_EXPORT_BY_POSITION
result2.xlsx,计划购电量,43,AR1,7:10-7:20,07:00-07:10,UNRESOLVED_DO_NOT_EXPORT_BY_POSITION
result2.xlsx,计划购电量,44,AS1,7:20-7:30,07:10-07:20,UNRESOLVED_DO_NOT_EXPORT_BY_POSITION
result2.xlsx,计划购电量,45,AT1,7:30-7:40,07:20-07:30,UNRESOLVED_DO_NOT_EXPORT_BY_POSITION
result2.xlsx,计划购电量,46,AU1,7:40-7:50,07:30-07:40,UNRESOLVED_DO_NOT_EXPORT_BY_POSITION
result2.xlsx,计划购电量,47,AV1,7:50-8:00,07:40-07:50,UNRESOLVED_DO_NOT_EXPORT_BY_POSITION
result2.xlsx,计划购电量,48,AW1,8:00-8:10,07:50-08:00,UNRESOLVED_DO_NOT_EXPORT_BY_POSITION
result2.xlsx,计划购电量,49,AX1,8:10-8:20,08:00-08:10,UNRESOLVED_DO_NOT_EXPORT_BY_POSITION
result2.xlsx,计划购电量,50,AY1,8:20-8:30,08:10-08:20,UNRESOLVED_DO_NOT_EXPORT_BY_POSITION
result2.xlsx,计划购电量,51,AZ1,8:30-8:40,08:20-08:30,UNRESOLVED_DO_NOT_EXPORT_BY_POSITION
result2.xlsx,计划购电量,52,BA1,8:40-8:50,08:30-08:40,UNRESOLVED_DO_NOT_EXPORT_BY_POSITION
result2.xlsx,计划购电量,53,BB1,8:50-9:00,08:40-08:50,UNRESOLVED_DO_NOT_EXPORT_BY_POSITION
result2.xlsx,计划购电量,54,BC1,9:00-9:10,08:50-09:00,UNRESOLVED_DO_NOT_EXPORT_BY_POSITION
result2.xlsx,计划购电量,55,BD1,9:10-9:20,09:00-09:10,UNRESOLVED_DO_NOT_EXPORT_BY_POSITION
result2.xlsx,计划购电量,56,BE1,9:20-9:30,09:10-09:20,UNRESOLVED_DO_NOT_EXPORT_BY_POSITION
result2.xlsx,计划购电量,57,BF1,9:30-9:40,09:20-09:30,UNRESOLVED_DO_NOT_EXPORT_BY_POSITION
result2.xlsx,计划购电量,58,BG1,9:40-9:50,09:30-09:40,UNRESOLVED_DO_NOT_EXPORT_BY_POSITION
result2.xlsx,计划购电量,59,BH1,9:50-10:00,09:40-09:50,UNRESOLVED_DO_NOT_EXPORT_BY_POSITION
result2.xlsx,计划购电量,60,BI1,10:00-10:10,09:50-10:00,UNRESOLVED_DO_NOT_EXPORT_BY_POSITION
result2.xlsx,计划购电量,61,BJ1,10:10-10:20,10:00-10:10,UNRESOLVED_DO_NOT_EXPORT_BY_POSITION
result2.xlsx,计划购电量,62,BK1,10:20-10:30,10:10-10:20,UNRESOLVED_DO_NOT_EXPORT_BY_POSITION
result2.xlsx,计划购电量,63,BL1,10:30-10:40,10:20-10:30,UNRESOLVED_DO_NOT_EXPORT_BY_POSITION
result2.xlsx,计划购电量,64,BM1,10:40-10:50,10:30-10:40,UNRESOLVED_DO_NOT_EXPORT_BY_POSITION
result2.xlsx,计划购电量,65,BN1,10:50-11:00,10:40-10:50,UNRESOLVED_DO_NOT_EXPORT_BY_POSITION
result2.xlsx,计划购电量,66,BO1,11:00-11:10,10:50-11:00,UNRESOLVED_DO_NOT_EXPORT_BY_POSITION
result2.xlsx,计划购电量,67,BP1,11:10-11:20,11:00-11:10,UNRESOLVED_DO_NOT_EXPORT_BY_POSITION
result2.xlsx,计划购电量,68,BQ1,11:20-11:30,11:10-11:20,UNRESOLVED_DO_NOT_EXPORT_BY_POSITION
result2.xlsx,计划购电量,69,BR1,11:30-11:40,11:20-11:30,UNRESOLVED_DO_NOT_EXPORT_BY_POSITION
result2.xlsx,计划购电量,70,BS1,11:40-11:50,11:30-11:40,UNRESOLVED_DO_NOT_EXPORT_BY_POSITION
result2.xlsx,计划购电量,71,BT1,11:50-12:00,11:40-11:50,UNRESOLVED_DO_NOT_EXPORT_BY_POSITION
result2.xlsx,计划购电量,72,BU1,12:00-12:10,11:50-12:00,UNRESOLVED_DO_NOT_EXPORT_BY_POSITION
result2.xlsx,计划购电量,73,BV1,12:10-12:20,12:00-12:10,UNRESOLVED_DO_NOT_EXPORT_BY_POSITION
result2.xlsx,计划购电量,74,BW1,12:20-12:30,12:10-12:20,UNRESOLVED_DO_NOT_EXPORT_BY_POSITION
result2.xlsx,计划购电量,75,BX1,12:30-12:40,12:20-12:30,UNRESOLVED_DO_NOT_EXPORT_BY_POSITION
result2.xlsx,计划购电量,76,BY1,12:40-12:50,12:30-12:40,UNRESOLVED_DO_NOT_EXPORT_BY_POSITION
result2.xlsx,计划购电量,77,BZ1,12:50-13:00,12:40-12:50,UNRESOLVED_DO_NOT_EXPORT_BY_POSITION
result2.xlsx,计划购电量,78,CA1,13:00-13:10,12:50-13:00,UNRESOLVED_DO_NOT_EXPORT_BY_POSITION
result2.xlsx,计划购电量,79,CB1,13:10-13:20,13:00-13:10,UNRESOLVED_DO_NOT_EXPORT_BY_POSITION
result2.xlsx,计划购电量,80,CC1,13:20-13:30,13:10-13:20,UNRESOLVED_DO_NOT_EXPORT_BY_POSITION
result2.xlsx,计划购电量,81,CD1,13:30-13:40,13:20-13:30,UNRESOLVED_DO_NOT_EXPORT_BY_POSITION
result2.xlsx,计划购电量,82,CE1,13:40-13:50,13:30-13:40,UNRESOLVED_DO_NOT_EXPORT_BY_POSITION
result2.xlsx,计划购电量,83,CF1,13:50-14:00,13:40-13:50,UNRESOLVED_DO_NOT_EXPORT_BY_POSITION
result2.xlsx,计划购电量,84,CG1,14:00-14:10,13:50-14:00,UNRESOLVED_DO_NOT_EXPORT_BY_POSITION
result2.xlsx,计划购电量,85,CH1,14:10-14:20,14:00-14:10,UNRESOLVED_DO_NOT_EXPORT_BY_POSITION
result2.xlsx,计划购电量,86,CI1,14:20-14:30,14:10-14:20,UNRESOLVED_DO_NOT_EXPORT_BY_POSITION
result2.xlsx,计划购电量,87,CJ1,14:30-14:40,14:20-14:30,UNRESOLVED_DO_NOT_EXPORT_BY_POSITION
result2.xlsx,计划购电量,88,CK1,14:40-14:50,14:30-14:40,UNRESOLVED_DO_NOT_EXPORT_BY_POSITION
result2.xlsx,计划购电量,89,CL1,14:50-15:00,14:40-14:50,UNRESOLVED_DO_NOT_EXPORT_BY_POSITION
result2.xlsx,计划购电量,90,CM1,15:00-15:10,14:50-15:00,UNRESOLVED_DO_NOT_EXPORT_BY_POSITION
result2.xlsx,计划购电量,91,CN1,15:10-15:20,15:00-15:10,UNRESOLVED_DO_NOT_EXPORT_BY_POSITION
result2.xlsx,计划购电量,92,CO1,15:20-15:30,15:10-15:20,UNRESOLVED_DO_NOT_EXPORT_BY_POSITION
result2.xlsx,计划购电量,93,CP1,15:30-15:40,15:20-15:30,UNRESOLVED_DO_NOT_EXPORT_BY_POSITION
result2.xlsx,计划购电量,94,CQ1,15:40-15:50,15:30-15:40,UNRESOLVED_DO_NOT_EXPORT_BY_POSITION
result2.xlsx,计划购电量,95,CR1,15:50-16:00,15:40-15:50,UNRESOLVED_DO_NOT_EXPORT_BY_POSITION
result2.xlsx,计划购电量,96,CS1,16:00-16:10,15:50-16:00,UNRESOLVED_DO_NOT_EXPORT_BY_POSITION
result2.xlsx,计划购电量,97,CT1,16:10-16:20,16:00-16:10,UNRESOLVED_DO_NOT_EXPORT_BY_POSITION
result2.xlsx,计划购电量,98,CU1,16:20-16:30,16:10-16:20,UNRESOLVED_DO_NOT_EXPORT_BY_POSITION
result2.xlsx,计划购电量,99,CV1,16:30-16:40,16:20-16:30,UNRESOLVED_DO_NOT_EXPORT_BY_POSITION
result2.xlsx,计划购电量,100,CW1,16:40-16:50,16:30-16:40,UNRESOLVED_DO_NOT_EXPORT_BY_POSITION
result2.xlsx,计划购电量,101,CX1,16:50-17:00,16:40-16:50,UNRESOLVED_DO_NOT_EXPORT_BY_POSITION
result2.xlsx,计划购电量,102,CY1,17:00-17:10,16:50-17:00,UNRESOLVED_DO_NOT_EXPORT_BY_POSITION
result2.xlsx,计划购电量,103,CZ1,17:10-17:20,17:00-17:10,UNRESOLVED_DO_NOT_EXPORT_BY_POSITION
result2.xlsx,计划购电量,104,DA1,17:20-17:30,17:10-17:20,UNRESOLVED_DO_NOT_EXPORT_BY_POSITION
result2.xlsx,计划购电量,105,DB1,17:30-17:40,17:20-17:30,UNRESOLVED_DO_NOT_EXPORT_BY_POSITION
result2.xlsx,计划购电量,106,DC1,17:40-17:50,17:30-17:40,UNRESOLVED_DO_NOT_EXPORT_BY_POSITION
result2.xlsx,计划购电量,107,DD1,17:50-18:00,17:40-17:50,UNRESOLVED_DO_NOT_EXPORT_BY_POSITION
result2.xlsx,计划购电量,108,DE1,18:00-18:10,17:50-18:00,UNRESOLVED_DO_NOT_EXPORT_BY_POSITION
result2.xlsx,计划购电量,109,DF1,18:10-18:20,18:00-18:10,UNRESOLVED_DO_NOT_EXPORT_BY_POSITION
result2.xlsx,计划购电量,110,DG1,18:20-18:30,18:10-18:20,UNRESOLVED_DO_NOT_EXPORT_BY_POSITION
result2.xlsx,计划购电量,111,DH1,18:30-18:40,18:20-18:30,UNRESOLVED_DO_NOT_EXPORT_BY_POSITION
result2.xlsx,计划购电量,112,DI1,18:40-18:50,18:30-18:40,UNRESOLVED_DO_NOT_EXPORT_BY_POSITION
result2.xlsx,计划购电量,113,DJ1,18:50-19:00,18:40-18:50,UNRESOLVED_DO_NOT_EXPORT_BY_POSITION
result2.xlsx,计划购电量,114,DK1,19:00-19:10,18:50-19:00,UNRESOLVED_DO_NOT_EXPORT_BY_POSITION
result2.xlsx,计划购电量,115,DL1,19:10-19:20,19:00-19:10,UNRESOLVED_DO_NOT_EXPORT_BY_POSITION
result2.xlsx,计划购电量,116,DM1,19:20-19:30,19:10-19:20,UNRESOLVED_DO_NOT_EXPORT_BY_POSITION
result2.xlsx,计划购电量,117,DN1,19:30-19:40,19:20-19:30,UNRESOLVED_DO_NOT_EXPORT_BY_POSITION
result2.xlsx,计划购电量,118,DO1,19:40-19:50,19:30-19:40,UNRESOLVED_DO_NOT_EXPORT_BY_POSITION
result2.xlsx,计划购电量,119,DP1,19:50-20:00,19:40-19:50,UNRESOLVED_DO_NOT_EXPORT_BY_POSITION
result2.xlsx,计划购电量,120,DQ1,20:00-20:10,19:50-20:00,UNRESOLVED_DO_NOT_EXPORT_BY_POSITION
result2.xlsx,计划购电量,121,DR1,20:10-20:20,20:00-20:10,UNRESOLVED_DO_NOT_EXPORT_BY_POSITION
result2.xlsx,计划购电量,122,DS1,20:20-20:30,20:10-20:20,UNRESOLVED_DO_NOT_EXPORT_BY_POSITION
result2.xlsx,计划购电量,123,DT1,20:30-20:40,20:20-20:30,UNRESOLVED_DO_NOT_EXPORT_BY_POSITION
result2.xlsx,计划购电量,124,DU1,20:40-20:50,20:30-20:40,UNRESOLVED_DO_NOT_EXPORT_BY_POSITION
result2.xlsx,计划购电量,125,DV1,20:50-21:00,20:40-20:50,UNRESOLVED_DO_NOT_EXPORT_BY_POSITION
result2.xlsx,计划购电量,126,DW1,21:00-21:10,20:50-21:00,UNRESOLVED_DO_NOT_EXPORT_BY_POSITION
result2.xlsx,计划购电量,127,DX1,21:10-21:20,21:00-21:10,UNRESOLVED_DO_NOT_EXPORT_BY_POSITION
result2.xlsx,计划购电量,128,DY1,21:20-21:30,21:10-21:20,UNRESOLVED_DO_NOT_EXPORT_BY_POSITION
result2.xlsx,计划购电量,129,DZ1,21:30-21:40,21:20-21:30,UNRESOLVED_DO_NOT_EXPORT_BY_POSITION
result2.xlsx,计划购电量,130,EA1,21:40-21:50,21:30-21:40,UNRESOLVED_DO_NOT_EXPORT_BY_POSITION
result2.xlsx,计划购电量,131,EB1,21:50-22:00,21:40-21:50,UNRESOLVED_DO_NOT_EXPORT_BY_POSITION
result2.xlsx,计划购电量,132,EC1,22:00-22:10,21:50-22:00,UNRESOLVED_DO_NOT_EXPORT_BY_POSITION
result2.xlsx,计划购电量,133,ED1,22:10-22:20,22:00-22:10,UNRESOLVED_DO_NOT_EXPORT_BY_POSITION
result2.xlsx,计划购电量,134,EE1,22:20-22:30,22:10-22:20,UNRESOLVED_DO_NOT_EXPORT_BY_POSITION
result2.xlsx,计划购电量,135,EF1,22:30-22:40,22:20-22:30,UNRESOLVED_DO_NOT_EXPORT_BY_POSITION
result2.xlsx,计划购电量,136,EG1,22:40-22:50,22:30-22:40,UNRESOLVED_DO_NOT_EXPORT_BY_POSITION
result2.xlsx,计划购电量,137,EH1,22:50-23:00,22:40-22:50,UNRESOLVED_DO_NOT_EXPORT_BY_POSITION
result2.xlsx,计划购电量,138,EI1,23:00-23:10,22:50-23:00,UNRESOLVED_DO_NOT_EXPORT_BY_POSITION
result2.xlsx,计划购电量,139,EJ1,23:10-23:20,23:00-23:10,UNRESOLVED_DO_NOT_EXPORT_BY_POSITION
result2.xlsx,计划购电量,140,EK1,23:20-23:30,23:10-23:20,UNRESOLVED_DO_NOT_EXPORT_BY_POSITION
result2.xlsx,计划购电量,141,EL1,23:30-23:40,23:20-23:30,UNRESOLVED_DO_NOT_EXPORT_BY_POSITION
result2.xlsx,计划购电量,142,EM1,23:40-23:50,23:30-23:40,UNRESOLVED_DO_NOT_EXPORT_BY_POSITION
result2.xlsx,计划购电量,143,EN1,23:50-0:00+1,23:40-23:50,UNRESOLVED_DO_NOT_EXPORT_BY_POSITION
result2.xlsx,计划购电量,144,EO1,0:00-0:10+1,23:50-24:00,UNRESOLVED_DO_NOT_EXPORT_BY_POSITION
result3.xlsx,计划购电量,1,B1,0:10-0:20,00:00-00:10,UNRESOLVED_DO_NOT_EXPORT_BY_POSITION
result3.xlsx,计划购电量,2,C1,0:20-0:30,00:10-00:20,UNRESOLVED_DO_NOT_EXPORT_BY_POSITION
result3.xlsx,计划购电量,3,D1,0:30-0:40,00:20-00:30,UNRESOLVED_DO_NOT_EXPORT_BY_POSITION
result3.xlsx,计划购电量,4,E1,0:40-0:50,00:30-00:40,UNRESOLVED_DO_NOT_EXPORT_BY_POSITION
result3.xlsx,计划购电量,5,F1,0:50-1:00,00:40-00:50,UNRESOLVED_DO_NOT_EXPORT_BY_POSITION
result3.xlsx,计划购电量,6,G1,1:00-1:10,00:50-01:00,UNRESOLVED_DO_NOT_EXPORT_BY_POSITION
result3.xlsx,计划购电量,7,H1,1:10-1:20,01:00-01:10,UNRESOLVED_DO_NOT_EXPORT_BY_POSITION
result3.xlsx,计划购电量,8,I1,1:20-1:30,01:10-01:20,UNRESOLVED_DO_NOT_EXPORT_BY_POSITION
result3.xlsx,计划购电量,9,J1,1:30-1:40,01:20-01:30,UNRESOLVED_DO_NOT_EXPORT_BY_POSITION
result3.xlsx,计划购电量,10,K1,1:40-1:50,01:30-01:40,UNRESOLVED_DO_NOT_EXPORT_BY_POSITION
result3.xlsx,计划购电量,11,L1,1:50-2:00,01:40-01:50,UNRESOLVED_DO_NOT_EXPORT_BY_POSITION
result3.xlsx,计划购电量,12,M1,2:00-2:10,01:50-02:00,UNRESOLVED_DO_NOT_EXPORT_BY_POSITION
result3.xlsx,计划购电量,13,N1,2:10-2:20,02:00-02:10,UNRESOLVED_DO_NOT_EXPORT_BY_POSITION
result3.xlsx,计划购电量,14,O1,2:20-2:30,02:10-02:20,UNRESOLVED_DO_NOT_EXPORT_BY_POSITION
result3.xlsx,计划购电量,15,P1,2:30-2:40,02:20-02:30,UNRESOLVED_DO_NOT_EXPORT_BY_POSITION
result3.xlsx,计划购电量,16,Q1,2:40-2:50,02:30-02:40,UNRESOLVED_DO_NOT_EXPORT_BY_POSITION
result3.xlsx,计划购电量,17,R1,2:50-3:00,02:40-02:50,UNRESOLVED_DO_NOT_EXPORT_BY_POSITION
result3.xlsx,计划购电量,18,S1,3:00-3:10,02:50-03:00,UNRESOLVED_DO_NOT_EXPORT_BY_POSITION
result3.xlsx,计划购电量,19,T1,3:10-3:20,03:00-03:10,UNRESOLVED_DO_NOT_EXPORT_BY_POSITION
result3.xlsx,计划购电量,20,U1,3:20-3:30,03:10-03:20,UNRESOLVED_DO_NOT_EXPORT_BY_POSITION
result3.xlsx,计划购电量,21,V1,3:30-3:40,03:20-03:30,UNRESOLVED_DO_NOT_EXPORT_BY_POSITION
result3.xlsx,计划购电量,22,W1,3:40-3:50,03:30-03:40,UNRESOLVED_DO_NOT_EXPORT_BY_POSITION
result3.xlsx,计划购电量,23,X1,3:50-4:00,03:40-03:50,UNRESOLVED_DO_NOT_EXPORT_BY_POSITION
result3.xlsx,计划购电量,24,Y1,4:00-4:10,03:50-04:00,UNRESOLVED_DO_NOT_EXPORT_BY_POSITION
result3.xlsx,计划购电量,25,Z1,4:10-4:20,04:00-04:10,UNRESOLVED_DO_NOT_EXPORT_BY_POSITION
result3.xlsx,计划购电量,26,AA1,4:20-4:30,04:10-04:20,UNRESOLVED_DO_NOT_EXPORT_BY_POSITION
result3.xlsx,计划购电量,27,AB1,4:30-4:40,04:20-04:30,UNRESOLVED_DO_NOT_EXPORT_BY_POSITION
result3.xlsx,计划购电量,28,AC1,4:40-4:50,04:30-04:40,UNRESOLVED_DO_NOT_EXPORT_BY_POSITION
result3.xlsx,计划购电量,29,AD1,4:50-5:00,04:40-04:50,UNRESOLVED_DO_NOT_EXPORT_BY_POSITION
result3.xlsx,计划购电量,30,AE1,5:00-5:10,04:50-05:00,UNRESOLVED_DO_NOT_EXPORT_BY_POSITION
result3.xlsx,计划购电量,31,AF1,5:10-5:20,05:00-05:10,UNRESOLVED_DO_NOT_EXPORT_BY_POSITION
result3.xlsx,计划购电量,32,AG1,5:20-5:30,05:10-05:20,UNRESOLVED_DO_NOT_EXPORT_BY_POSITION
result3.xlsx,计划购电量,33,AH1,5:30-5:40,05:20-05:30,UNRESOLVED_DO_NOT_EXPORT_BY_POSITION
result3.xlsx,计划购电量,34,AI1,5:40-5:50,05:30-05:40,UNRESOLVED_DO_NOT_EXPORT_BY_POSITION
result3.xlsx,计划购电量,35,AJ1,5:50-6:00,05:40-05:50,UNRESOLVED_DO_NOT_EXPORT_BY_POSITION
result3.xlsx,计划购电量,36,AK1,6:00-6:10,05:50-06:00,UNRESOLVED_DO_NOT_EXPORT_BY_POSITION
result3.xlsx,计划购电量,37,AL1,6:10-6:20,06:00-06:10,UNRESOLVED_DO_NOT_EXPORT_BY_POSITION
result3.xlsx,计划购电量,38,AM1,6:20-6:30,06:10-06:20,UNRESOLVED_DO_NOT_EXPORT_BY_POSITION
result3.xlsx,计划购电量,39,AN1,6:30-6:40,06:20-06:30,UNRESOLVED_DO_NOT_EXPORT_BY_POSITION
result3.xlsx,计划购电量,40,AO1,6:40-6:50,06:30-06:40,UNRESOLVED_DO_NOT_EXPORT_BY_POSITION
result3.xlsx,计划购电量,41,AP1,6:50-7:00,06:40-06:50,UNRESOLVED_DO_NOT_EXPORT_BY_POSITION
result3.xlsx,计划购电量,42,AQ1,7:0-7:10,06:50-07:00,UNRESOLVED_DO_NOT_EXPORT_BY_POSITION
result3.xlsx,计划购电量,43,AR1,7:10-7:20,07:00-07:10,UNRESOLVED_DO_NOT_EXPORT_BY_POSITION
result3.xlsx,计划购电量,44,AS1,7:20-7:30,07:10-07:20,UNRESOLVED_DO_NOT_EXPORT_BY_POSITION
result3.xlsx,计划购电量,45,AT1,7:30-7:40,07:20-07:30,UNRESOLVED_DO_NOT_EXPORT_BY_POSITION
result3.xlsx,计划购电量,46,AU1,7:40-7:50,07:30-07:40,UNRESOLVED_DO_NOT_EXPORT_BY_POSITION
result3.xlsx,计划购电量,47,AV1,7:50-8:00,07:40-07:50,UNRESOLVED_DO_NOT_EXPORT_BY_POSITION
result3.xlsx,计划购电量,48,AW1,8:00-8:10,07:50-08:00,UNRESOLVED_DO_NOT_EXPORT_BY_POSITION
result3.xlsx,计划购电量,49,AX1,8:10-8:20,08:00-08:10,UNRESOLVED_DO_NOT_EXPORT_BY_POSITION
result3.xlsx,计划购电量,50,AY1,8:20-8:30,08:10-08:20,UNRESOLVED_DO_NOT_EXPORT_BY_POSITION
result3.xlsx,计划购电量,51,AZ1,8:30-8:40,08:20-08:30,UNRESOLVED_DO_NOT_EXPORT_BY_POSITION
result3.xlsx,计划购电量,52,BA1,8:40-8:50,08:30-08:40,UNRESOLVED_DO_NOT_EXPORT_BY_POSITION
result3.xlsx,计划购电量,53,BB1,8:50-9:00,08:40-08:50,UNRESOLVED_DO_NOT_EXPORT_BY_POSITION
result3.xlsx,计划购电量,54,BC1,9:00-9:10,08:50-09:00,UNRESOLVED_DO_NOT_EXPORT_BY_POSITION
result3.xlsx,计划购电量,55,BD1,9:10-9:20,09:00-09:10,UNRESOLVED_DO_NOT_EXPORT_BY_POSITION
result3.xlsx,计划购电量,56,BE1,9:20-9:30,09:10-09:20,UNRESOLVED_DO_NOT_EXPORT_BY_POSITION
result3.xlsx,计划购电量,57,BF1,9:30-9:40,09:20-09:30,UNRESOLVED_DO_NOT_EXPORT_BY_POSITION
result3.xlsx,计划购电量,58,BG1,9:40-9:50,09:30-09:40,UNRESOLVED_DO_NOT_EXPORT_BY_POSITION
result3.xlsx,计划购电量,59,BH1,9:50-10:00,09:40-09:50,UNRESOLVED_DO_NOT_EXPORT_BY_POSITION
result3.xlsx,计划购电量,60,BI1,10:00-10:10,09:50-10:00,UNRESOLVED_DO_NOT_EXPORT_BY_POSITION
result3.xlsx,计划购电量,61,BJ1,10:10-10:20,10:00-10:10,UNRESOLVED_DO_NOT_EXPORT_BY_POSITION
result3.xlsx,计划购电量,62,BK1,10:20-10:30,10:10-10:20,UNRESOLVED_DO_NOT_EXPORT_BY_POSITION
result3.xlsx,计划购电量,63,BL1,10:30-10:40,10:20-10:30,UNRESOLVED_DO_NOT_EXPORT_BY_POSITION
result3.xlsx,计划购电量,64,BM1,10:40-10:50,10:30-10:40,UNRESOLVED_DO_NOT_EXPORT_BY_POSITION
result3.xlsx,计划购电量,65,BN1,10:50-11:00,10:40-10:50,UNRESOLVED_DO_NOT_EXPORT_BY_POSITION
result3.xlsx,计划购电量,66,BO1,11:00-11:10,10:50-11:00,UNRESOLVED_DO_NOT_EXPORT_BY_POSITION
result3.xlsx,计划购电量,67,BP1,11:10-11:20,11:00-11:10,UNRESOLVED_DO_NOT_EXPORT_BY_POSITION
result3.xlsx,计划购电量,68,BQ1,11:20-11:30,11:10-11:20,UNRESOLVED_DO_NOT_EXPORT_BY_POSITION
result3.xlsx,计划购电量,69,BR1,11:30-11:40,11:20-11:30,UNRESOLVED_DO_NOT_EXPORT_BY_POSITION
result3.xlsx,计划购电量,70,BS1,11:40-11:50,11:30-11:40,UNRESOLVED_DO_NOT_EXPORT_BY_POSITION
result3.xlsx,计划购电量,71,BT1,11:50-12:00,11:40-11:50,UNRESOLVED_DO_NOT_EXPORT_BY_POSITION
result3.xlsx,计划购电量,72,BU1,12:00-12:10,11:50-12:00,UNRESOLVED_DO_NOT_EXPORT_BY_POSITION
result3.xlsx,计划购电量,73,BV1,12:10-12:20,12:00-12:10,UNRESOLVED_DO_NOT_EXPORT_BY_POSITION
result3.xlsx,计划购电量,74,BW1,12:20-12:30,12:10-12:20,UNRESOLVED_DO_NOT_EXPORT_BY_POSITION
result3.xlsx,计划购电量,75,BX1,12:30-12:40,12:20-12:30,UNRESOLVED_DO_NOT_EXPORT_BY_POSITION
result3.xlsx,计划购电量,76,BY1,12:40-12:50,12:30-12:40,UNRESOLVED_DO_NOT_EXPORT_BY_POSITION
result3.xlsx,计划购电量,77,BZ1,12:50-13:00,12:40-12:50,UNRESOLVED_DO_NOT_EXPORT_BY_POSITION
result3.xlsx,计划购电量,78,CA1,13:00-13:10,12:50-13:00,UNRESOLVED_DO_NOT_EXPORT_BY_POSITION
result3.xlsx,计划购电量,79,CB1,13:10-13:20,13:00-13:10,UNRESOLVED_DO_NOT_EXPORT_BY_POSITION
result3.xlsx,计划购电量,80,CC1,13:20-13:30,13:10-13:20,UNRESOLVED_DO_NOT_EXPORT_BY_POSITION
result3.xlsx,计划购电量,81,CD1,13:30-13:40,13:20-13:30,UNRESOLVED_DO_NOT_EXPORT_BY_POSITION
result3.xlsx,计划购电量,82,CE1,13:40-13:50,13:30-13:40,UNRESOLVED_DO_NOT_EXPORT_BY_POSITION
result3.xlsx,计划购电量,83,CF1,13:50-14:00,13:40-13:50,UNRESOLVED_DO_NOT_EXPORT_BY_POSITION
result3.xlsx,计划购电量,84,CG1,14:00-14:10,13:50-14:00,UNRESOLVED_DO_NOT_EXPORT_BY_POSITION
result3.xlsx,计划购电量,85,CH1,14:10-14:20,14:00-14:10,UNRESOLVED_DO_NOT_EXPORT_BY_POSITION
result3.xlsx,计划购电量,86,CI1,14:20-14:30,14:10-14:20,UNRESOLVED_DO_NOT_EXPORT_BY_POSITION
result3.xlsx,计划购电量,87,CJ1,14:30-14:40,14:20-14:30,UNRESOLVED_DO_NOT_EXPORT_BY_POSITION
result3.xlsx,计划购电量,88,CK1,14:40-14:50,14:30-14:40,UNRESOLVED_DO_NOT_EXPORT_BY_POSITION
result3.xlsx,计划购电量,89,CL1,14:50-15:00,14:40-14:50,UNRESOLVED_DO_NOT_EXPORT_BY_POSITION
result3.xlsx,计划购电量,90,CM1,15:00-15:10,14:50-15:00,UNRESOLVED_DO_NOT_EXPORT_BY_POSITION
result3.xlsx,计划购电量,91,CN1,15:10-15:20,15:00-15:10,UNRESOLVED_DO_NOT_EXPORT_BY_POSITION
result3.xlsx,计划购电量,92,CO1,15:20-15:30,15:10-15:20,UNRESOLVED_DO_NOT_EXPORT_BY_POSITION
result3.xlsx,计划购电量,93,CP1,15:30-15:40,15:20-15:30,UNRESOLVED_DO_NOT_EXPORT_BY_POSITION
result3.xlsx,计划购电量,94,CQ1,15:40-15:50,15:30-15:40,UNRESOLVED_DO_NOT_EXPORT_BY_POSITION
result3.xlsx,计划购电量,95,CR1,15:50-16:00,15:40-15:50,UNRESOLVED_DO_NOT_EXPORT_BY_POSITION
result3.xlsx,计划购电量,96,CS1,16:00-16:10,15:50-16:00,UNRESOLVED_DO_NOT_EXPORT_BY_POSITION
result3.xlsx,计划购电量,97,CT1,16:10-16:20,16:00-16:10,UNRESOLVED_DO_NOT_EXPORT_BY_POSITION
result3.xlsx,计划购电量,98,CU1,16:20-16:30,16:10-16:20,UNRESOLVED_DO_NOT_EXPORT_BY_POSITION
result3.xlsx,计划购电量,99,CV1,16:30-16:40,16:20-16:30,UNRESOLVED_DO_NOT_EXPORT_BY_POSITION
result3.xlsx,计划购电量,100,CW1,16:40-16:50,16:30-16:40,UNRESOLVED_DO_NOT_EXPORT_BY_POSITION
result3.xlsx,计划购电量,101,CX1,16:50-17:00,16:40-16:50,UNRESOLVED_DO_NOT_EXPORT_BY_POSITION
result3.xlsx,计划购电量,102,CY1,17:00-17:10,16:50-17:00,UNRESOLVED_DO_NOT_EXPORT_BY_POSITION
result3.xlsx,计划购电量,103,CZ1,17:10-17:20,17:00-17:10,UNRESOLVED_DO_NOT_EXPORT_BY_POSITION
result3.xlsx,计划购电量,104,DA1,17:20-17:30,17:10-17:20,UNRESOLVED_DO_NOT_EXPORT_BY_POSITION
result3.xlsx,计划购电量,105,DB1,17:30-17:40,17:20-17:30,UNRESOLVED_DO_NOT_EXPORT_BY_POSITION
result3.xlsx,计划购电量,106,DC1,17:40-17:50,17:30-17:40,UNRESOLVED_DO_NOT_EXPORT_BY_POSITION
result3.xlsx,计划购电量,107,DD1,17:50-18:00,17:40-17:50,UNRESOLVED_DO_NOT_EXPORT_BY_POSITION
result3.xlsx,计划购电量,108,DE1,18:00-18:10,17:50-18:00,UNRESOLVED_DO_NOT_EXPORT_BY_POSITION
result3.xlsx,计划购电量,109,DF1,18:10-18:20,18:00-18:10,UNRESOLVED_DO_NOT_EXPORT_BY_POSITION
result3.xlsx,计划购电量,110,DG1,18:20-18:30,18:10-18:20,UNRESOLVED_DO_NOT_EXPORT_BY_POSITION
result3.xlsx,计划购电量,111,DH1,18:30-18:40,18:20-18:30,UNRESOLVED_DO_NOT_EXPORT_BY_POSITION
result3.xlsx,计划购电量,112,DI1,18:40-18:50,18:30-18:40,UNRESOLVED_DO_NOT_EXPORT_BY_POSITION
result3.xlsx,计划购电量,113,DJ1,18:50-19:00,18:40-18:50,UNRESOLVED_DO_NOT_EXPORT_BY_POSITION
result3.xlsx,计划购电量,114,DK1,19:00-19:10,18:50-19:00,UNRESOLVED_DO_NOT_EXPORT_BY_POSITION
result3.xlsx,计划购电量,115,DL1,19:10-19:20,19:00-19:10,UNRESOLVED_DO_NOT_EXPORT_BY_POSITION
result3.xlsx,计划购电量,116,DM1,19:20-19:30,19:10-19:20,UNRESOLVED_DO_NOT_EXPORT_BY_POSITION
result3.xlsx,计划购电量,117,DN1,19:30-19:40,19:20-19:30,UNRESOLVED_DO_NOT_EXPORT_BY_POSITION
result3.xlsx,计划购电量,118,DO1,19:40-19:50,19:30-19:40,UNRESOLVED_DO_NOT_EXPORT_BY_POSITION
result3.xlsx,计划购电量,119,DP1,19:50-20:00,19:40-19:50,UNRESOLVED_DO_NOT_EXPORT_BY_POSITION
result3.xlsx,计划购电量,120,DQ1,20:00-20:10,19:50-20:00,UNRESOLVED_DO_NOT_EXPORT_BY_POSITION
result3.xlsx,计划购电量,121,DR1,20:10-20:20,20:00-20:10,UNRESOLVED_DO_NOT_EXPORT_BY_POSITION
result3.xlsx,计划购电量,122,DS1,20:20-20:30,20:10-20:20,UNRESOLVED_DO_NOT_EXPORT_BY_POSITION
result3.xlsx,计划购电量,123,DT1,20:30-20:40,20:20-20:30,UNRESOLVED_DO_NOT_EXPORT_BY_POSITION
result3.xlsx,计划购电量,124,DU1,20:40-20:50,20:30-20:40,UNRESOLVED_DO_NOT_EXPORT_BY_POSITION
result3.xlsx,计划购电量,125,DV1,20:50-21:00,20:40-20:50,UNRESOLVED_DO_NOT_EXPORT_BY_POSITION
result3.xlsx,计划购电量,126,DW1,21:00-21:10,20:50-21:00,UNRESOLVED_DO_NOT_EXPORT_BY_POSITION
result3.xlsx,计划购电量,127,DX1,21:10-21:20,21:00-21:10,UNRESOLVED_DO_NOT_EXPORT_BY_POSITION
result3.xlsx,计划购电量,128,DY1,21:20-21:30,21:10-21:20,UNRESOLVED_DO_NOT_EXPORT_BY_POSITION
result3.xlsx,计划购电量,129,DZ1,21:30-21:40,21:20-21:30,UNRESOLVED_DO_NOT_EXPORT_BY_POSITION
result3.xlsx,计划购电量,130,EA1,21:40-21:50,21:30-21:40,UNRESOLVED_DO_NOT_EXPORT_BY_POSITION
result3.xlsx,计划购电量,131,EB1,21:50-22:00,21:40-21:50,UNRESOLVED_DO_NOT_EXPORT_BY_POSITION
result3.xlsx,计划购电量,132,EC1,22:00-22:10,21:50-22:00,UNRESOLVED_DO_NOT_EXPORT_BY_POSITION
result3.xlsx,计划购电量,133,ED1,22:10-22:20,22:00-22:10,UNRESOLVED_DO_NOT_EXPORT_BY_POSITION
result3.xlsx,计划购电量,134,EE1,22:20-22:30,22:10-22:20,UNRESOLVED_DO_NOT_EXPORT_BY_POSITION
result3.xlsx,计划购电量,135,EF1,22:30-22:40,22:20-22:30,UNRESOLVED_DO_NOT_EXPORT_BY_POSITION
result3.xlsx,计划购电量,136,EG1,22:40-22:50,22:30-22:40,UNRESOLVED_DO_NOT_EXPORT_BY_POSITION
result3.xlsx,计划购电量,137,EH1,22:50-23:00,22:40-22:50,UNRESOLVED_DO_NOT_EXPORT_BY_POSITION
result3.xlsx,计划购电量,138,EI1,23:00-23:10,22:50-23:00,UNRESOLVED_DO_NOT_EXPORT_BY_POSITION
result3.xlsx,计划购电量,139,EJ1,23:10-23:20,23:00-23:10,UNRESOLVED_DO_NOT_EXPORT_BY_POSITION
result3.xlsx,计划购电量,140,EK1,23:20-23:30,23:10-23:20,UNRESOLVED_DO_NOT_EXPORT_BY_POSITION
result3.xlsx,计划购电量,141,EL1,23:30-23:40,23:20-23:30,UNRESOLVED_DO_NOT_EXPORT_BY_POSITION
result3.xlsx,计划购电量,142,EM1,23:40-23:50,23:30-23:40,UNRESOLVED_DO_NOT_EXPORT_BY_POSITION
result3.xlsx,计划购电量,143,EN1,23:50-0:00+1,23:40-23:50,UNRESOLVED_DO_NOT_EXPORT_BY_POSITION
result3.xlsx,计划购电量,144,EO1,0:00-0:10+1,23:50-24:00,UNRESOLVED_DO_NOT_EXPORT_BY_POSITION
result3.xlsx,调整购电量,1,B1,0:10-0:20,00:00-00:10,UNRESOLVED_DO_NOT_EXPORT_BY_POSITION
result3.xlsx,调整购电量,2,C1,0:20-0:30,00:10-00:20,UNRESOLVED_DO_NOT_EXPORT_BY_POSITION
result3.xlsx,调整购电量,3,D1,0:30-0:40,00:20-00:30,UNRESOLVED_DO_NOT_EXPORT_BY_POSITION
result3.xlsx,调整购电量,4,E1,0:40-0:50,00:30-00:40,UNRESOLVED_DO_NOT_EXPORT_BY_POSITION
result3.xlsx,调整购电量,5,F1,0:50-1:00,00:40-00:50,UNRESOLVED_DO_NOT_EXPORT_BY_POSITION
result3.xlsx,调整购电量,6,G1,1:00-1:10,00:50-01:00,UNRESOLVED_DO_NOT_EXPORT_BY_POSITION
result3.xlsx,调整购电量,7,H1,1:10-1:20,01:00-01:10,UNRESOLVED_DO_NOT_EXPORT_BY_POSITION
result3.xlsx,调整购电量,8,I1,1:20-1:30,01:10-01:20,UNRESOLVED_DO_NOT_EXPORT_BY_POSITION
result3.xlsx,调整购电量,9,J1,1:30-1:40,01:20-01:30,UNRESOLVED_DO_NOT_EXPORT_BY_POSITION
result3.xlsx,调整购电量,10,K1,1:40-1:50,01:30-01:40,UNRESOLVED_DO_NOT_EXPORT_BY_POSITION
result3.xlsx,调整购电量,11,L1,1:50-2:00,01:40-01:50,UNRESOLVED_DO_NOT_EXPORT_BY_POSITION
result3.xlsx,调整购电量,12,M1,2:00-2:10,01:50-02:00,UNRESOLVED_DO_NOT_EXPORT_BY_POSITION
result3.xlsx,调整购电量,13,N1,2:10-2:20,02:00-02:10,UNRESOLVED_DO_NOT_EXPORT_BY_POSITION
result3.xlsx,调整购电量,14,O1,2:20-2:30,02:10-02:20,UNRESOLVED_DO_NOT_EXPORT_BY_POSITION
result3.xlsx,调整购电量,15,P1,2:30-2:40,02:20-02:30,UNRESOLVED_DO_NOT_EXPORT_BY_POSITION
result3.xlsx,调整购电量,16,Q1,2:40-2:50,02:30-02:40,UNRESOLVED_DO_NOT_EXPORT_BY_POSITION
result3.xlsx,调整购电量,17,R1,2:50-3:00,02:40-02:50,UNRESOLVED_DO_NOT_EXPORT_BY_POSITION
result3.xlsx,调整购电量,18,S1,3:00-3:10,02:50-03:00,UNRESOLVED_DO_NOT_EXPORT_BY_POSITION
result3.xlsx,调整购电量,19,T1,3:10-3:20,03:00-03:10,UNRESOLVED_DO_NOT_EXPORT_BY_POSITION
result3.xlsx,调整购电量,20,U1,3:20-3:30,03:10-03:20,UNRESOLVED_DO_NOT_EXPORT_BY_POSITION
result3.xlsx,调整购电量,21,V1,3:30-3:40,03:20-03:30,UNRESOLVED_DO_NOT_EXPORT_BY_POSITION
result3.xlsx,调整购电量,22,W1,3:40-3:50,03:30-03:40,UNRESOLVED_DO_NOT_EXPORT_BY_POSITION
result3.xlsx,调整购电量,23,X1,3:50-4:00,03:40-03:50,UNRESOLVED_DO_NOT_EXPORT_BY_POSITION
result3.xlsx,调整购电量,24,Y1,4:00-4:10,03:50-04:00,UNRESOLVED_DO_NOT_EXPORT_BY_POSITION
result3.xlsx,调整购电量,25,Z1,4:10-4:20,04:00-04:10,UNRESOLVED_DO_NOT_EXPORT_BY_POSITION
result3.xlsx,调整购电量,26,AA1,4:20-4:30,04:10-04:20,UNRESOLVED_DO_NOT_EXPORT_BY_POSITION
result3.xlsx,调整购电量,27,AB1,4:30-4:40,04:20-04:30,UNRESOLVED_DO_NOT_EXPORT_BY_POSITION
result3.xlsx,调整购电量,28,AC1,4:40-4:50,04:30-04:40,UNRESOLVED_DO_NOT_EXPORT_BY_POSITION
result3.xlsx,调整购电量,29,AD1,4:50-5:00,04:40-04:50,UNRESOLVED_DO_NOT_EXPORT_BY_POSITION
result3.xlsx,调整购电量,30,AE1,5:00-5:10,04:50-05:00,UNRESOLVED_DO_NOT_EXPORT_BY_POSITION
result3.xlsx,调整购电量,31,AF1,5:10-5:20,05:00-05:10,UNRESOLVED_DO_NOT_EXPORT_BY_POSITION
result3.xlsx,调整购电量,32,AG1,5:20-5:30,05:10-05:20,UNRESOLVED_DO_NOT_EXPORT_BY_POSITION
result3.xlsx,调整购电量,33,AH1,5:30-5:40,05:20-05:30,UNRESOLVED_DO_NOT_EXPORT_BY_POSITION
result3.xlsx,调整购电量,34,AI1,5:40-5:50,05:30-05:40,UNRESOLVED_DO_NOT_EXPORT_BY_POSITION
result3.xlsx,调整购电量,35,AJ1,5:50-6:00,05:40-05:50,UNRESOLVED_DO_NOT_EXPORT_BY_POSITION
result3.xlsx,调整购电量,36,AK1,6:00-6:10,05:50-06:00,UNRESOLVED_DO_NOT_EXPORT_BY_POSITION
result3.xlsx,调整购电量,37,AL1,6:10-6:20,06:00-06:10,UNRESOLVED_DO_NOT_EXPORT_BY_POSITION
result3.xlsx,调整购电量,38,AM1,6:20-6:30,06:10-06:20,UNRESOLVED_DO_NOT_EXPORT_BY_POSITION
result3.xlsx,调整购电量,39,AN1,6:30-6:40,06:20-06:30,UNRESOLVED_DO_NOT_EXPORT_BY_POSITION
result3.xlsx,调整购电量,40,AO1,6:40-6:50,06:30-06:40,UNRESOLVED_DO_NOT_EXPORT_BY_POSITION
result3.xlsx,调整购电量,41,AP1,6:50-7:00,06:40-06:50,UNRESOLVED_DO_NOT_EXPORT_BY_POSITION
result3.xlsx,调整购电量,42,AQ1,7:0-7:10,06:50-07:00,UNRESOLVED_DO_NOT_EXPORT_BY_POSITION
result3.xlsx,调整购电量,43,AR1,7:10-7:20,07:00-07:10,UNRESOLVED_DO_NOT_EXPORT_BY_POSITION
result3.xlsx,调整购电量,44,AS1,7:20-7:30,07:10-07:20,UNRESOLVED_DO_NOT_EXPORT_BY_POSITION
result3.xlsx,调整购电量,45,AT1,7:30-7:40,07:20-07:30,UNRESOLVED_DO_NOT_EXPORT_BY_POSITION
result3.xlsx,调整购电量,46,AU1,7:40-7:50,07:30-07:40,UNRESOLVED_DO_NOT_EXPORT_BY_POSITION
result3.xlsx,调整购电量,47,AV1,7:50-8:00,07:40-07:50,UNRESOLVED_DO_NOT_EXPORT_BY_POSITION
result3.xlsx,调整购电量,48,AW1,8:00-8:10,07:50-08:00,UNRESOLVED_DO_NOT_EXPORT_BY_POSITION
result3.xlsx,调整购电量,49,AX1,8:10-8:20,08:00-08:10,UNRESOLVED_DO_NOT_EXPORT_BY_POSITION
result3.xlsx,调整购电量,50,AY1,8:20-8:30,08:10-08:20,UNRESOLVED_DO_NOT_EXPORT_BY_POSITION
result3.xlsx,调整购电量,51,AZ1,8:30-8:40,08:20-08:30,UNRESOLVED_DO_NOT_EXPORT_BY_POSITION
result3.xlsx,调整购电量,52,BA1,8:40-8:50,08:30-08:40,UNRESOLVED_DO_NOT_EXPORT_BY_POSITION
result3.xlsx,调整购电量,53,BB1,8:50-9:00,08:40-08:50,UNRESOLVED_DO_NOT_EXPORT_BY_POSITION
result3.xlsx,调整购电量,54,BC1,9:00-9:10,08:50-09:00,UNRESOLVED_DO_NOT_EXPORT_BY_POSITION
result3.xlsx,调整购电量,55,BD1,9:10-9:20,09:00-09:10,UNRESOLVED_DO_NOT_EXPORT_BY_POSITION
result3.xlsx,调整购电量,56,BE1,9:20-9:30,09:10-09:20,UNRESOLVED_DO_NOT_EXPORT_BY_POSITION
result3.xlsx,调整购电量,57,BF1,9:30-9:40,09:20-09:30,UNRESOLVED_DO_NOT_EXPORT_BY_POSITION
result3.xlsx,调整购电量,58,BG1,9:40-9:50,09:30-09:40,UNRESOLVED_DO_NOT_EXPORT_BY_POSITION
result3.xlsx,调整购电量,59,BH1,9:50-10:00,09:40-09:50,UNRESOLVED_DO_NOT_EXPORT_BY_POSITION
result3.xlsx,调整购电量,60,BI1,10:00-10:10,09:50-10:00,UNRESOLVED_DO_NOT_EXPORT_BY_POSITION
result3.xlsx,调整购电量,61,BJ1,10:10-10:20,10:00-10:10,UNRESOLVED_DO_NOT_EXPORT_BY_POSITION
result3.xlsx,调整购电量,62,BK1,10:20-10:30,10:10-10:20,UNRESOLVED_DO_NOT_EXPORT_BY_POSITION
result3.xlsx,调整购电量,63,BL1,10:30-10:40,10:20-10:30,UNRESOLVED_DO_NOT_EXPORT_BY_POSITION
result3.xlsx,调整购电量,64,BM1,10:40-10:50,10:30-10:40,UNRESOLVED_DO_NOT_EXPORT_BY_POSITION
result3.xlsx,调整购电量,65,BN1,10:50-11:00,10:40-10:50,UNRESOLVED_DO_NOT_EXPORT_BY_POSITION
result3.xlsx,调整购电量,66,BO1,11:00-11:10,10:50-11:00,UNRESOLVED_DO_NOT_EXPORT_BY_POSITION
result3.xlsx,调整购电量,67,BP1,11:10-11:20,11:00-11:10,UNRESOLVED_DO_NOT_EXPORT_BY_POSITION
result3.xlsx,调整购电量,68,BQ1,11:20-11:30,11:10-11:20,UNRESOLVED_DO_NOT_EXPORT_BY_POSITION
result3.xlsx,调整购电量,69,BR1,11:30-11:40,11:20-11:30,UNRESOLVED_DO_NOT_EXPORT_BY_POSITION
result3.xlsx,调整购电量,70,BS1,11:40-11:50,11:30-11:40,UNRESOLVED_DO_NOT_EXPORT_BY_POSITION
result3.xlsx,调整购电量,71,BT1,11:50-12:00,11:40-11:50,UNRESOLVED_DO_NOT_EXPORT_BY_POSITION
result3.xlsx,调整购电量,72,BU1,12:00-12:10,11:50-12:00,UNRESOLVED_DO_NOT_EXPORT_BY_POSITION
result3.xlsx,调整购电量,73,BV1,12:10-12:20,12:00-12:10,UNRESOLVED_DO_NOT_EXPORT_BY_POSITION
result3.xlsx,调整购电量,74,BW1,12:20-12:30,12:10-12:20,UNRESOLVED_DO_NOT_EXPORT_BY_POSITION
result3.xlsx,调整购电量,75,BX1,12:30-12:40,12:20-12:30,UNRESOLVED_DO_NOT_EXPORT_BY_POSITION
result3.xlsx,调整购电量,76,BY1,12:40-12:50,12:30-12:40,UNRESOLVED_DO_NOT_EXPORT_BY_POSITION
result3.xlsx,调整购电量,77,BZ1,12:50-13:00,12:40-12:50,UNRESOLVED_DO_NOT_EXPORT_BY_POSITION
result3.xlsx,调整购电量,78,CA1,13:00-13:10,12:50-13:00,UNRESOLVED_DO_NOT_EXPORT_BY_POSITION
result3.xlsx,调整购电量,79,CB1,13:10-13:20,13:00-13:10,UNRESOLVED_DO_NOT_EXPORT_BY_POSITION
result3.xlsx,调整购电量,80,CC1,13:20-13:30,13:10-13:20,UNRESOLVED_DO_NOT_EXPORT_BY_POSITION
result3.xlsx,调整购电量,81,CD1,13:30-13:40,13:20-13:30,UNRESOLVED_DO_NOT_EXPORT_BY_POSITION
result3.xlsx,调整购电量,82,CE1,13:40-13:50,13:30-13:40,UNRESOLVED_DO_NOT_EXPORT_BY_POSITION
result3.xlsx,调整购电量,83,CF1,13:50-14:00,13:40-13:50,UNRESOLVED_DO_NOT_EXPORT_BY_POSITION
result3.xlsx,调整购电量,84,CG1,14:00-14:10,13:50-14:00,UNRESOLVED_DO_NOT_EXPORT_BY_POSITION
result3.xlsx,调整购电量,85,CH1,14:10-14:20,14:00-14:10,UNRESOLVED_DO_NOT_EXPORT_BY_POSITION
result3.xlsx,调整购电量,86,CI1,14:20-14:30,14:10-14:20,UNRESOLVED_DO_NOT_EXPORT_BY_POSITION
result3.xlsx,调整购电量,87,CJ1,14:30-14:40,14:20-14:30,UNRESOLVED_DO_NOT_EXPORT_BY_POSITION
result3.xlsx,调整购电量,88,CK1,14:40-14:50,14:30-14:40,UNRESOLVED_DO_NOT_EXPORT_BY_POSITION
result3.xlsx,调整购电量,89,CL1,14:50-15:00,14:40-14:50,UNRESOLVED_DO_NOT_EXPORT_BY_POSITION
result3.xlsx,调整购电量,90,CM1,15:00-15:10,14:50-15:00,UNRESOLVED_DO_NOT_EXPORT_BY_POSITION
result3.xlsx,调整购电量,91,CN1,15:10-15:20,15:00-15:10,UNRESOLVED_DO_NOT_EXPORT_BY_POSITION
result3.xlsx,调整购电量,92,CO1,15:20-15:30,15:10-15:20,UNRESOLVED_DO_NOT_EXPORT_BY_POSITION
result3.xlsx,调整购电量,93,CP1,15:30-15:40,15:20-15:30,UNRESOLVED_DO_NOT_EXPORT_BY_POSITION
result3.xlsx,调整购电量,94,CQ1,15:40-15:50,15:30-15:40,UNRESOLVED_DO_NOT_EXPORT_BY_POSITION
result3.xlsx,调整购电量,95,CR1,15:50-16:00,15:40-15:50,UNRESOLVED_DO_NOT_EXPORT_BY_POSITION
result3.xlsx,调整购电量,96,CS1,16:00-16:10,15:50-16:00,UNRESOLVED_DO_NOT_EXPORT_BY_POSITION
result3.xlsx,调整购电量,97,CT1,16:10-16:20,16:00-16:10,UNRESOLVED_DO_NOT_EXPORT_BY_POSITION
result3.xlsx,调整购电量,98,CU1,16:20-16:30,16:10-16:20,UNRESOLVED_DO_NOT_EXPORT_BY_POSITION
result3.xlsx,调整购电量,99,CV1,16:30-16:40,16:20-16:30,UNRESOLVED_DO_NOT_EXPORT_BY_POSITION
result3.xlsx,调整购电量,100,CW1,16:40-16:50,16:30-16:40,UNRESOLVED_DO_NOT_EXPORT_BY_POSITION
result3.xlsx,调整购电量,101,CX1,16:50-17:00,16:40-16:50,UNRESOLVED_DO_NOT_EXPORT_BY_POSITION
result3.xlsx,调整购电量,102,CY1,17:00-17:10,16:50-17:00,UNRESOLVED_DO_NOT_EXPORT_BY_POSITION
result3.xlsx,调整购电量,103,CZ1,17:10-17:20,17:00-17:10,UNRESOLVED_DO_NOT_EXPORT_BY_POSITION
result3.xlsx,调整购电量,104,DA1,17:20-17:30,17:10-17:20,UNRESOLVED_DO_NOT_EXPORT_BY_POSITION
result3.xlsx,调整购电量,105,DB1,17:30-17:40,17:20-17:30,UNRESOLVED_DO_NOT_EXPORT_BY_POSITION
result3.xlsx,调整购电量,106,DC1,17:40-17:50,17:30-17:40,UNRESOLVED_DO_NOT_EXPORT_BY_POSITION
result3.xlsx,调整购电量,107,DD1,17:50-18:00,17:40-17:50,UNRESOLVED_DO_NOT_EXPORT_BY_POSITION
result3.xlsx,调整购电量,108,DE1,18:00-18:10,17:50-18:00,UNRESOLVED_DO_NOT_EXPORT_BY_POSITION
result3.xlsx,调整购电量,109,DF1,18:10-18:20,18:00-18:10,UNRESOLVED_DO_NOT_EXPORT_BY_POSITION
result3.xlsx,调整购电量,110,DG1,18:20-18:30,18:10-18:20,UNRESOLVED_DO_NOT_EXPORT_BY_POSITION
result3.xlsx,调整购电量,111,DH1,18:30-18:40,18:20-18:30,UNRESOLVED_DO_NOT_EXPORT_BY_POSITION
result3.xlsx,调整购电量,112,DI1,18:40-18:50,18:30-18:40,UNRESOLVED_DO_NOT_EXPORT_BY_POSITION
result3.xlsx,调整购电量,113,DJ1,18:50-19:00,18:40-18:50,UNRESOLVED_DO_NOT_EXPORT_BY_POSITION
result3.xlsx,调整购电量,114,DK1,19:00-19:10,18:50-19:00,UNRESOLVED_DO_NOT_EXPORT_BY_POSITION
result3.xlsx,调整购电量,115,DL1,19:10-19:20,19:00-19:10,UNRESOLVED_DO_NOT_EXPORT_BY_POSITION
result3.xlsx,调整购电量,116,DM1,19:20-19:30,19:10-19:20,UNRESOLVED_DO_NOT_EXPORT_BY_POSITION
result3.xlsx,调整购电量,117,DN1,19:30-19:40,19:20-19:30,UNRESOLVED_DO_NOT_EXPORT_BY_POSITION
result3.xlsx,调整购电量,118,DO1,19:40-19:50,19:30-19:40,UNRESOLVED_DO_NOT_EXPORT_BY_POSITION
result3.xlsx,调整购电量,119,DP1,19:50-20:00,19:40-19:50,UNRESOLVED_DO_NOT_EXPORT_BY_POSITION
result3.xlsx,调整购电量,120,DQ1,20:00-20:10,19:50-20:00,UNRESOLVED_DO_NOT_EXPORT_BY_POSITION
result3.xlsx,调整购电量,121,DR1,20:10-20:20,20:00-20:10,UNRESOLVED_DO_NOT_EXPORT_BY_POSITION
result3.xlsx,调整购电量,122,DS1,20:20-20:30,20:10-20:20,UNRESOLVED_DO_NOT_EXPORT_BY_POSITION
result3.xlsx,调整购电量,123,DT1,20:30-20:40,20:20-20:30,UNRESOLVED_DO_NOT_EXPORT_BY_POSITION
result3.xlsx,调整购电量,124,DU1,20:40-20:50,20:30-20:40,UNRESOLVED_DO_NOT_EXPORT_BY_POSITION
result3.xlsx,调整购电量,125,DV1,20:50-21:00,20:40-20:50,UNRESOLVED_DO_NOT_EXPORT_BY_POSITION
result3.xlsx,调整购电量,126,DW1,21:00-21:10,20:50-21:00,UNRESOLVED_DO_NOT_EXPORT_BY_POSITION
result3.xlsx,调整购电量,127,DX1,21:10-21:20,21:00-21:10,UNRESOLVED_DO_NOT_EXPORT_BY_POSITION
result3.xlsx,调整购电量,128,DY1,21:20-21:30,21:10-21:20,UNRESOLVED_DO_NOT_EXPORT_BY_POSITION
result3.xlsx,调整购电量,129,DZ1,21:30-21:40,21:20-21:30,UNRESOLVED_DO_NOT_EXPORT_BY_POSITION
result3.xlsx,调整购电量,130,EA1,21:40-21:50,21:30-21:40,UNRESOLVED_DO_NOT_EXPORT_BY_POSITION
result3.xlsx,调整购电量,131,EB1,21:50-22:00,21:40-21:50,UNRESOLVED_DO_NOT_EXPORT_BY_POSITION
result3.xlsx,调整购电量,132,EC1,22:00-22:10,21:50-22:00,UNRESOLVED_DO_NOT_EXPORT_BY_POSITION
result3.xlsx,调整购电量,133,ED1,22:10-22:20,22:00-22:10,UNRESOLVED_DO_NOT_EXPORT_BY_POSITION
result3.xlsx,调整购电量,134,EE1,22:20-22:30,22:10-22:20,UNRESOLVED_DO_NOT_EXPORT_BY_POSITION
result3.xlsx,调整购电量,135,EF1,22:30-22:40,22:20-22:30,UNRESOLVED_DO_NOT_EXPORT_BY_POSITION
result3.xlsx,调整购电量,136,EG1,22:40-22:50,22:30-22:40,UNRESOLVED_DO_NOT_EXPORT_BY_POSITION
result3.xlsx,调整购电量,137,EH1,22:50-23:00,22:40-22:50,UNRESOLVED_DO_NOT_EXPORT_BY_POSITION
result3.xlsx,调整购电量,138,EI1,23:00-23:10,22:50-23:00,UNRESOLVED_DO_NOT_EXPORT_BY_POSITION
result3.xlsx,调整购电量,139,EJ1,23:10-23:20,23:00-23:10,UNRESOLVED_DO_NOT_EXPORT_BY_POSITION
result3.xlsx,调整购电量,140,EK1,23:20-23:30,23:10-23:20,UNRESOLVED_DO_NOT_EXPORT_BY_POSITION
result3.xlsx,调整购电量,141,EL1,23:30-23:40,23:20-23:30,UNRESOLVED_DO_NOT_EXPORT_BY_POSITION
result3.xlsx,调整购电量,142,EM1,23:40-23:50,23:30-23:40,UNRESOLVED_DO_NOT_EXPORT_BY_POSITION
result3.xlsx,调整购电量,143,EN1,23:50-0:00+1,23:40-23:50,UNRESOLVED_DO_NOT_EXPORT_BY_POSITION
result3.xlsx,调整购电量,144,EO1,0:00-0:10+1,23:50-24:00,UNRESOLVED_DO_NOT_EXPORT_BY_POSITION
result4-2.xlsx,计划购电量,1,B1,0:10-0:20,00:00-00:10,UNRESOLVED_DO_NOT_EXPORT_BY_POSITION
result4-2.xlsx,计划购电量,2,C1,0:20-0:30,00:10-00:20,UNRESOLVED_DO_NOT_EXPORT_BY_POSITION
result4-2.xlsx,计划购电量,3,D1,0:30-0:40,00:20-00:30,UNRESOLVED_DO_NOT_EXPORT_BY_POSITION
result4-2.xlsx,计划购电量,4,E1,0:40-0:50,00:30-00:40,UNRESOLVED_DO_NOT_EXPORT_BY_POSITION
result4-2.xlsx,计划购电量,5,F1,0:50-1:00,00:40-00:50,UNRESOLVED_DO_NOT_EXPORT_BY_POSITION
result4-2.xlsx,计划购电量,6,G1,1:00-1:10,00:50-01:00,UNRESOLVED_DO_NOT_EXPORT_BY_POSITION
result4-2.xlsx,计划购电量,7,H1,1:10-1:20,01:00-01:10,UNRESOLVED_DO_NOT_EXPORT_BY_POSITION
result4-2.xlsx,计划购电量,8,I1,1:20-1:30,01:10-01:20,UNRESOLVED_DO_NOT_EXPORT_BY_POSITION
result4-2.xlsx,计划购电量,9,J1,1:30-1:40,01:20-01:30,UNRESOLVED_DO_NOT_EXPORT_BY_POSITION
result4-2.xlsx,计划购电量,10,K1,1:40-1:50,01:30-01:40,UNRESOLVED_DO_NOT_EXPORT_BY_POSITION
result4-2.xlsx,计划购电量,11,L1,1:50-2:00,01:40-01:50,UNRESOLVED_DO_NOT_EXPORT_BY_POSITION
result4-2.xlsx,计划购电量,12,M1,2:00-2:10,01:50-02:00,UNRESOLVED_DO_NOT_EXPORT_BY_POSITION
result4-2.xlsx,计划购电量,13,N1,2:10-2:20,02:00-02:10,UNRESOLVED_DO_NOT_EXPORT_BY_POSITION
result4-2.xlsx,计划购电量,14,O1,2:20-2:30,02:10-02:20,UNRESOLVED_DO_NOT_EXPORT_BY_POSITION
result4-2.xlsx,计划购电量,15,P1,2:30-2:40,02:20-02:30,UNRESOLVED_DO_NOT_EXPORT_BY_POSITION
result4-2.xlsx,计划购电量,16,Q1,2:40-2:50,02:30-02:40,UNRESOLVED_DO_NOT_EXPORT_BY_POSITION
result4-2.xlsx,计划购电量,17,R1,2:50-3:00,02:40-02:50,UNRESOLVED_DO_NOT_EXPORT_BY_POSITION
result4-2.xlsx,计划购电量,18,S1,3:00-3:10,02:50-03:00,UNRESOLVED_DO_NOT_EXPORT_BY_POSITION
result4-2.xlsx,计划购电量,19,T1,3:10-3:20,03:00-03:10,UNRESOLVED_DO_NOT_EXPORT_BY_POSITION
result4-2.xlsx,计划购电量,20,U1,3:20-3:30,03:10-03:20,UNRESOLVED_DO_NOT_EXPORT_BY_POSITION
result4-2.xlsx,计划购电量,21,V1,3:30-3:40,03:20-03:30,UNRESOLVED_DO_NOT_EXPORT_BY_POSITION
result4-2.xlsx,计划购电量,22,W1,3:40-3:50,03:30-03:40,UNRESOLVED_DO_NOT_EXPORT_BY_POSITION
result4-2.xlsx,计划购电量,23,X1,3:50-4:00,03:40-03:50,UNRESOLVED_DO_NOT_EXPORT_BY_POSITION
result4-2.xlsx,计划购电量,24,Y1,4:00-4:10,03:50-04:00,UNRESOLVED_DO_NOT_EXPORT_BY_POSITION
result4-2.xlsx,计划购电量,25,Z1,4:10-4:20,04:00-04:10,UNRESOLVED_DO_NOT_EXPORT_BY_POSITION
result4-2.xlsx,计划购电量,26,AA1,4:20-4:30,04:10-04:20,UNRESOLVED_DO_NOT_EXPORT_BY_POSITION
result4-2.xlsx,计划购电量,27,AB1,4:30-4:40,04:20-04:30,UNRESOLVED_DO_NOT_EXPORT_BY_POSITION
result4-2.xlsx,计划购电量,28,AC1,4:40-4:50,04:30-04:40,UNRESOLVED_DO_NOT_EXPORT_BY_POSITION
result4-2.xlsx,计划购电量,29,AD1,4:50-5:00,04:40-04:50,UNRESOLVED_DO_NOT_EXPORT_BY_POSITION
result4-2.xlsx,计划购电量,30,AE1,5:00-5:10,04:50-05:00,UNRESOLVED_DO_NOT_EXPORT_BY_POSITION
result4-2.xlsx,计划购电量,31,AF1,5:10-5:20,05:00-05:10,UNRESOLVED_DO_NOT_EXPORT_BY_POSITION
result4-2.xlsx,计划购电量,32,AG1,5:20-5:30,05:10-05:20,UNRESOLVED_DO_NOT_EXPORT_BY_POSITION
result4-2.xlsx,计划购电量,33,AH1,5:30-5:40,05:20-05:30,UNRESOLVED_DO_NOT_EXPORT_BY_POSITION
result4-2.xlsx,计划购电量,34,AI1,5:40-5:50,05:30-05:40,UNRESOLVED_DO_NOT_EXPORT_BY_POSITION
result4-2.xlsx,计划购电量,35,AJ1,5:50-6:00,05:40-05:50,UNRESOLVED_DO_NOT_EXPORT_BY_POSITION
result4-2.xlsx,计划购电量,36,AK1,6:00-6:10,05:50-06:00,UNRESOLVED_DO_NOT_EXPORT_BY_POSITION
result4-2.xlsx,计划购电量,37,AL1,6:10-6:20,06:00-06:10,UNRESOLVED_DO_NOT_EXPORT_BY_POSITION
result4-2.xlsx,计划购电量,38,AM1,6:20-6:30,06:10-06:20,UNRESOLVED_DO_NOT_EXPORT_BY_POSITION
result4-2.xlsx,计划购电量,39,AN1,6:30-6:40,06:20-06:30,UNRESOLVED_DO_NOT_EXPORT_BY_POSITION
result4-2.xlsx,计划购电量,40,AO1,6:40-6:50,06:30-06:40,UNRESOLVED_DO_NOT_EXPORT_BY_POSITION
result4-2.xlsx,计划购电量,41,AP1,6:50-7:00,06:40-06:50,UNRESOLVED_DO_NOT_EXPORT_BY_POSITION
result4-2.xlsx,计划购电量,42,AQ1,7:0-7:10,06:50-07:00,UNRESOLVED_DO_NOT_EXPORT_BY_POSITION
result4-2.xlsx,计划购电量,43,AR1,7:10-7:20,07:00-07:10,UNRESOLVED_DO_NOT_EXPORT_BY_POSITION
result4-2.xlsx,计划购电量,44,AS1,7:20-7:30,07:10-07:20,UNRESOLVED_DO_NOT_EXPORT_BY_POSITION
result4-2.xlsx,计划购电量,45,AT1,7:30-7:40,07:20-07:30,UNRESOLVED_DO_NOT_EXPORT_BY_POSITION
result4-2.xlsx,计划购电量,46,AU1,7:40-7:50,07:30-07:40,UNRESOLVED_DO_NOT_EXPORT_BY_POSITION
result4-2.xlsx,计划购电量,47,AV1,7:50-8:00,07:40-07:50,UNRESOLVED_DO_NOT_EXPORT_BY_POSITION
result4-2.xlsx,计划购电量,48,AW1,8:00-8:10,07:50-08:00,UNRESOLVED_DO_NOT_EXPORT_BY_POSITION
result4-2.xlsx,计划购电量,49,AX1,8:10-8:20,08:00-08:10,UNRESOLVED_DO_NOT_EXPORT_BY_POSITION
result4-2.xlsx,计划购电量,50,AY1,8:20-8:30,08:10-08:20,UNRESOLVED_DO_NOT_EXPORT_BY_POSITION
result4-2.xlsx,计划购电量,51,AZ1,8:30-8:40,08:20-08:30,UNRESOLVED_DO_NOT_EXPORT_BY_POSITION
result4-2.xlsx,计划购电量,52,BA1,8:40-8:50,08:30-08:40,UNRESOLVED_DO_NOT_EXPORT_BY_POSITION
result4-2.xlsx,计划购电量,53,BB1,8:50-9:00,08:40-08:50,UNRESOLVED_DO_NOT_EXPORT_BY_POSITION
result4-2.xlsx,计划购电量,54,BC1,9:00-9:10,08:50-09:00,UNRESOLVED_DO_NOT_EXPORT_BY_POSITION
result4-2.xlsx,计划购电量,55,BD1,9:10-9:20,09:00-09:10,UNRESOLVED_DO_NOT_EXPORT_BY_POSITION
result4-2.xlsx,计划购电量,56,BE1,9:20-9:30,09:10-09:20,UNRESOLVED_DO_NOT_EXPORT_BY_POSITION
result4-2.xlsx,计划购电量,57,BF1,9:30-9:40,09:20-09:30,UNRESOLVED_DO_NOT_EXPORT_BY_POSITION
result4-2.xlsx,计划购电量,58,BG1,9:40-9:50,09:30-09:40,UNRESOLVED_DO_NOT_EXPORT_BY_POSITION
result4-2.xlsx,计划购电量,59,BH1,9:50-10:00,09:40-09:50,UNRESOLVED_DO_NOT_EXPORT_BY_POSITION
result4-2.xlsx,计划购电量,60,BI1,10:00-10:10,09:50-10:00,UNRESOLVED_DO_NOT_EXPORT_BY_POSITION
result4-2.xlsx,计划购电量,61,BJ1,10:10-10:20,10:00-10:10,UNRESOLVED_DO_NOT_EXPORT_BY_POSITION
result4-2.xlsx,计划购电量,62,BK1,10:20-10:30,10:10-10:20,UNRESOLVED_DO_NOT_EXPORT_BY_POSITION
result4-2.xlsx,计划购电量,63,BL1,10:30-10:40,10:20-10:30,UNRESOLVED_DO_NOT_EXPORT_BY_POSITION
result4-2.xlsx,计划购电量,64,BM1,10:40-10:50,10:30-10:40,UNRESOLVED_DO_NOT_EXPORT_BY_POSITION
result4-2.xlsx,计划购电量,65,BN1,10:50-11:00,10:40-10:50,UNRESOLVED_DO_NOT_EXPORT_BY_POSITION
result4-2.xlsx,计划购电量,66,BO1,11:00-11:10,10:50-11:00,UNRESOLVED_DO_NOT_EXPORT_BY_POSITION
result4-2.xlsx,计划购电量,67,BP1,11:10-11:20,11:00-11:10,UNRESOLVED_DO_NOT_EXPORT_BY_POSITION
result4-2.xlsx,计划购电量,68,BQ1,11:20-11:30,11:10-11:20,UNRESOLVED_DO_NOT_EXPORT_BY_POSITION
result4-2.xlsx,计划购电量,69,BR1,11:30-11:40,11:20-11:30,UNRESOLVED_DO_NOT_EXPORT_BY_POSITION
result4-2.xlsx,计划购电量,70,BS1,11:40-11:50,11:30-11:40,UNRESOLVED_DO_NOT_EXPORT_BY_POSITION
result4-2.xlsx,计划购电量,71,BT1,11:50-12:00,11:40-11:50,UNRESOLVED_DO_NOT_EXPORT_BY_POSITION
result4-2.xlsx,计划购电量,72,BU1,12:00-12:10,11:50-12:00,UNRESOLVED_DO_NOT_EXPORT_BY_POSITION
result4-2.xlsx,计划购电量,73,BV1,12:10-12:20,12:00-12:10,UNRESOLVED_DO_NOT_EXPORT_BY_POSITION
result4-2.xlsx,计划购电量,74,BW1,12:20-12:30,12:10-12:20,UNRESOLVED_DO_NOT_EXPORT_BY_POSITION
result4-2.xlsx,计划购电量,75,BX1,12:30-12:40,12:20-12:30,UNRESOLVED_DO_NOT_EXPORT_BY_POSITION
result4-2.xlsx,计划购电量,76,BY1,12:40-12:50,12:30-12:40,UNRESOLVED_DO_NOT_EXPORT_BY_POSITION
result4-2.xlsx,计划购电量,77,BZ1,12:50-13:00,12:40-12:50,UNRESOLVED_DO_NOT_EXPORT_BY_POSITION
result4-2.xlsx,计划购电量,78,CA1,13:00-13:10,12:50-13:00,UNRESOLVED_DO_NOT_EXPORT_BY_POSITION
result4-2.xlsx,计划购电量,79,CB1,13:10-13:20,13:00-13:10,UNRESOLVED_DO_NOT_EXPORT_BY_POSITION
result4-2.xlsx,计划购电量,80,CC1,13:20-13:30,13:10-13:20,UNRESOLVED_DO_NOT_EXPORT_BY_POSITION
result4-2.xlsx,计划购电量,81,CD1,13:30-13:40,13:20-13:30,UNRESOLVED_DO_NOT_EXPORT_BY_POSITION
result4-2.xlsx,计划购电量,82,CE1,13:40-13:50,13:30-13:40,UNRESOLVED_DO_NOT_EXPORT_BY_POSITION
result4-2.xlsx,计划购电量,83,CF1,13:50-14:00,13:40-13:50,UNRESOLVED_DO_NOT_EXPORT_BY_POSITION
result4-2.xlsx,计划购电量,84,CG1,14:00-14:10,13:50-14:00,UNRESOLVED_DO_NOT_EXPORT_BY_POSITION
result4-2.xlsx,计划购电量,85,CH1,14:10-14:20,14:00-14:10,UNRESOLVED_DO_NOT_EXPORT_BY_POSITION
result4-2.xlsx,计划购电量,86,CI1,14:20-14:30,14:10-14:20,UNRESOLVED_DO_NOT_EXPORT_BY_POSITION
result4-2.xlsx,计划购电量,87,CJ1,14:30-14:40,14:20-14:30,UNRESOLVED_DO_NOT_EXPORT_BY_POSITION
result4-2.xlsx,计划购电量,88,CK1,14:40-14:50,14:30-14:40,UNRESOLVED_DO_NOT_EXPORT_BY_POSITION
result4-2.xlsx,计划购电量,89,CL1,14:50-15:00,14:40-14:50,UNRESOLVED_DO_NOT_EXPORT_BY_POSITION
result4-2.xlsx,计划购电量,90,CM1,15:00-15:10,14:50-15:00,UNRESOLVED_DO_NOT_EXPORT_BY_POSITION
result4-2.xlsx,计划购电量,91,CN1,15:10-15:20,15:00-15:10,UNRESOLVED_DO_NOT_EXPORT_BY_POSITION
result4-2.xlsx,计划购电量,92,CO1,15:20-15:30,15:10-15:20,UNRESOLVED_DO_NOT_EXPORT_BY_POSITION
result4-2.xlsx,计划购电量,93,CP1,15:30-15:40,15:20-15:30,UNRESOLVED_DO_NOT_EXPORT_BY_POSITION
result4-2.xlsx,计划购电量,94,CQ1,15:40-15:50,15:30-15:40,UNRESOLVED_DO_NOT_EXPORT_BY_POSITION
result4-2.xlsx,计划购电量,95,CR1,15:50-16:00,15:40-15:50,UNRESOLVED_DO_NOT_EXPORT_BY_POSITION
result4-2.xlsx,计划购电量,96,CS1,16:00-16:10,15:50-16:00,UNRESOLVED_DO_NOT_EXPORT_BY_POSITION
result4-2.xlsx,计划购电量,97,CT1,16:10-16:20,16:00-16:10,UNRESOLVED_DO_NOT_EXPORT_BY_POSITION
result4-2.xlsx,计划购电量,98,CU1,16:20-16:30,16:10-16:20,UNRESOLVED_DO_NOT_EXPORT_BY_POSITION
result4-2.xlsx,计划购电量,99,CV1,16:30-16:40,16:20-16:30,UNRESOLVED_DO_NOT_EXPORT_BY_POSITION
result4-2.xlsx,计划购电量,100,CW1,16:40-16:50,16:30-16:40,UNRESOLVED_DO_NOT_EXPORT_BY_POSITION
result4-2.xlsx,计划购电量,101,CX1,16:50-17:00,16:40-16:50,UNRESOLVED_DO_NOT_EXPORT_BY_POSITION
result4-2.xlsx,计划购电量,102,CY1,17:00-17:10,16:50-17:00,UNRESOLVED_DO_NOT_EXPORT_BY_POSITION
result4-2.xlsx,计划购电量,103,CZ1,17:10-17:20,17:00-17:10,UNRESOLVED_DO_NOT_EXPORT_BY_POSITION
result4-2.xlsx,计划购电量,104,DA1,17:20-17:30,17:10-17:20,UNRESOLVED_DO_NOT_EXPORT_BY_POSITION
result4-2.xlsx,计划购电量,105,DB1,17:30-17:40,17:20-17:30,UNRESOLVED_DO_NOT_EXPORT_BY_POSITION
result4-2.xlsx,计划购电量,106,DC1,17:40-17:50,17:30-17:40,UNRESOLVED_DO_NOT_EXPORT_BY_POSITION
result4-2.xlsx,计划购电量,107,DD1,17:50-18:00,17:40-17:50,UNRESOLVED_DO_NOT_EXPORT_BY_POSITION
result4-2.xlsx,计划购电量,108,DE1,18:00-18:10,17:50-18:00,UNRESOLVED_DO_NOT_EXPORT_BY_POSITION
result4-2.xlsx,计划购电量,109,DF1,18:10-18:20,18:00-18:10,UNRESOLVED_DO_NOT_EXPORT_BY_POSITION
result4-2.xlsx,计划购电量,110,DG1,18:20-18:30,18:10-18:20,UNRESOLVED_DO_NOT_EXPORT_BY_POSITION
result4-2.xlsx,计划购电量,111,DH1,18:30-18:40,18:20-18:30,UNRESOLVED_DO_NOT_EXPORT_BY_POSITION
result4-2.xlsx,计划购电量,112,DI1,18:40-18:50,18:30-18:40,UNRESOLVED_DO_NOT_EXPORT_BY_POSITION
result4-2.xlsx,计划购电量,113,DJ1,18:50-19:00,18:40-18:50,UNRESOLVED_DO_NOT_EXPORT_BY_POSITION
result4-2.xlsx,计划购电量,114,DK1,19:00-19:10,18:50-19:00,UNRESOLVED_DO_NOT_EXPORT_BY_POSITION
result4-2.xlsx,计划购电量,115,DL1,19:10-19:20,19:00-19:10,UNRESOLVED_DO_NOT_EXPORT_BY_POSITION
result4-2.xlsx,计划购电量,116,DM1,19:20-19:30,19:10-19:20,UNRESOLVED_DO_NOT_EXPORT_BY_POSITION
result4-2.xlsx,计划购电量,117,DN1,19:30-19:40,19:20-19:30,UNRESOLVED_DO_NOT_EXPORT_BY_POSITION
result4-2.xlsx,计划购电量,118,DO1,19:40-19:50,19:30-19:40,UNRESOLVED_DO_NOT_EXPORT_BY_POSITION
result4-2.xlsx,计划购电量,119,DP1,19:50-20:00,19:40-19:50,UNRESOLVED_DO_NOT_EXPORT_BY_POSITION
result4-2.xlsx,计划购电量,120,DQ1,20:00-20:10,19:50-20:00,UNRESOLVED_DO_NOT_EXPORT_BY_POSITION
result4-2.xlsx,计划购电量,121,DR1,20:10-20:20,20:00-20:10,UNRESOLVED_DO_NOT_EXPORT_BY_POSITION
result4-2.xlsx,计划购电量,122,DS1,20:20-20:30,20:10-20:20,UNRESOLVED_DO_NOT_EXPORT_BY_POSITION
result4-2.xlsx,计划购电量,123,DT1,20:30-20:40,20:20-20:30,UNRESOLVED_DO_NOT_EXPORT_BY_POSITION
result4-2.xlsx,计划购电量,124,DU1,20:40-20:50,20:30-20:40,UNRESOLVED_DO_NOT_EXPORT_BY_POSITION
result4-2.xlsx,计划购电量,125,DV1,20:50-21:00,20:40-20:50,UNRESOLVED_DO_NOT_EXPORT_BY_POSITION
result4-2.xlsx,计划购电量,126,DW1,21:00-21:10,20:50-21:00,UNRESOLVED_DO_NOT_EXPORT_BY_POSITION
result4-2.xlsx,计划购电量,127,DX1,21:10-21:20,21:00-21:10,UNRESOLVED_DO_NOT_EXPORT_BY_POSITION
result4-2.xlsx,计划购电量,128,DY1,21:20-21:30,21:10-21:20,UNRESOLVED_DO_NOT_EXPORT_BY_POSITION
result4-2.xlsx,计划购电量,129,DZ1,21:30-21:40,21:20-21:30,UNRESOLVED_DO_NOT_EXPORT_BY_POSITION
result4-2.xlsx,计划购电量,130,EA1,21:40-21:50,21:30-21:40,UNRESOLVED_DO_NOT_EXPORT_BY_POSITION
result4-2.xlsx,计划购电量,131,EB1,21:50-22:00,21:40-21:50,UNRESOLVED_DO_NOT_EXPORT_BY_POSITION
result4-2.xlsx,计划购电量,132,EC1,22:00-22:10,21:50-22:00,UNRESOLVED_DO_NOT_EXPORT_BY_POSITION
result4-2.xlsx,计划购电量,133,ED1,22:10-22:20,22:00-22:10,UNRESOLVED_DO_NOT_EXPORT_BY_POSITION
result4-2.xlsx,计划购电量,134,EE1,22:20-22:30,22:10-22:20,UNRESOLVED_DO_NOT_EXPORT_BY_POSITION
result4-2.xlsx,计划购电量,135,EF1,22:30-22:40,22:20-22:30,UNRESOLVED_DO_NOT_EXPORT_BY_POSITION
result4-2.xlsx,计划购电量,136,EG1,22:40-22:50,22:30-22:40,UNRESOLVED_DO_NOT_EXPORT_BY_POSITION
result4-2.xlsx,计划购电量,137,EH1,22:50-23:00,22:40-22:50,UNRESOLVED_DO_NOT_EXPORT_BY_POSITION
result4-2.xlsx,计划购电量,138,EI1,23:00-23:10,22:50-23:00,UNRESOLVED_DO_NOT_EXPORT_BY_POSITION
result4-2.xlsx,计划购电量,139,EJ1,23:10-23:20,23:00-23:10,UNRESOLVED_DO_NOT_EXPORT_BY_POSITION
result4-2.xlsx,计划购电量,140,EK1,23:20-23:30,23:10-23:20,UNRESOLVED_DO_NOT_EXPORT_BY_POSITION
result4-2.xlsx,计划购电量,141,EL1,23:30-23:40,23:20-23:30,UNRESOLVED_DO_NOT_EXPORT_BY_POSITION
result4-2.xlsx,计划购电量,142,EM1,23:40-23:50,23:30-23:40,UNRESOLVED_DO_NOT_EXPORT_BY_POSITION
result4-2.xlsx,计划购电量,143,EN1,23:50-0:00+1,23:40-23:50,UNRESOLVED_DO_NOT_EXPORT_BY_POSITION
result4-2.xlsx,计划购电量,144,EO1,0:00-0:10+1,23:50-24:00,UNRESOLVED_DO_NOT_EXPORT_BY_POSITION
result4-3.xlsx,计划购电量,1,B1,0:10-0:20,00:00-00:10,UNRESOLVED_DO_NOT_EXPORT_BY_POSITION
result4-3.xlsx,计划购电量,2,C1,0:20-0:30,00:10-00:20,UNRESOLVED_DO_NOT_EXPORT_BY_POSITION
result4-3.xlsx,计划购电量,3,D1,0:30-0:40,00:20-00:30,UNRESOLVED_DO_NOT_EXPORT_BY_POSITION
result4-3.xlsx,计划购电量,4,E1,0:40-0:50,00:30-00:40,UNRESOLVED_DO_NOT_EXPORT_BY_POSITION
result4-3.xlsx,计划购电量,5,F1,0:50-1:00,00:40-00:50,UNRESOLVED_DO_NOT_EXPORT_BY_POSITION
result4-3.xlsx,计划购电量,6,G1,1:00-1:10,00:50-01:00,UNRESOLVED_DO_NOT_EXPORT_BY_POSITION
result4-3.xlsx,计划购电量,7,H1,1:10-1:20,01:00-01:10,UNRESOLVED_DO_NOT_EXPORT_BY_POSITION
result4-3.xlsx,计划购电量,8,I1,1:20-1:30,01:10-01:20,UNRESOLVED_DO_NOT_EXPORT_BY_POSITION
result4-3.xlsx,计划购电量,9,J1,1:30-1:40,01:20-01:30,UNRESOLVED_DO_NOT_EXPORT_BY_POSITION
result4-3.xlsx,计划购电量,10,K1,1:40-1:50,01:30-01:40,UNRESOLVED_DO_NOT_EXPORT_BY_POSITION
result4-3.xlsx,计划购电量,11,L1,1:50-2:00,01:40-01:50,UNRESOLVED_DO_NOT_EXPORT_BY_POSITION
result4-3.xlsx,计划购电量,12,M1,2:00-2:10,01:50-02:00,UNRESOLVED_DO_NOT_EXPORT_BY_POSITION
result4-3.xlsx,计划购电量,13,N1,2:10-2:20,02:00-02:10,UNRESOLVED_DO_NOT_EXPORT_BY_POSITION
result4-3.xlsx,计划购电量,14,O1,2:20-2:30,02:10-02:20,UNRESOLVED_DO_NOT_EXPORT_BY_POSITION
result4-3.xlsx,计划购电量,15,P1,2:30-2:40,02:20-02:30,UNRESOLVED_DO_NOT_EXPORT_BY_POSITION
result4-3.xlsx,计划购电量,16,Q1,2:40-2:50,02:30-02:40,UNRESOLVED_DO_NOT_EXPORT_BY_POSITION
result4-3.xlsx,计划购电量,17,R1,2:50-3:00,02:40-02:50,UNRESOLVED_DO_NOT_EXPORT_BY_POSITION
result4-3.xlsx,计划购电量,18,S1,3:00-3:10,02:50-03:00,UNRESOLVED_DO_NOT_EXPORT_BY_POSITION
result4-3.xlsx,计划购电量,19,T1,3:10-3:20,03:00-03:10,UNRESOLVED_DO_NOT_EXPORT_BY_POSITION
result4-3.xlsx,计划购电量,20,U1,3:20-3:30,03:10-03:20,UNRESOLVED_DO_NOT_EXPORT_BY_POSITION
result4-3.xlsx,计划购电量,21,V1,3:30-3:40,03:20-03:30,UNRESOLVED_DO_NOT_EXPORT_BY_POSITION
result4-3.xlsx,计划购电量,22,W1,3:40-3:50,03:30-03:40,UNRESOLVED_DO_NOT_EXPORT_BY_POSITION
result4-3.xlsx,计划购电量,23,X1,3:50-4:00,03:40-03:50,UNRESOLVED_DO_NOT_EXPORT_BY_POSITION
result4-3.xlsx,计划购电量,24,Y1,4:00-4:10,03:50-04:00,UNRESOLVED_DO_NOT_EXPORT_BY_POSITION
result4-3.xlsx,计划购电量,25,Z1,4:10-4:20,04:00-04:10,UNRESOLVED_DO_NOT_EXPORT_BY_POSITION
result4-3.xlsx,计划购电量,26,AA1,4:20-4:30,04:10-04:20,UNRESOLVED_DO_NOT_EXPORT_BY_POSITION
result4-3.xlsx,计划购电量,27,AB1,4:30-4:40,04:20-04:30,UNRESOLVED_DO_NOT_EXPORT_BY_POSITION
result4-3.xlsx,计划购电量,28,AC1,4:40-4:50,04:30-04:40,UNRESOLVED_DO_NOT_EXPORT_BY_POSITION
result4-3.xlsx,计划购电量,29,AD1,4:50-5:00,04:40-04:50,UNRESOLVED_DO_NOT_EXPORT_BY_POSITION
result4-3.xlsx,计划购电量,30,AE1,5:00-5:10,04:50-05:00,UNRESOLVED_DO_NOT_EXPORT_BY_POSITION
result4-3.xlsx,计划购电量,31,AF1,5:10-5:20,05:00-05:10,UNRESOLVED_DO_NOT_EXPORT_BY_POSITION
result4-3.xlsx,计划购电量,32,AG1,5:20-5:30,05:10-05:20,UNRESOLVED_DO_NOT_EXPORT_BY_POSITION
result4-3.xlsx,计划购电量,33,AH1,5:30-5:40,05:20-05:30,UNRESOLVED_DO_NOT_EXPORT_BY_POSITION
result4-3.xlsx,计划购电量,34,AI1,5:40-5:50,05:30-05:40,UNRESOLVED_DO_NOT_EXPORT_BY_POSITION
result4-3.xlsx,计划购电量,35,AJ1,5:50-6:00,05:40-05:50,UNRESOLVED_DO_NOT_EXPORT_BY_POSITION
result4-3.xlsx,计划购电量,36,AK1,6:00-6:10,05:50-06:00,UNRESOLVED_DO_NOT_EXPORT_BY_POSITION
result4-3.xlsx,计划购电量,37,AL1,6:10-6:20,06:00-06:10,UNRESOLVED_DO_NOT_EXPORT_BY_POSITION
result4-3.xlsx,计划购电量,38,AM1,6:20-6:30,06:10-06:20,UNRESOLVED_DO_NOT_EXPORT_BY_POSITION
result4-3.xlsx,计划购电量,39,AN1,6:30-6:40,06:20-06:30,UNRESOLVED_DO_NOT_EXPORT_BY_POSITION
result4-3.xlsx,计划购电量,40,AO1,6:40-6:50,06:30-06:40,UNRESOLVED_DO_NOT_EXPORT_BY_POSITION
result4-3.xlsx,计划购电量,41,AP1,6:50-7:00,06:40-06:50,UNRESOLVED_DO_NOT_EXPORT_BY_POSITION
result4-3.xlsx,计划购电量,42,AQ1,7:0-7:10,06:50-07:00,UNRESOLVED_DO_NOT_EXPORT_BY_POSITION
result4-3.xlsx,计划购电量,43,AR1,7:10-7:20,07:00-07:10,UNRESOLVED_DO_NOT_EXPORT_BY_POSITION
result4-3.xlsx,计划购电量,44,AS1,7:20-7:30,07:10-07:20,UNRESOLVED_DO_NOT_EXPORT_BY_POSITION
result4-3.xlsx,计划购电量,45,AT1,7:30-7:40,07:20-07:30,UNRESOLVED_DO_NOT_EXPORT_BY_POSITION
result4-3.xlsx,计划购电量,46,AU1,7:40-7:50,07:30-07:40,UNRESOLVED_DO_NOT_EXPORT_BY_POSITION
result4-3.xlsx,计划购电量,47,AV1,7:50-8:00,07:40-07:50,UNRESOLVED_DO_NOT_EXPORT_BY_POSITION
result4-3.xlsx,计划购电量,48,AW1,8:00-8:10,07:50-08:00,UNRESOLVED_DO_NOT_EXPORT_BY_POSITION
result4-3.xlsx,计划购电量,49,AX1,8:10-8:20,08:00-08:10,UNRESOLVED_DO_NOT_EXPORT_BY_POSITION
result4-3.xlsx,计划购电量,50,AY1,8:20-8:30,08:10-08:20,UNRESOLVED_DO_NOT_EXPORT_BY_POSITION
result4-3.xlsx,计划购电量,51,AZ1,8:30-8:40,08:20-08:30,UNRESOLVED_DO_NOT_EXPORT_BY_POSITION
result4-3.xlsx,计划购电量,52,BA1,8:40-8:50,08:30-08:40,UNRESOLVED_DO_NOT_EXPORT_BY_POSITION
result4-3.xlsx,计划购电量,53,BB1,8:50-9:00,08:40-08:50,UNRESOLVED_DO_NOT_EXPORT_BY_POSITION
result4-3.xlsx,计划购电量,54,BC1,9:00-9:10,08:50-09:00,UNRESOLVED_DO_NOT_EXPORT_BY_POSITION
result4-3.xlsx,计划购电量,55,BD1,9:10-9:20,09:00-09:10,UNRESOLVED_DO_NOT_EXPORT_BY_POSITION
result4-3.xlsx,计划购电量,56,BE1,9:20-9:30,09:10-09:20,UNRESOLVED_DO_NOT_EXPORT_BY_POSITION
result4-3.xlsx,计划购电量,57,BF1,9:30-9:40,09:20-09:30,UNRESOLVED_DO_NOT_EXPORT_BY_POSITION
result4-3.xlsx,计划购电量,58,BG1,9:40-9:50,09:30-09:40,UNRESOLVED_DO_NOT_EXPORT_BY_POSITION
result4-3.xlsx,计划购电量,59,BH1,9:50-10:00,09:40-09:50,UNRESOLVED_DO_NOT_EXPORT_BY_POSITION
result4-3.xlsx,计划购电量,60,BI1,10:00-10:10,09:50-10:00,UNRESOLVED_DO_NOT_EXPORT_BY_POSITION
result4-3.xlsx,计划购电量,61,BJ1,10:10-10:20,10:00-10:10,UNRESOLVED_DO_NOT_EXPORT_BY_POSITION
result4-3.xlsx,计划购电量,62,BK1,10:20-10:30,10:10-10:20,UNRESOLVED_DO_NOT_EXPORT_BY_POSITION
result4-3.xlsx,计划购电量,63,BL1,10:30-10:40,10:20-10:30,UNRESOLVED_DO_NOT_EXPORT_BY_POSITION
result4-3.xlsx,计划购电量,64,BM1,10:40-10:50,10:30-10:40,UNRESOLVED_DO_NOT_EXPORT_BY_POSITION
result4-3.xlsx,计划购电量,65,BN1,10:50-11:00,10:40-10:50,UNRESOLVED_DO_NOT_EXPORT_BY_POSITION
result4-3.xlsx,计划购电量,66,BO1,11:00-11:10,10:50-11:00,UNRESOLVED_DO_NOT_EXPORT_BY_POSITION
result4-3.xlsx,计划购电量,67,BP1,11:10-11:20,11:00-11:10,UNRESOLVED_DO_NOT_EXPORT_BY_POSITION
result4-3.xlsx,计划购电量,68,BQ1,11:20-11:30,11:10-11:20,UNRESOLVED_DO_NOT_EXPORT_BY_POSITION
result4-3.xlsx,计划购电量,69,BR1,11:30-11:40,11:20-11:30,UNRESOLVED_DO_NOT_EXPORT_BY_POSITION
result4-3.xlsx,计划购电量,70,BS1,11:40-11:50,11:30-11:40,UNRESOLVED_DO_NOT_EXPORT_BY_POSITION
result4-3.xlsx,计划购电量,71,BT1,11:50-12:00,11:40-11:50,UNRESOLVED_DO_NOT_EXPORT_BY_POSITION
result4-3.xlsx,计划购电量,72,BU1,12:00-12:10,11:50-12:00,UNRESOLVED_DO_NOT_EXPORT_BY_POSITION
result4-3.xlsx,计划购电量,73,BV1,12:10-12:20,12:00-12:10,UNRESOLVED_DO_NOT_EXPORT_BY_POSITION
result4-3.xlsx,计划购电量,74,BW1,12:20-12:30,12:10-12:20,UNRESOLVED_DO_NOT_EXPORT_BY_POSITION
result4-3.xlsx,计划购电量,75,BX1,12:30-12:40,12:20-12:30,UNRESOLVED_DO_NOT_EXPORT_BY_POSITION
result4-3.xlsx,计划购电量,76,BY1,12:40-12:50,12:30-12:40,UNRESOLVED_DO_NOT_EXPORT_BY_POSITION
result4-3.xlsx,计划购电量,77,BZ1,12:50-13:00,12:40-12:50,UNRESOLVED_DO_NOT_EXPORT_BY_POSITION
result4-3.xlsx,计划购电量,78,CA1,13:00-13:10,12:50-13:00,UNRESOLVED_DO_NOT_EXPORT_BY_POSITION
result4-3.xlsx,计划购电量,79,CB1,13:10-13:20,13:00-13:10,UNRESOLVED_DO_NOT_EXPORT_BY_POSITION
result4-3.xlsx,计划购电量,80,CC1,13:20-13:30,13:10-13:20,UNRESOLVED_DO_NOT_EXPORT_BY_POSITION
result4-3.xlsx,计划购电量,81,CD1,13:30-13:40,13:20-13:30,UNRESOLVED_DO_NOT_EXPORT_BY_POSITION
result4-3.xlsx,计划购电量,82,CE1,13:40-13:50,13:30-13:40,UNRESOLVED_DO_NOT_EXPORT_BY_POSITION
result4-3.xlsx,计划购电量,83,CF1,13:50-14:00,13:40-13:50,UNRESOLVED_DO_NOT_EXPORT_BY_POSITION
result4-3.xlsx,计划购电量,84,CG1,14:00-14:10,13:50-14:00,UNRESOLVED_DO_NOT_EXPORT_BY_POSITION
result4-3.xlsx,计划购电量,85,CH1,14:10-14:20,14:00-14:10,UNRESOLVED_DO_NOT_EXPORT_BY_POSITION
result4-3.xlsx,计划购电量,86,CI1,14:20-14:30,14:10-14:20,UNRESOLVED_DO_NOT_EXPORT_BY_POSITION
result4-3.xlsx,计划购电量,87,CJ1,14:30-14:40,14:20-14:30,UNRESOLVED_DO_NOT_EXPORT_BY_POSITION
result4-3.xlsx,计划购电量,88,CK1,14:40-14:50,14:30-14:40,UNRESOLVED_DO_NOT_EXPORT_BY_POSITION
result4-3.xlsx,计划购电量,89,CL1,14:50-15:00,14:40-14:50,UNRESOLVED_DO_NOT_EXPORT_BY_POSITION
result4-3.xlsx,计划购电量,90,CM1,15:00-15:10,14:50-15:00,UNRESOLVED_DO_NOT_EXPORT_BY_POSITION
result4-3.xlsx,计划购电量,91,CN1,15:10-15:20,15:00-15:10,UNRESOLVED_DO_NOT_EXPORT_BY_POSITION
result4-3.xlsx,计划购电量,92,CO1,15:20-15:30,15:10-15:20,UNRESOLVED_DO_NOT_EXPORT_BY_POSITION
result4-3.xlsx,计划购电量,93,CP1,15:30-15:40,15:20-15:30,UNRESOLVED_DO_NOT_EXPORT_BY_POSITION
result4-3.xlsx,计划购电量,94,CQ1,15:40-15:50,15:30-15:40,UNRESOLVED_DO_NOT_EXPORT_BY_POSITION
result4-3.xlsx,计划购电量,95,CR1,15:50-16:00,15:40-15:50,UNRESOLVED_DO_NOT_EXPORT_BY_POSITION
result4-3.xlsx,计划购电量,96,CS1,16:00-16:10,15:50-16:00,UNRESOLVED_DO_NOT_EXPORT_BY_POSITION
result4-3.xlsx,计划购电量,97,CT1,16:10-16:20,16:00-16:10,UNRESOLVED_DO_NOT_EXPORT_BY_POSITION
result4-3.xlsx,计划购电量,98,CU1,16:20-16:30,16:10-16:20,UNRESOLVED_DO_NOT_EXPORT_BY_POSITION
result4-3.xlsx,计划购电量,99,CV1,16:30-16:40,16:20-16:30,UNRESOLVED_DO_NOT_EXPORT_BY_POSITION
result4-3.xlsx,计划购电量,100,CW1,16:40-16:50,16:30-16:40,UNRESOLVED_DO_NOT_EXPORT_BY_POSITION
result4-3.xlsx,计划购电量,101,CX1,16:50-17:00,16:40-16:50,UNRESOLVED_DO_NOT_EXPORT_BY_POSITION
result4-3.xlsx,计划购电量,102,CY1,17:00-17:10,16:50-17:00,UNRESOLVED_DO_NOT_EXPORT_BY_POSITION
result4-3.xlsx,计划购电量,103,CZ1,17:10-17:20,17:00-17:10,UNRESOLVED_DO_NOT_EXPORT_BY_POSITION
result4-3.xlsx,计划购电量,104,DA1,17:20-17:30,17:10-17:20,UNRESOLVED_DO_NOT_EXPORT_BY_POSITION
result4-3.xlsx,计划购电量,105,DB1,17:30-17:40,17:20-17:30,UNRESOLVED_DO_NOT_EXPORT_BY_POSITION
result4-3.xlsx,计划购电量,106,DC1,17:40-17:50,17:30-17:40,UNRESOLVED_DO_NOT_EXPORT_BY_POSITION
result4-3.xlsx,计划购电量,107,DD1,17:50-18:00,17:40-17:50,UNRESOLVED_DO_NOT_EXPORT_BY_POSITION
result4-3.xlsx,计划购电量,108,DE1,18:00-18:10,17:50-18:00,UNRESOLVED_DO_NOT_EXPORT_BY_POSITION
result4-3.xlsx,计划购电量,109,DF1,18:10-18:20,18:00-18:10,UNRESOLVED_DO_NOT_EXPORT_BY_POSITION
result4-3.xlsx,计划购电量,110,DG1,18:20-18:30,18:10-18:20,UNRESOLVED_DO_NOT_EXPORT_BY_POSITION
result4-3.xlsx,计划购电量,111,DH1,18:30-18:40,18:20-18:30,UNRESOLVED_DO_NOT_EXPORT_BY_POSITION
result4-3.xlsx,计划购电量,112,DI1,18:40-18:50,18:30-18:40,UNRESOLVED_DO_NOT_EXPORT_BY_POSITION
result4-3.xlsx,计划购电量,113,DJ1,18:50-19:00,18:40-18:50,UNRESOLVED_DO_NOT_EXPORT_BY_POSITION
result4-3.xlsx,计划购电量,114,DK1,19:00-19:10,18:50-19:00,UNRESOLVED_DO_NOT_EXPORT_BY_POSITION
result4-3.xlsx,计划购电量,115,DL1,19:10-19:20,19:00-19:10,UNRESOLVED_DO_NOT_EXPORT_BY_POSITION
result4-3.xlsx,计划购电量,116,DM1,19:20-19:30,19:10-19:20,UNRESOLVED_DO_NOT_EXPORT_BY_POSITION
result4-3.xlsx,计划购电量,117,DN1,19:30-19:40,19:20-19:30,UNRESOLVED_DO_NOT_EXPORT_BY_POSITION
result4-3.xlsx,计划购电量,118,DO1,19:40-19:50,19:30-19:40,UNRESOLVED_DO_NOT_EXPORT_BY_POSITION
result4-3.xlsx,计划购电量,119,DP1,19:50-20:00,19:40-19:50,UNRESOLVED_DO_NOT_EXPORT_BY_POSITION
result4-3.xlsx,计划购电量,120,DQ1,20:00-20:10,19:50-20:00,UNRESOLVED_DO_NOT_EXPORT_BY_POSITION
result4-3.xlsx,计划购电量,121,DR1,20:10-20:20,20:00-20:10,UNRESOLVED_DO_NOT_EXPORT_BY_POSITION
result4-3.xlsx,计划购电量,122,DS1,20:20-20:30,20:10-20:20,UNRESOLVED_DO_NOT_EXPORT_BY_POSITION
result4-3.xlsx,计划购电量,123,DT1,20:30-20:40,20:20-20:30,UNRESOLVED_DO_NOT_EXPORT_BY_POSITION
result4-3.xlsx,计划购电量,124,DU1,20:40-20:50,20:30-20:40,UNRESOLVED_DO_NOT_EXPORT_BY_POSITION
result4-3.xlsx,计划购电量,125,DV1,20:50-21:00,20:40-20:50,UNRESOLVED_DO_NOT_EXPORT_BY_POSITION
result4-3.xlsx,计划购电量,126,DW1,21:00-21:10,20:50-21:00,UNRESOLVED_DO_NOT_EXPORT_BY_POSITION
result4-3.xlsx,计划购电量,127,DX1,21:10-21:20,21:00-21:10,UNRESOLVED_DO_NOT_EXPORT_BY_POSITION
result4-3.xlsx,计划购电量,128,DY1,21:20-21:30,21:10-21:20,UNRESOLVED_DO_NOT_EXPORT_BY_POSITION
result4-3.xlsx,计划购电量,129,DZ1,21:30-21:40,21:20-21:30,UNRESOLVED_DO_NOT_EXPORT_BY_POSITION
result4-3.xlsx,计划购电量,130,EA1,21:40-21:50,21:30-21:40,UNRESOLVED_DO_NOT_EXPORT_BY_POSITION
result4-3.xlsx,计划购电量,131,EB1,21:50-22:00,21:40-21:50,UNRESOLVED_DO_NOT_EXPORT_BY_POSITION
result4-3.xlsx,计划购电量,132,EC1,22:00-22:10,21:50-22:00,UNRESOLVED_DO_NOT_EXPORT_BY_POSITION
result4-3.xlsx,计划购电量,133,ED1,22:10-22:20,22:00-22:10,UNRESOLVED_DO_NOT_EXPORT_BY_POSITION
result4-3.xlsx,计划购电量,134,EE1,22:20-22:30,22:10-22:20,UNRESOLVED_DO_NOT_EXPORT_BY_POSITION
result4-3.xlsx,计划购电量,135,EF1,22:30-22:40,22:20-22:30,UNRESOLVED_DO_NOT_EXPORT_BY_POSITION
result4-3.xlsx,计划购电量,136,EG1,22:40-22:50,22:30-22:40,UNRESOLVED_DO_NOT_EXPORT_BY_POSITION
result4-3.xlsx,计划购电量,137,EH1,22:50-23:00,22:40-22:50,UNRESOLVED_DO_NOT_EXPORT_BY_POSITION
result4-3.xlsx,计划购电量,138,EI1,23:00-23:10,22:50-23:00,UNRESOLVED_DO_NOT_EXPORT_BY_POSITION
result4-3.xlsx,计划购电量,139,EJ1,23:10-23:20,23:00-23:10,UNRESOLVED_DO_NOT_EXPORT_BY_POSITION
result4-3.xlsx,计划购电量,140,EK1,23:20-23:30,23:10-23:20,UNRESOLVED_DO_NOT_EXPORT_BY_POSITION
result4-3.xlsx,计划购电量,141,EL1,23:30-23:40,23:20-23:30,UNRESOLVED_DO_NOT_EXPORT_BY_POSITION
result4-3.xlsx,计划购电量,142,EM1,23:40-23:50,23:30-23:40,UNRESOLVED_DO_NOT_EXPORT_BY_POSITION
result4-3.xlsx,计划购电量,143,EN1,23:50-0:00+1,23:40-23:50,UNRESOLVED_DO_NOT_EXPORT_BY_POSITION
result4-3.xlsx,计划购电量,144,EO1,0:00-0:10+1,23:50-24:00,UNRESOLVED_DO_NOT_EXPORT_BY_POSITION
result4-3.xlsx,调整购电量,1,B1,0:10-0:20,00:00-00:10,UNRESOLVED_DO_NOT_EXPORT_BY_POSITION
result4-3.xlsx,调整购电量,2,C1,0:20-0:30,00:10-00:20,UNRESOLVED_DO_NOT_EXPORT_BY_POSITION
result4-3.xlsx,调整购电量,3,D1,0:30-0:40,00:20-00:30,UNRESOLVED_DO_NOT_EXPORT_BY_POSITION
result4-3.xlsx,调整购电量,4,E1,0:40-0:50,00:30-00:40,UNRESOLVED_DO_NOT_EXPORT_BY_POSITION
result4-3.xlsx,调整购电量,5,F1,0:50-1:00,00:40-00:50,UNRESOLVED_DO_NOT_EXPORT_BY_POSITION
result4-3.xlsx,调整购电量,6,G1,1:00-1:10,00:50-01:00,UNRESOLVED_DO_NOT_EXPORT_BY_POSITION
result4-3.xlsx,调整购电量,7,H1,1:10-1:20,01:00-01:10,UNRESOLVED_DO_NOT_EXPORT_BY_POSITION
result4-3.xlsx,调整购电量,8,I1,1:20-1:30,01:10-01:20,UNRESOLVED_DO_NOT_EXPORT_BY_POSITION
result4-3.xlsx,调整购电量,9,J1,1:30-1:40,01:20-01:30,UNRESOLVED_DO_NOT_EXPORT_BY_POSITION
result4-3.xlsx,调整购电量,10,K1,1:40-1:50,01:30-01:40,UNRESOLVED_DO_NOT_EXPORT_BY_POSITION
result4-3.xlsx,调整购电量,11,L1,1:50-2:00,01:40-01:50,UNRESOLVED_DO_NOT_EXPORT_BY_POSITION
result4-3.xlsx,调整购电量,12,M1,2:00-2:10,01:50-02:00,UNRESOLVED_DO_NOT_EXPORT_BY_POSITION
result4-3.xlsx,调整购电量,13,N1,2:10-2:20,02:00-02:10,UNRESOLVED_DO_NOT_EXPORT_BY_POSITION
result4-3.xlsx,调整购电量,14,O1,2:20-2:30,02:10-02:20,UNRESOLVED_DO_NOT_EXPORT_BY_POSITION
result4-3.xlsx,调整购电量,15,P1,2:30-2:40,02:20-02:30,UNRESOLVED_DO_NOT_EXPORT_BY_POSITION
result4-3.xlsx,调整购电量,16,Q1,2:40-2:50,02:30-02:40,UNRESOLVED_DO_NOT_EXPORT_BY_POSITION
result4-3.xlsx,调整购电量,17,R1,2:50-3:00,02:40-02:50,UNRESOLVED_DO_NOT_EXPORT_BY_POSITION
result4-3.xlsx,调整购电量,18,S1,3:00-3:10,02:50-03:00,UNRESOLVED_DO_NOT_EXPORT_BY_POSITION
result4-3.xlsx,调整购电量,19,T1,3:10-3:20,03:00-03:10,UNRESOLVED_DO_NOT_EXPORT_BY_POSITION
result4-3.xlsx,调整购电量,20,U1,3:20-3:30,03:10-03:20,UNRESOLVED_DO_NOT_EXPORT_BY_POSITION
result4-3.xlsx,调整购电量,21,V1,3:30-3:40,03:20-03:30,UNRESOLVED_DO_NOT_EXPORT_BY_POSITION
result4-3.xlsx,调整购电量,22,W1,3:40-3:50,03:30-03:40,UNRESOLVED_DO_NOT_EXPORT_BY_POSITION
result4-3.xlsx,调整购电量,23,X1,3:50-4:00,03:40-03:50,UNRESOLVED_DO_NOT_EXPORT_BY_POSITION
result4-3.xlsx,调整购电量,24,Y1,4:00-4:10,03:50-04:00,UNRESOLVED_DO_NOT_EXPORT_BY_POSITION
result4-3.xlsx,调整购电量,25,Z1,4:10-4:20,04:00-04:10,UNRESOLVED_DO_NOT_EXPORT_BY_POSITION
result4-3.xlsx,调整购电量,26,AA1,4:20-4:30,04:10-04:20,UNRESOLVED_DO_NOT_EXPORT_BY_POSITION
result4-3.xlsx,调整购电量,27,AB1,4:30-4:40,04:20-04:30,UNRESOLVED_DO_NOT_EXPORT_BY_POSITION
result4-3.xlsx,调整购电量,28,AC1,4:40-4:50,04:30-04:40,UNRESOLVED_DO_NOT_EXPORT_BY_POSITION
result4-3.xlsx,调整购电量,29,AD1,4:50-5:00,04:40-04:50,UNRESOLVED_DO_NOT_EXPORT_BY_POSITION
result4-3.xlsx,调整购电量,30,AE1,5:00-5:10,04:50-05:00,UNRESOLVED_DO_NOT_EXPORT_BY_POSITION
result4-3.xlsx,调整购电量,31,AF1,5:10-5:20,05:00-05:10,UNRESOLVED_DO_NOT_EXPORT_BY_POSITION
result4-3.xlsx,调整购电量,32,AG1,5:20-5:30,05:10-05:20,UNRESOLVED_DO_NOT_EXPORT_BY_POSITION
result4-3.xlsx,调整购电量,33,AH1,5:30-5:40,05:20-05:30,UNRESOLVED_DO_NOT_EXPORT_BY_POSITION
result4-3.xlsx,调整购电量,34,AI1,5:40-5:50,05:30-05:40,UNRESOLVED_DO_NOT_EXPORT_BY_POSITION
result4-3.xlsx,调整购电量,35,AJ1,5:50-6:00,05:40-05:50,UNRESOLVED_DO_NOT_EXPORT_BY_POSITION
result4-3.xlsx,调整购电量,36,AK1,6:00-6:10,05:50-06:00,UNRESOLVED_DO_NOT_EXPORT_BY_POSITION
result4-3.xlsx,调整购电量,37,AL1,6:10-6:20,06:00-06:10,UNRESOLVED_DO_NOT_EXPORT_BY_POSITION
result4-3.xlsx,调整购电量,38,AM1,6:20-6:30,06:10-06:20,UNRESOLVED_DO_NOT_EXPORT_BY_POSITION
result4-3.xlsx,调整购电量,39,AN1,6:30-6:40,06:20-06:30,UNRESOLVED_DO_NOT_EXPORT_BY_POSITION
result4-3.xlsx,调整购电量,40,AO1,6:40-6:50,06:30-06:40,UNRESOLVED_DO_NOT_EXPORT_BY_POSITION
result4-3.xlsx,调整购电量,41,AP1,6:50-7:00,06:40-06:50,UNRESOLVED_DO_NOT_EXPORT_BY_POSITION
result4-3.xlsx,调整购电量,42,AQ1,7:0-7:10,06:50-07:00,UNRESOLVED_DO_NOT_EXPORT_BY_POSITION
result4-3.xlsx,调整购电量,43,AR1,7:10-7:20,07:00-07:10,UNRESOLVED_DO_NOT_EXPORT_BY_POSITION
result4-3.xlsx,调整购电量,44,AS1,7:20-7:30,07:10-07:20,UNRESOLVED_DO_NOT_EXPORT_BY_POSITION
result4-3.xlsx,调整购电量,45,AT1,7:30-7:40,07:20-07:30,UNRESOLVED_DO_NOT_EXPORT_BY_POSITION
result4-3.xlsx,调整购电量,46,AU1,7:40-7:50,07:30-07:40,UNRESOLVED_DO_NOT_EXPORT_BY_POSITION
result4-3.xlsx,调整购电量,47,AV1,7:50-8:00,07:40-07:50,UNRESOLVED_DO_NOT_EXPORT_BY_POSITION
result4-3.xlsx,调整购电量,48,AW1,8:00-8:10,07:50-08:00,UNRESOLVED_DO_NOT_EXPORT_BY_POSITION
result4-3.xlsx,调整购电量,49,AX1,8:10-8:20,08:00-08:10,UNRESOLVED_DO_NOT_EXPORT_BY_POSITION
result4-3.xlsx,调整购电量,50,AY1,8:20-8:30,08:10-08:20,UNRESOLVED_DO_NOT_EXPORT_BY_POSITION
result4-3.xlsx,调整购电量,51,AZ1,8:30-8:40,08:20-08:30,UNRESOLVED_DO_NOT_EXPORT_BY_POSITION
result4-3.xlsx,调整购电量,52,BA1,8:40-8:50,08:30-08:40,UNRESOLVED_DO_NOT_EXPORT_BY_POSITION
result4-3.xlsx,调整购电量,53,BB1,8:50-9:00,08:40-08:50,UNRESOLVED_DO_NOT_EXPORT_BY_POSITION
result4-3.xlsx,调整购电量,54,BC1,9:00-9:10,08:50-09:00,UNRESOLVED_DO_NOT_EXPORT_BY_POSITION
result4-3.xlsx,调整购电量,55,BD1,9:10-9:20,09:00-09:10,UNRESOLVED_DO_NOT_EXPORT_BY_POSITION
result4-3.xlsx,调整购电量,56,BE1,9:20-9:30,09:10-09:20,UNRESOLVED_DO_NOT_EXPORT_BY_POSITION
result4-3.xlsx,调整购电量,57,BF1,9:30-9:40,09:20-09:30,UNRESOLVED_DO_NOT_EXPORT_BY_POSITION
result4-3.xlsx,调整购电量,58,BG1,9:40-9:50,09:30-09:40,UNRESOLVED_DO_NOT_EXPORT_BY_POSITION
result4-3.xlsx,调整购电量,59,BH1,9:50-10:00,09:40-09:50,UNRESOLVED_DO_NOT_EXPORT_BY_POSITION
result4-3.xlsx,调整购电量,60,BI1,10:00-10:10,09:50-10:00,UNRESOLVED_DO_NOT_EXPORT_BY_POSITION
result4-3.xlsx,调整购电量,61,BJ1,10:10-10:20,10:00-10:10,UNRESOLVED_DO_NOT_EXPORT_BY_POSITION
result4-3.xlsx,调整购电量,62,BK1,10:20-10:30,10:10-10:20,UNRESOLVED_DO_NOT_EXPORT_BY_POSITION
result4-3.xlsx,调整购电量,63,BL1,10:30-10:40,10:20-10:30,UNRESOLVED_DO_NOT_EXPORT_BY_POSITION
result4-3.xlsx,调整购电量,64,BM1,10:40-10:50,10:30-10:40,UNRESOLVED_DO_NOT_EXPORT_BY_POSITION
result4-3.xlsx,调整购电量,65,BN1,10:50-11:00,10:40-10:50,UNRESOLVED_DO_NOT_EXPORT_BY_POSITION
result4-3.xlsx,调整购电量,66,BO1,11:00-11:10,10:50-11:00,UNRESOLVED_DO_NOT_EXPORT_BY_POSITION
result4-3.xlsx,调整购电量,67,BP1,11:10-11:20,11:00-11:10,UNRESOLVED_DO_NOT_EXPORT_BY_POSITION
result4-3.xlsx,调整购电量,68,BQ1,11:20-11:30,11:10-11:20,UNRESOLVED_DO_NOT_EXPORT_BY_POSITION
result4-3.xlsx,调整购电量,69,BR1,11:30-11:40,11:20-11:30,UNRESOLVED_DO_NOT_EXPORT_BY_POSITION
result4-3.xlsx,调整购电量,70,BS1,11:40-11:50,11:30-11:40,UNRESOLVED_DO_NOT_EXPORT_BY_POSITION
result4-3.xlsx,调整购电量,71,BT1,11:50-12:00,11:40-11:50,UNRESOLVED_DO_NOT_EXPORT_BY_POSITION
result4-3.xlsx,调整购电量,72,BU1,12:00-12:10,11:50-12:00,UNRESOLVED_DO_NOT_EXPORT_BY_POSITION
result4-3.xlsx,调整购电量,73,BV1,12:10-12:20,12:00-12:10,UNRESOLVED_DO_NOT_EXPORT_BY_POSITION
result4-3.xlsx,调整购电量,74,BW1,12:20-12:30,12:10-12:20,UNRESOLVED_DO_NOT_EXPORT_BY_POSITION
result4-3.xlsx,调整购电量,75,BX1,12:30-12:40,12:20-12:30,UNRESOLVED_DO_NOT_EXPORT_BY_POSITION
result4-3.xlsx,调整购电量,76,BY1,12:40-12:50,12:30-12:40,UNRESOLVED_DO_NOT_EXPORT_BY_POSITION
result4-3.xlsx,调整购电量,77,BZ1,12:50-13:00,12:40-12:50,UNRESOLVED_DO_NOT_EXPORT_BY_POSITION
result4-3.xlsx,调整购电量,78,CA1,13:00-13:10,12:50-13:00,UNRESOLVED_DO_NOT_EXPORT_BY_POSITION
result4-3.xlsx,调整购电量,79,CB1,13:10-13:20,13:00-13:10,UNRESOLVED_DO_NOT_EXPORT_BY_POSITION
result4-3.xlsx,调整购电量,80,CC1,13:20-13:30,13:10-13:20,UNRESOLVED_DO_NOT_EXPORT_BY_POSITION
result4-3.xlsx,调整购电量,81,CD1,13:30-13:40,13:20-13:30,UNRESOLVED_DO_NOT_EXPORT_BY_POSITION
result4-3.xlsx,调整购电量,82,CE1,13:40-13:50,13:30-13:40,UNRESOLVED_DO_NOT_EXPORT_BY_POSITION
result4-3.xlsx,调整购电量,83,CF1,13:50-14:00,13:40-13:50,UNRESOLVED_DO_NOT_EXPORT_BY_POSITION
result4-3.xlsx,调整购电量,84,CG1,14:00-14:10,13:50-14:00,UNRESOLVED_DO_NOT_EXPORT_BY_POSITION
result4-3.xlsx,调整购电量,85,CH1,14:10-14:20,14:00-14:10,UNRESOLVED_DO_NOT_EXPORT_BY_POSITION
result4-3.xlsx,调整购电量,86,CI1,14:20-14:30,14:10-14:20,UNRESOLVED_DO_NOT_EXPORT_BY_POSITION
result4-3.xlsx,调整购电量,87,CJ1,14:30-14:40,14:20-14:30,UNRESOLVED_DO_NOT_EXPORT_BY_POSITION
result4-3.xlsx,调整购电量,88,CK1,14:40-14:50,14:30-14:40,UNRESOLVED_DO_NOT_EXPORT_BY_POSITION
result4-3.xlsx,调整购电量,89,CL1,14:50-15:00,14:40-14:50,UNRESOLVED_DO_NOT_EXPORT_BY_POSITION
result4-3.xlsx,调整购电量,90,CM1,15:00-15:10,14:50-15:00,UNRESOLVED_DO_NOT_EXPORT_BY_POSITION
result4-3.xlsx,调整购电量,91,CN1,15:10-15:20,15:00-15:10,UNRESOLVED_DO_NOT_EXPORT_BY_POSITION
result4-3.xlsx,调整购电量,92,CO1,15:20-15:30,15:10-15:20,UNRESOLVED_DO_NOT_EXPORT_BY_POSITION
result4-3.xlsx,调整购电量,93,CP1,15:30-15:40,15:20-15:30,UNRESOLVED_DO_NOT_EXPORT_BY_POSITION
result4-3.xlsx,调整购电量,94,CQ1,15:40-15:50,15:30-15:40,UNRESOLVED_DO_NOT_EXPORT_BY_POSITION
result4-3.xlsx,调整购电量,95,CR1,15:50-16:00,15:40-15:50,UNRESOLVED_DO_NOT_EXPORT_BY_POSITION
result4-3.xlsx,调整购电量,96,CS1,16:00-16:10,15:50-16:00,UNRESOLVED_DO_NOT_EXPORT_BY_POSITION
result4-3.xlsx,调整购电量,97,CT1,16:10-16:20,16:00-16:10,UNRESOLVED_DO_NOT_EXPORT_BY_POSITION
result4-3.xlsx,调整购电量,98,CU1,16:20-16:30,16:10-16:20,UNRESOLVED_DO_NOT_EXPORT_BY_POSITION
result4-3.xlsx,调整购电量,99,CV1,16:30-16:40,16:20-16:30,UNRESOLVED_DO_NOT_EXPORT_BY_POSITION
result4-3.xlsx,调整购电量,100,CW1,16:40-16:50,16:30-16:40,UNRESOLVED_DO_NOT_EXPORT_BY_POSITION
result4-3.xlsx,调整购电量,101,CX1,16:50-17:00,16:40-16:50,UNRESOLVED_DO_NOT_EXPORT_BY_POSITION
result4-3.xlsx,调整购电量,102,CY1,17:00-17:10,16:50-17:00,UNRESOLVED_DO_NOT_EXPORT_BY_POSITION
result4-3.xlsx,调整购电量,103,CZ1,17:10-17:20,17:00-17:10,UNRESOLVED_DO_NOT_EXPORT_BY_POSITION
result4-3.xlsx,调整购电量,104,DA1,17:20-17:30,17:10-17:20,UNRESOLVED_DO_NOT_EXPORT_BY_POSITION
result4-3.xlsx,调整购电量,105,DB1,17:30-17:40,17:20-17:30,UNRESOLVED_DO_NOT_EXPORT_BY_POSITION
result4-3.xlsx,调整购电量,106,DC1,17:40-17:50,17:30-17:40,UNRESOLVED_DO_NOT_EXPORT_BY_POSITION
result4-3.xlsx,调整购电量,107,DD1,17:50-18:00,17:40-17:50,UNRESOLVED_DO_NOT_EXPORT_BY_POSITION
result4-3.xlsx,调整购电量,108,DE1,18:00-18:10,17:50-18:00,UNRESOLVED_DO_NOT_EXPORT_BY_POSITION
result4-3.xlsx,调整购电量,109,DF1,18:10-18:20,18:00-18:10,UNRESOLVED_DO_NOT_EXPORT_BY_POSITION
result4-3.xlsx,调整购电量,110,DG1,18:20-18:30,18:10-18:20,UNRESOLVED_DO_NOT_EXPORT_BY_POSITION
result4-3.xlsx,调整购电量,111,DH1,18:30-18:40,18:20-18:30,UNRESOLVED_DO_NOT_EXPORT_BY_POSITION
result4-3.xlsx,调整购电量,112,DI1,18:40-18:50,18:30-18:40,UNRESOLVED_DO_NOT_EXPORT_BY_POSITION
result4-3.xlsx,调整购电量,113,DJ1,18:50-19:00,18:40-18:50,UNRESOLVED_DO_NOT_EXPORT_BY_POSITION
result4-3.xlsx,调整购电量,114,DK1,19:00-19:10,18:50-19:00,UNRESOLVED_DO_NOT_EXPORT_BY_POSITION
result4-3.xlsx,调整购电量,115,DL1,19:10-19:20,19:00-19:10,UNRESOLVED_DO_NOT_EXPORT_BY_POSITION
result4-3.xlsx,调整购电量,116,DM1,19:20-19:30,19:10-19:20,UNRESOLVED_DO_NOT_EXPORT_BY_POSITION
result4-3.xlsx,调整购电量,117,DN1,19:30-19:40,19:20-19:30,UNRESOLVED_DO_NOT_EXPORT_BY_POSITION
result4-3.xlsx,调整购电量,118,DO1,19:40-19:50,19:30-19:40,UNRESOLVED_DO_NOT_EXPORT_BY_POSITION
result4-3.xlsx,调整购电量,119,DP1,19:50-20:00,19:40-19:50,UNRESOLVED_DO_NOT_EXPORT_BY_POSITION
result4-3.xlsx,调整购电量,120,DQ1,20:00-20:10,19:50-20:00,UNRESOLVED_DO_NOT_EXPORT_BY_POSITION
result4-3.xlsx,调整购电量,121,DR1,20:10-20:20,20:00-20:10,UNRESOLVED_DO_NOT_EXPORT_BY_POSITION
result4-3.xlsx,调整购电量,122,DS1,20:20-20:30,20:10-20:20,UNRESOLVED_DO_NOT_EXPORT_BY_POSITION
result4-3.xlsx,调整购电量,123,DT1,20:30-20:40,20:20-20:30,UNRESOLVED_DO_NOT_EXPORT_BY_POSITION
result4-3.xlsx,调整购电量,124,DU1,20:40-20:50,20:30-20:40,UNRESOLVED_DO_NOT_EXPORT_BY_POSITION
result4-3.xlsx,调整购电量,125,DV1,20:50-21:00,20:40-20:50,UNRESOLVED_DO_NOT_EXPORT_BY_POSITION
result4-3.xlsx,调整购电量,126,DW1,21:00-21:10,20:50-21:00,UNRESOLVED_DO_NOT_EXPORT_BY_POSITION
result4-3.xlsx,调整购电量,127,DX1,21:10-21:20,21:00-21:10,UNRESOLVED_DO_NOT_EXPORT_BY_POSITION
result4-3.xlsx,调整购电量,128,DY1,21:20-21:30,21:10-21:20,UNRESOLVED_DO_NOT_EXPORT_BY_POSITION
result4-3.xlsx,调整购电量,129,DZ1,21:30-21:40,21:20-21:30,UNRESOLVED_DO_NOT_EXPORT_BY_POSITION
result4-3.xlsx,调整购电量,130,EA1,21:40-21:50,21:30-21:40,UNRESOLVED_DO_NOT_EXPORT_BY_POSITION
result4-3.xlsx,调整购电量,131,EB1,21:50-22:00,21:40-21:50,UNRESOLVED_DO_NOT_EXPORT_BY_POSITION
result4-3.xlsx,调整购电量,132,EC1,22:00-22:10,21:50-22:00,UNRESOLVED_DO_NOT_EXPORT_BY_POSITION
result4-3.xlsx,调整购电量,133,ED1,22:10-22:20,22:00-22:10,UNRESOLVED_DO_NOT_EXPORT_BY_POSITION
result4-3.xlsx,调整购电量,134,EE1,22:20-22:30,22:10-22:20,UNRESOLVED_DO_NOT_EXPORT_BY_POSITION
result4-3.xlsx,调整购电量,135,EF1,22:30-22:40,22:20-22:30,UNRESOLVED_DO_NOT_EXPORT_BY_POSITION
result4-3.xlsx,调整购电量,136,EG1,22:40-22:50,22:30-22:40,UNRESOLVED_DO_NOT_EXPORT_BY_POSITION
result4-3.xlsx,调整购电量,137,EH1,22:50-23:00,22:40-22:50,UNRESOLVED_DO_NOT_EXPORT_BY_POSITION
result4-3.xlsx,调整购电量,138,EI1,23:00-23:10,22:50-23:00,UNRESOLVED_DO_NOT_EXPORT_BY_POSITION
result4-3.xlsx,调整购电量,139,EJ1,23:10-23:20,23:00-23:10,UNRESOLVED_DO_NOT_EXPORT_BY_POSITION
result4-3.xlsx,调整购电量,140,EK1,23:20-23:30,23:10-23:20,UNRESOLVED_DO_NOT_EXPORT_BY_POSITION
result4-3.xlsx,调整购电量,141,EL1,23:30-23:40,23:20-23:30,UNRESOLVED_DO_NOT_EXPORT_BY_POSITION
result4-3.xlsx,调整购电量,142,EM1,23:40-23:50,23:30-23:40,UNRESOLVED_DO_NOT_EXPORT_BY_POSITION
result4-3.xlsx,调整购电量,143,EN1,23:50-0:00+1,23:40-23:50,UNRESOLVED_DO_NOT_EXPORT_BY_POSITION
result4-3.xlsx,调整购电量,144,EO1,0:00-0:10+1,23:50-24:00,UNRESOLVED_DO_NOT_EXPORT_BY_POSITION
