minute,time,stored_energy_kwh
0,00:00,6000.0
10,00:10,6750.0
20,00:20,7500.0
30,00:30,8250.0
40,00:40,9000.0
50,00:50,9750.0
60,01:00,9750.0
70,01:10,9750.0
80,01:20,9750.0
90,01:30,10050.0
100,01:40,10050.0
110,01:50,10050.0
120,02:00,10050.0
130,02:10,10050.0
140,02:20,10050.0
150,02:30,10050.0
160,02:40,10050.0
170,02:50,10050.0
180,03:00,10050.0
190,03:10,10050.0
200,03:20,10050.0
210,03:30,10050.0
220,03:40,10050.0
230,03:50,10050.0
240,04:00,10050.0
250,04:10,10050.0
260,04:20,10050.0
270,04:30,10050.0
280,04:40,10050.0
290,04:50,10050.0
300,05:00,10050.0
310,05:10,10050.0
320,05:20,10050.0
330,05:30,10050.0
340,05:40,10800.0
350,05:50,10800.0
360,06:00,10057.495685185186
370,06:10,9329.211981481481
380,06:20,8644.2075
390,06:30,7987.035851851852
400,06:40,7367.606000000001
410,06:50,6779.561888888889
420,07:00,6221.261092592593
430,07:10,5715.212685185185
440,07:20,5259.583018518519
450,07:30,4862.919925925926
460,07:40,4548.071518518518
470,07:50,4191.755833333333
480,08:00,3726.843111111111
490,08:10,3302.4977962962957
500,08:20,2958.546296296296
510,08:30,2664.5247407407405
520,08:40,2427.0349629629627
530,08:50,2228.636166666666
540,09:00,2055.9782592592587
550,09:10,1931.2454814814807
560,09:20,1859.6934074074068
570,09:30,1834.62424074074
580,09:40,1850.30590074074
590,09:50,1897.8598907407402
600,10:00,1973.96606574074
610,10:10,2079.25129074074
620,10:20,2211.24583074074
630,10:30,2367.4140557407404
640,10:40,2548.3402307407405
650,10:50,2751.2057357407402
660,11:00,2970.8140607407404
670,11:10,3720.8140607407404
680,11:20,3966.1824407407403
690,11:30,4222.071325740741
700,11:40,4643.792100000002
710,11:50,5393.792100000002
720,12:00,6143.792100000002
730,12:10,6893.792100000002
740,12:20,7643.792100000002
750,12:30,8393.792100000002
760,12:40,9143.792100000002
770,12:50,9417.888690000002
780,13:00,9655.945155000001
790,13:10,9874.20195
800,13:20,10074.969975
810,13:30,10253.853360000001
820,13:40,10413.477195000001
830,13:50,10550.043465
840,14:00,10658.074995
850,14:10,10737.108
860,14:20,10785.37038
870,14:30,10800.0
880,14:40,10773.57625925926
890,14:50,10698.77624074074
900,15:00,10698.77624074074
910,15:10,10800.0
920,15:20,10800.0
930,15:30,10800.0
940,15:40,10800.0
950,15:50,10800.0
960,16:00,10800.0
970,16:10,10800.0
980,16:20,10800.0
990,16:30,10800.0
1000,16:40,10800.0
1010,16:50,10800.0
1020,17:00,10800.0
1030,17:10,10800.0
1040,17:20,10800.0
1050,17:30,10800.0
1060,17:40,10800.0
1070,17:50,10800.0
1080,18:00,10800.0
1090,18:10,10678.591944444444
1100,18:20,10678.591944444444
1110,18:30,10678.591944444444
1120,18:40,10678.591944444444
1130,18:50,9895.664981481481
1140,19:00,9110.682722222222
1150,19:10,8324.675537037037
1160,19:20,7537.394425925927
1170,19:30,6749.120111111112
1180,19:40,5958.861833333334
1190,19:50,5168.125722222223
1200,20:00,4377.631240740741
1210,20:10,3584.626703703704
1220,20:20,2789.8665370370372
1230,20:30,1995.1700370370372
1240,20:40,1200.0
1250,20:50,1200.0
1260,21:00,1200.0
1270,21:10,1200.0
1280,21:20,1200.0
1290,21:30,1200.0
1300,21:40,1200.0
1310,21:50,1200.0
1320,22:00,1950.0
1330,22:10,2700.0
1340,22:20,2700.0
1350,22:30,3450.0
1360,22:40,4200.0
1370,22:50,4200.0
1380,23:00,4950.0
1390,23:10,4950.0
1400,23:20,5250.0
1410,23:30,6000.0
1420,23:40,6000.0
1430,23:50,6000.0
1440,24:00,6000.0
