q,planned_cost_yuan,emergency_cost_yuan,total_cost_yuan,emergency_kwh,extra_cost_yuan,extra_cost_pct
0.05,3817155.4269636446,4918070.570845653,8735225.997809298,1262386.9958122098,3309513.5335856695,60.99684705756392
0.1,3930494.161172502,4204492.057746807,8134986.21891931,1075755.612661177,2709273.754695681,49.9339722213487
0.15,4015760.025942146,3697510.6324449526,7713270.658387098,941533.5726380688,2287558.1941634696,42.16143426779986
0.2,4090930.636767904,3273266.549988584,7364197.186756488,831858.2480853765,1938484.722532859,35.72774516369877
0.25,4161540.057573944,2896574.9811090813,7058115.038683025,734828.0622341062,1632402.5744593963,30.08641879243003
0.3,4227216.231253001,2572831.6028258093,6800047.83407881,652044.3111927434,1374335.3698551813,25.330044282983145
0.35,4290622.09378578,2275963.451235533,6566585.545021312,576638.6101551591,1140873.0807976834,21.027157047492604
0.4,4351057.066345602,2011451.329695561,6362508.396041163,509475.256050883,936795.9318175344,17.265860253277935
0.45,4409926.638948358,1776643.5764690444,6186570.215417402,450322.7548213303,760857.751193773,14.02318600940909
0.5,4470771.2689037025,1556576.0988864948,6027347.367790198,394143.9288356439,601634.9035665691,11.088588043204712
0.55,4531681.902667815,1359835.6653329334,5891517.568000749,343707.89643849764,465805.1037771199,8.585141709011895
0.6,4594832.301421951,1176188.7981611348,5771021.099583086,297260.33446727187,345308.63535945676,6.364300313302124
0.65,4659317.048734532,1007198.1465665532,5666515.195301085,254386.61959633874,240802.73107745592,4.438177154894857
0.7,4727457.493799614,852463.5441325676,5579921.037932182,215237.23471804833,154208.57370855287,2.8421810909697505
0.75,4803981.487976676,705535.3682579927,5509516.856234669,178211.06910756018,83804.39201103989,1.5445785703469186
0.8,4893502.889353883,563696.6450415893,5457199.534395472,142551.98597817816,31487.070171843283,0.580330608735065
0.85,4996424.70836216,429287.75586146855,5425712.464223629,108506.63413651401,0.0,0.0
0.9,5128650.613428149,302338.63526113227,5430989.248689282,76562.97151328626,5276.7844656528905,0.09725514391791404
0.95,5322899.8324035695,186861.89838864803,5509761.730792218,47581.889733565724,84049.26656858902,1.5490917943550797
