month,q,total_cost_yuan
5,0.05,1802945.012476759
5,0.1,1692344.2501542529
5,0.15,1611954.793347515
5,0.2,1544055.054837082
5,0.25,1476498.503414109
5,0.3,1418706.2997272832
5,0.35,1359232.6765090746
5,0.4,1306392.6725719215
5,0.45,1260520.0338052076
5,0.5,1219686.6854074348
5,0.55,1185341.7557355922
5,0.6,1155479.6113122776
5,0.65,1129752.8774377473
5,0.7,1107994.2169409406
5,0.75,1088742.1884182265
5,0.8,1072897.9257100953
5,0.85,1061812.6291528645
5,0.9,1058210.5601766782
5,0.95,1071143.0637620168
6,0.05,2254252.2953697448
6,0.1,2063341.9758530569
6,0.15,1947067.9404824106
6,0.2,1850435.9913492862
6,0.25,1771507.8766861833
6,0.3,1706507.32348463
6,0.35,1654165.7816960537
6,0.4,1612826.704394397
6,0.45,1577450.1531011965
6,0.5,1542857.4130520872
6,0.55,1514696.6472575762
6,0.6,1490440.6385384798
6,0.65,1471254.3473240328
6,0.7,1455608.9204731372
6,0.75,1443928.0018042875
6,0.8,1435934.008365052
6,0.85,1435012.3685942197
6,0.9,1446250.539760271
6,0.95,1477696.0649419127
7,0.05,2491467.917900274
7,0.1,2321781.3506973926
7,0.15,2192733.9879627386
7,0.2,2091246.8485498265
7,0.25,2004592.7631639065
7,0.3,1931543.9794111378
7,0.35,1867232.690262136
7,0.4,1809154.6509186702
7,0.45,1758593.2407545375
7,0.5,1713053.9412634303
7,0.55,1674774.559568213
7,0.6,1642595.9122190885
7,0.65,1612589.771093322
7,0.7,1588390.3611691887
7,0.75,1570796.9898156202
7,0.8,1559504.9569702
7,0.85,1555104.828256864
7,0.9,1559553.7377095732
7,0.95,1586796.9867193762
8,0.05,2186560.7720625205
8,0.1,2057518.6422146067
8,0.15,1961513.936594434
8,0.2,1878459.2920202934
8,0.25,1805515.895418826
8,0.3,1743290.231455759
8,0.35,1685954.3965540482
8,0.4,1634134.368156174
8,0.45,1590006.7877564603
8,0.5,1551749.3280672452
8,0.55,1516704.6054393672
8,0.6,1482504.9375132397
8,0.65,1452918.199445983
8,0.7,1427927.5393489155
8,0.75,1406049.6761965344
8,0.8,1388862.643350125
8,0.85,1373782.6382196809
8,0.9,1366974.4110427592
8,0.95,1374125.615368912
