date,planned_grid_kwh,emergency_kwh,planned_cost_yuan,emergency_cost_yuan,total_cost_yuan,charge_kwh,discharge_kwh,unused_energy_kwh,load_kwh,pv_kwh,initial_storage_kwh,terminal_storage_kwh,emergency_slots
2025-01-01,0.0,92035.17001666667,0.0,366613.56615685835,366613.56615685835,0.0,0.0,0.0,127286.15238333333,35250.98236666666,6000.0,6000.0,144
2025-01-02,96853.44019506173,1298.0248914999963,61778.2123831795,6670.959150943896,68449.1715341234,25715.946278395062,20792.65272516667,342.932266666666,127657.07848333333,34771.83921666667,6000.0,6041.404178148148,12
2025-01-03,97239.0579468107,0.0,62126.388718696595,0.0,62126.388718696595,14924.373917283952,7806.006633333334,44615.74929619341,81883.55671666667,36378.61535,6041.404178148148,10800.0,0
2025-01-04,76006.5722776406,0.0,47301.94153385156,0.0,47301.94153385156,11463.981579423866,9549.843866666664,29326.832198216744,81891.73006666667,37126.1277,10800.0,10506.645791851854,0
2025-01-05,68193.31035245628,20774.77041758334,41201.017637244724,122149.74548355995,163350.76312080468,14793.38740349794,16861.016933458326,0.0,127674.11883333334,36638.408533333335,10506.645791851854,5086.23119560185,48
2025-01-06,78705.04691081276,16144.033974933334,47280.08480953875,95145.06214902655,142425.14695856528,21057.655187479424,16841.055401733334,0.0,126826.69011666666,36194.20901666667,5086.23119560185,5325.83708462963,39
2025-01-07,81422.0862670782,15195.688385444444,49474.48295875551,91561.3731644962,141035.8561232517,20663.83358096708,16612.959878444442,0.0,126927.46215,34360.561200000004,5325.83708462963,5464.442998117285,39
2025-01-08,83738.50802928179,10480.566605476197,51248.61821821508,60194.36460348182,111442.9828216969,23617.689500710363,18960.373432619042,35.75724999999966,126695.94395,37169.94263333333,5464.442998117285,5653.281956957673,31
2025-01-09,83160.12887216343,12124.409291619042,50932.96652529218,72083.64707082775,123016.61359611993,22148.527231687243,17974.025775047623,18.48059047619074,127066.6182,35975.06208333333,5653.281956957673,5615.8167154232815,32
2025-01-10,82945.6431148736,0.0,50777.77390943304,0.0,50777.77390943304,17537.840057524987,9539.885490476188,29457.02183115814,81486.63841666667,35995.9717,5615.8167154232815,10800.0,0
2025-01-11,77204.63122057614,0.0,48389.67014500752,0.0,48389.67014500752,11614.962971781302,9468.140483333333,30191.9221154615,81610.19496666666,36744.30835,10800.0,10733.310582010581,0
2025-01-12,77300.88689027043,11888.66770316667,48392.63070582195,70037.261850334,118429.89255615596,16643.994535508526,18320.328342071425,0.0,126519.32696666667,35653.438566666664,10733.310582010581,5356.985283888888,32
2025-01-13,83243.70307851264,9421.873986547615,50852.71096725947,54784.59748818301,105637.30845544249,23473.293207084072,19086.151680119052,4.478571428571399,126980.35978333333,38706.40281666667,5356.985283888888,5276.113970132276,29
2025-01-14,82966.23080523222,10635.998809119055,50617.120839369,62135.36816991305,112752.48900928206,23179.45268380364,18864.610169452375,7.07416666666677,127109.49061666666,37829.177683333335,5276.113970132276,5176.943419497356,31
2025-01-15,82588.49331190476,12130.717323928571,50331.09214212633,72405.91397075405,122737.00611288036,22759.13292142857,18125.738652261905,15.473433333333219,126963.89896666666,36893.556033333334,5176.943419497356,5520.45343515873,32
2025-01-16,82287.42584864786,11135.663170557309,50231.28095064613,64119.220691391376,114350.5016420375,22916.61280358613,18567.67523438096,0.0,126807.76418333333,37733.612733333335,5520.45343515873,5514.654697962964,32
2025-01-17,81995.00433312757,0.0,50033.185453327394,0.0,50033.185453327394,17035.856529012348,9042.233016666667,31312.26735411523,80876.0762,38186.962733333334,5514.654697962964,10800.0,0
2025-01-18,75670.35800437977,0.0,47244.88471334469,0.0,47244.88471334469,10764.505246913584,8806.795202380952,30470.13894318048,81208.0575,37965.54848333333,10800.0,10702.72671957672,0
2025-01-19,75508.53759562023,11658.435104285707,47065.691322052895,70378.00349074877,117443.69481280165,16776.346431334514,18292.513198095243,0.0,126210.84621666666,37527.70675,10702.72671957672,5476.423843227513,32
2025-01-20,80986.98004065256,11385.398470554375,49313.68035059342,66999.37097811159,116313.05132870501,22193.51532201646,17898.819551285716,10.606190476190477,126565.66615,38498.5896,5476.423843227513,5563.01035383598,33
2025-01-21,80876.93747081129,7838.862728023805,49283.31396049071,45896.556386070166,95179.87034656089,23426.085592239862,18971.229402928577,785.0393261904761,125750.14588333333,42274.2412,5563.01035383598,5567.343605820105,28
2025-01-22,79975.77658818342,12772.31293554762,48694.61774000668,76841.60979081095,125536.22753081763,21043.613197707236,17194.288040642856,0.0,126679.58855,37780.82418333333,5567.343605820105,5401.830994153441,33
2025-01-23,79989.90221713697,13610.069278666666,48626.63206719585,82025.35340930612,130651.98547650197,20277.224438565547,16243.178542761905,0.0,126355.43115,36789.50555,5401.830994153441,5603.356830238097,35
2025-01-24,79850.42064606115,0.0,48537.279407936716,0.0,48537.279407936716,16610.657081628455,8777.653383333332,32188.003797766018,80339.5357,40510.12255,5603.356830238097,10800.0,0
2025-01-25,73667.37768392122,0.0,45855.85434709166,0.0,45855.85434709166,10686.531131687247,8665.727121428572,33206.998206995886,80632.06428333333,42192.488816666664,10800.0,10789.292328042327,0
2025-01-26,72973.95186556438,12663.42125249941,45375.83050139609,77117.64804045684,122493.47854185294,14828.03099870664,16889.647913976194,0.0,126385.04865,38686.05861666667,10789.292328042327,5368.244766904761,35
2025-01-27,78840.53241734275,9467.96515514285,47733.35256461068,57478.4168225978,105211.76938720848,22016.667231628457,17903.08644247619,0.0,125642.95023333334,41448.03345,5368.244766904761,5290.9270059523815,30
2025-01-28,78363.97411463845,12795.879936398587,47320.37233708674,76916.29207425112,124236.66441133786,21124.96139179894,16968.30408838095,22.79738095238099,126496.61093333333,39516.211566666665,5290.9270059523815,5449.721049259259,35
2025-01-29,78704.32845952381,7018.791917666664,47562.90014546694,41349.003076569315,88911.90322203626,22622.45278809524,18294.508460904763,9.974999999999454,125425.44486666667,44040.24381666667,5449.721049259259,5482.696935317461,28
2025-01-30,77561.36519964726,10632.586950357147,46699.089919233615,62327.63076748871,109026.72068672231,22142.74215202822,17768.55525440476,77.18246904761918,126011.04995,42268.46716666667,5482.696935317461,5668.325700582012,32
2025-01-31,76530.37408611523,0.0,46046.50915538151,0.0,46046.50915538151,17248.652247913,9352.901451333335,29870.30023953556,80009.91998333333,41245.596933333334,5668.325700582012,10800.0,0
2025-02-01,70675.14558645237,0.0,43507.13499654261,0.0,43507.13499654261,10639.165681040562,8648.139201642858,34305.943173721345,76305.20628333333,41927.03035,10800.0,10766.205555555556,0
2025-02-02,70130.72839954938,6967.723859380953,43118.516094948915,41887.819019088725,85006.33511403763,17135.32761366843,18443.487483309524,50.334178571428765,121705.97265,43349.6947,10766.205555555556,5695.236537513226,27
2025-02-03,74449.19467135833,9760.251648214282,44552.89822886514,58423.05081550556,102975.9490443707,21550.499281334512,17575.582080809527,17.61261904761909,122603.769,42386.8525,5695.236537513226,5562.261356481481,31
2025-02-04,74010.3251564374,11159.585552690478,44226.993869448626,67184.87069808017,111411.8645675288,21388.5013659612,17413.45460683333,0.0,121578.09885,40383.2349,5562.261356481481,5463.629689365079,33
2025-02-05,73279.68740511464,11476.303239428571,43723.46784633022,67432.96741886518,111156.43526519541,20771.22458844797,16763.660927238092,0.0,121991.08443333334,41242.65745,5463.629689365079,5531.441899814814,35
2025-02-06,73118.17220817167,11104.055983325985,43656.69139717198,66785.5965072576,110442.28790442957,20733.66671590241,16785.5611125,3.065371428571666,122252.1627,41981.10548333333,5531.441899814814,5541.1184857936505,36
2025-02-07,72610.92065385068,0.0,43254.14637297127,0.0,43254.14637297127,18022.023493151086,9864.845666666666,32648.063160699592,76168.59693333333,44362.91726666666,5541.1184857936505,10800.0,0
2025-02-08,65755.96909841271,0.0,40185.589242890324,0.0,40185.589242890324,11289.35381834216,9154.15421190476,32043.606775308635,75746.78751666666,44169.6248,10800.0,10789.135978835979,0
2025-02-09,65367.63283206937,12147.183050349508,39913.39517011145,72430.1004788606,112343.49564897204,14552.174140299823,16592.77422454761,0.0,121547.90356666666,41992.4876,10789.135978835979,5449.676900052911,36
2025-02-10,71483.5398186067,7255.605951571423,42482.82196827377,43218.5115061626,85701.33347443637,22617.554982892412,18435.782336523815,230.7355404761911,121477.56451666667,47150.926933333336,5449.676900052911,5321.273788518518,31
2025-02-11,70781.0561781893,8810.483886309536,41949.68913792766,51753.430828632816,93703.11996656048,22194.89805676073,17823.95512559523,0.0,121441.28161666667,46220.68448333333,5321.273788518518,5492.287455608465,31
2025-02-12,69713.27481349207,9730.93253430952,41277.96788078889,58298.34402002076,99576.31190080965,21913.968384920634,17783.032210928577,46.53504047619049,121363.85288333334,46097.11675,5492.287455608465,5455.934323227513,33
2025-02-13,68906.81962013521,6977.122445000008,40792.538342116146,41179.193775450985,81971.73211756712,21891.25761299236,17580.45255261904,243.6579880952379,121310.28371666667,49980.8047,5455.934323227513,5624.230005343916,27
2025-02-14,67334.21773118754,0.0,39854.26540350121,0.0,39854.26540350121,17149.20898877131,9232.666285714286,29615.87321146385,75872.63795,46070.83613333333,5624.230005343916,10800.0,0
2025-02-15,61278.53036269842,0.0,37174.41927739048,0.0,37174.41927739048,11311.885061728392,9195.108566666666,29881.662767636688,76054.55225,46774.46115,10800.0,10763.909259259259,0
2025-02-16,60964.492190828925,12122.801833571422,36934.970856492255,72046.6928461372,108981.66370262946,13150.213031305117,15440.298106904767,0.0,121276.97728333333,45899.598183333335,10763.909259259259,5443.214201984127,37
2025-02-17,66257.70419861846,8637.405145928573,39022.83056520267,52324.88767931867,91347.71824452134,20082.13427957084,16370.888101690476,0.0,120960.37281666667,49776.50965,5443.214201984127,5327.259385052912,34
2025-02-18,65927.21170717225,10024.518244428577,38762.681135882136,61601.23260566465,100363.91374154678,19354.85728098177,15494.515112714282,0.0,121331.27123333333,49239.88345,5327.259385052912,5530.5030349206345,34
2025-02-19,65249.16977119341,11224.642896586427,38317.012096978826,66637.38200935724,104954.39410633607,19996.399445708405,16487.76471840476,85.85055714285727,121866.79411666667,48987.466733333335,5530.5030349206345,5207.52396005291,35
2025-02-20,65259.45957101705,9810.430924500006,38247.80393372867,57943.081970582425,96190.8859043111,19712.05745435038,15635.30069216666,0.0,121105.25703333333,50112.1233,5207.52396005291,5575.819344338624,34
2025-02-21,64794.9652138448,0.0,38014.880242970656,0.0,38014.880242970656,17213.187621516758,9240.919383333334,31262.434942328036,75802.00203333334,50241.74,5575.819344338624,10800.0,0
2025-02-22,58381.5002574662,0.0,35190.54964898531,0.0,35190.54964898531,11536.549297472067,9408.782788095237,28408.970864756036,75682.24226666667,47837.47938333333,10800.0,10728.69126984127,0
2025-02-23,58256.33837627866,11023.598684833329,35056.80912975102,66212.95894942577,101269.76807917678,13138.604116754852,15390.520738976194,0.0,121142.14093333333,49610.28725,10728.69126984127,5452.856376058201,35
2025-02-24,63564.89437695473,8447.054979214288,37143.32018837557,51669.91715025984,88813.23733863542,20178.836288859497,16369.920549357139,0.0,120628.98855,52425.954933333334,5452.856376058201,5425.008425634921,30
2025-02-25,63167.47038327454,7043.21509269048,36903.02645844777,42488.63691572704,79391.66337417481,21275.907523750735,17223.287052547614,336.7417714285715,121093.33288333334,55272.00965,5425.008425634921,5436.339583068784,28
2025-02-26,62253.00570420341,10239.3452962619,36361.84630973845,63480.46685298655,99842.31316272501,18976.736278012933,15299.233310880954,0.0,121060.73411666666,52245.88608333333,5436.339583068784,5516.254110079365,32
2025-02-27,61582.94386895944,9796.934154921515,35918.76209635221,58266.12099416457,94184.88309051679,20688.56238571429,16548.40162135714,283.1330595238095,120599.48893333333,53642.90473333334,5516.254110079365,5748.847344603174,31
2025-02-28,60750.563102087006,0.0,35527.51732780969,0.0,35527.51732780969,17415.789334920628,9560.751971428568,29602.93218859495,75385.10795,52092.5144,5748.847344603174,10800.0,0
2025-03-01,54810.53589506173,0.0,32955.642448874554,0.0,32955.642448874554,11639.995987654313,9449.289130952378,28961.063105026464,72244.16015,48585.39421666667,10800.0,10776.786243386243,0
2025-03-02,54235.57465338037,15181.765105976194,32618.081636959654,92592.53591889646,125210.61755585611,9876.619408142271,12817.586715452377,0.0,117860.41708333333,45502.110016666666,10776.786243386243,5423.980693544973,50
2025-03-03,60313.680206525576,14888.433912972076,35153.93508242523,90928.54014276381,126082.47522518905,16867.08124685479,13720.38326545238,38.26950476190484,117958.7456,45941.598966666665,5423.980693544973,5359.483520767197,39
2025-03-04,60944.01942918871,11618.35408952381,35507.71468228419,71341.13250294131,106848.8471852255,17971.71945537919,14608.803870000002,0.0,118139.02498333334,48939.56705,5359.483520767197,5302.026730608465,31
2025-03-05,61497.14928894768,8439.019414928563,35785.055447812534,52163.73374839925,87948.78919621179,19632.354350852445,15830.028020785723,3.3703571428569603,118073.44383333334,51942.971816666664,5302.026730608465,5382.225623280425,30
2025-03-06,61020.76700490888,8768.759219999996,35475.52407617548,54559.367404977645,90034.89148115313,19936.941662051733,16088.069570476195,0.0,117673.59855,51732.944416666665,5382.225623280425,5449.840263042327,27
2025-03-07,60807.638674338625,0.0,35262.94650864629,0.0,35262.94650864629,17271.68678592005,9174.92253333333,31788.588888418577,71680.36145,50758.07591666667,5449.840263042327,10800.0,0
2025-03-08,54534.81500399765,0.0,32580.830182181307,0.0,32580.830182181307,11541.340008818339,9360.620407142855,33290.9558856555,72344.71158333334,53281.57206666667,10800.0,10786.516666666666,0
2025-03-09,53885.23619900059,7971.6527058994725,32128.426496170017,48044.47199561732,80172.89849178735,15060.102467519107,16960.179710238095,423.44109761904747,117692.9865,54359.46145,10786.516666666666,5495.96476494709,27
2025-03-10,58449.192157760146,12551.274114417394,33831.47652347975,77501.92890263726,111333.40542611701,16406.35104579659,13447.956223619052,0.0,117943.06436666667,49900.99291666667,5495.96476494709,5319.50712436508,34
2025-03-11,58064.34070955321,9783.942165382416,33505.1873957341,61461.09803109082,94966.28542682492,19367.88067848325,15466.236539261907,7.719935714285725,117499.55295,53560.63415,5319.50712436508,5565.8924691534385,26
2025-03-12,56974.07472260435,8866.733447476185,32978.19043458322,55121.993712782256,88100.18414736548,19536.200736890067,16130.927250142864,0.0,118112.23683333333,55676.70215,5565.8924691534385,5225.220632195767,25
2025-03-13,56780.33665008819,13861.576616285707,32880.33986874308,85821.35671697676,118701.69658571985,15155.619514373902,12059.324264666675,0.0,118237.27705,50691.65903333334,5225.220632195767,5466.0290121693115,40
2025-03-14,56715.35444185774,0.0,32840.46244732508,0.0,32840.46244732508,17351.23631216932,9253.927523809523,32588.619670164604,72108.86895,56079.44296666667,5466.0290121693115,10800.0,0
2025-03-15,50052.202123162846,0.0,29995.133517435042,0.0,29995.133517435042,11621.453344973546,9562.598838095239,27069.222466284536,72724.98178333334,51800.85663333334,10800.0,10634.19819037037,0
2025-03-16,50491.77986452087,10439.087999854208,30178.11870047573,65326.81181824918,95504.93051872491,12307.955600470312,14728.134669428568,0.0,117983.21598333333,54632.16905,10634.19819037037,5346.7641536507945,28
2025-03-17,56354.44548233392,6043.2851951190505,32617.07004406554,37990.75448232818,70607.82452639371,20473.57034185773,16353.864659642853,419.893561904762,117693.6218,59835.490366666665,5346.7641536507945,5602.016728386245,21
2025-03-18,54561.354802813636,9758.477381503233,31748.231337750585,60378.99732305358,92127.22866080416,17788.92054941211,14596.447991285713,1.4012595238094718,117253.42358333334,56127.465216666664,5602.016728386245,5393.769676984128,29
2025-03-19,54413.1117636652,8926.407369177836,31582.083124185232,54784.63174535288,86366.71486953812,19057.547328747794,15305.285826857144,121.78718095238082,117281.558,57816.08755,5393.769676984128,5539.689131904764,26
2025-03-20,53843.178302088774,11680.514190720745,31229.40983314364,73675.22706905432,104904.63690219796,16886.42749047619,13571.696814333336,0.0,117648.38173333333,55439.419916666666,5539.689131904764,5657.810746296295,32
2025-03-21,53016.962219870664,0.0,30797.17679062067,0.0,30797.17679062067,17667.812365961203,9682.957688095237,32998.64302533804,72593.53221666666,60560.0677,5657.810746296295,10800.0,0
2025-03-22,46705.23597087008,0.0,28066.332690091698,0.0,28066.332690091698,11409.743821281596,9297.792257142857,28712.08467339801,71936.92953333333,56055.7298,10800.0,10737.889153439153,0
2025-03-23,46040.73905232216,10173.11407452381,27716.508444966392,62601.091707878884,90317.60015284528,11625.40318089359,14181.270170714284,0.0,117739.97726666667,58970.25715,10737.889153439153,5443.785159894181,31
2025-03-24,51235.298930834804,10048.58277630952,29819.451465722133,63181.3834358509,93000.83490157302,18105.508007025277,14828.448383214289,8.325000000000045,117425.17061666667,59426.673533333334,5443.785159894181,5262.688607089947,28
2025-03-25,51481.056432951205,12587.254904285717,29877.712906366178,78573.75022218491,108451.4631285511,16012.571992475012,12894.38537190476,0.0,118053.16781666667,57103.0431,5262.688607089947,5346.908542645502,37
2025-03-26,51335.23885855379,7982.120131214282,29822.564933259164,49633.0613966233,79455.62632988246,19361.310187125222,15640.001578309526,3.4955142857141936,117704.6278,62112.07293333333,5346.908542645502,5394.308179603176,24
2025-03-27,50700.328576014115,11288.535629523807,29521.348895354535,70676.15846635356,100197.50736170809,16447.25458553792,13175.379780000003,0.0,117952.59836666667,59235.60896666667,5394.308179603176,5557.526439920636,30
2025-03-28,49997.37998477366,0.0,29157.871578816263,0.0,29157.871578816263,17329.00705970018,9318.269514285714,31164.76167269253,71891.76726666666,61069.8865,5557.526439920636,10800.0,0
2025-03-29,44122.23966614286,0.0,26653.507107227244,0.0,26653.507107227244,11490.616482128162,9346.16292195238,34270.57692263374,72118.27746666667,64411.068283333334,10800.0,10756.929365079364,0
2025-03-30,43313.21712857143,9678.746685761907,26272.629509230475,58527.25389914394,84799.88340837442,12846.484383333333,15200.140268999994,0.0,117994.70585,62649.08615,10756.929365079364,5429.72056674603,30
2025-03-31,48786.71807363316,11125.762309571428,28535.580378634182,70484.49803306069,99020.07841169488,14719.41269506173,11758.321795190475,0.0,117075.66561666667,60124.27613333333,5429.72056674603,5612.389997645502,30
2025-04-01,48227.85254300412,14126.64488495238,28284.05201452706,87006.9601634899,115291.01217801696,11688.252226337449,9542.60631504762,0.0,117967.14630000001,57758.29478333333,5612.389997645502,5528.92109574074,44
2025-04-02,47999.38800135215,14689.56394114286,28166.848901610836,87301.97640935583,115468.82531096667,12189.953860875954,9936.337318380949,0.0,117986.62945000001,57551.29405,5528.92109574074,5459.504772328041,39
2025-04-03,48542.68011998825,10571.441729380953,28353.07325850579,62785.75159701235,91138.82485551813,17070.25544617872,13819.663863476191,0.0,117884.4561,62020.925833333335,5459.504772328041,5467.552603359789,31
2025-04-04,48125.95412475015,0.0,28138.03924659888,0.0,28138.03924659888,16786.46724259259,8797.83580952381,33706.520441681365,71735.75181666667,65304.94956666667,5467.552603359789,10800.0,0
2025-04-05,42163.94600952381,0.0,25571.959356432857,0.0,25571.959356432857,12358.895340975896,10044.460226190475,27805.395911405056,72602.74256666667,60558.627583333335,10800.0,10762.494444444445,0
2025-04-06,42557.77917183333,9572.278807809522,25731.926506340755,57966.8224539906,83698.74896033136,12967.45682142857,15247.47510845238,0.0,117205.43058333333,62795.354316666664,10762.494444444445,5491.566574338624,28
2025-04-07,47897.15223962375,8313.176407809522,27970.43996962616,50235.80462242348,78206.24459204964,16544.18743009994,13576.578066000002,0.0,117015.14203333334,63772.42275,5491.566574338624,5296.248521428572,27
2025-04-08,47576.679455643745,10019.38428207142,27752.49458452259,59106.209970932796,86858.70455545538,17239.86667945327,13996.99655840477,0.0,117713.29026666666,63360.09665,5296.248521428572,5259.910134708994,31
2025-04-09,47654.09620825985,13894.543840190476,27764.63823621397,85401.70012828453,113166.3383644985,12496.838932069373,10082.509900285717,0.0,117677.52253333334,58543.21151666667,5259.910134708994,5304.2763954761895,39
2025-04-10,47490.82271725456,10518.04389861905,27708.25739701085,62671.945567798146,90380.202964809,16681.75682915932,13133.52811328571,0.0,117668.70068333333,63208.062783333335,5304.2763954761895,5725.048526957673,33
2025-04-11,46794.96299517931,0.0,27406.10500342919,0.0,27406.10500342919,16147.024226366839,8511.633297619046,33842.92189976485,72091.99675,66775.34658333333,5725.048526957673,10800.0,0
2025-04-12,41547.37897380953,0.0,25154.65312849167,0.0,25154.65312849167,11964.804112286887,9744.21752142857,30301.63183295121,71957.17576666667,62932.01521666667,10800.0,10741.415343915343,0
2025-04-13,41203.47437142857,10718.917227857135,24937.31426508857,64170.593622908884,89107.90788799745,11999.063283333335,14353.030167380959,0.0,117283.0622,63006.70371666667,10741.415343915343,5592.761001825397,34
2025-04-14,46181.925624632575,9167.94380214285,27037.461554975172,53094.96989758587,80132.43145256104,15263.312488918285,12441.47486214286,0.0,117901.37268333333,65373.34088333333,5592.761001825397,5505.881283915344,31
2025-04-15,46165.54775793651,7322.642468261907,26991.257698654525,43869.4999103299,70860.75760898442,17241.958312698414,13893.196919833332,0.0,117056.90516666666,66917.47633333334,5505.881283915344,5586.758298862435,25
2025-04-16,45567.35497348619,12348.437976119045,26665.03895623503,74454.2487143472,101119.28767058223,12640.06282824809,10503.86182864286,0.0,117924.88506666667,62145.29311666667,5586.758298862435,5291.857256904762,37
2025-04-17,45659.248656466785,10504.194946261907,26651.879597376137,62875.70354589152,89527.58314326766,15153.26249218107,11858.161239452378,0.0,117487.04263333333,64618.70028333333,5291.857256904762,5754.058789365081,30
2025-04-18,44925.05550999413,0.0,26289.29559271955,0.0,26289.29559271955,15487.386027689596,8003.435592857141,31086.987891828336,71490.16935,65136.05216666667,5754.058789365081,10800.0,0
2025-04-19,39879.60193333333,0.0,24112.92183312333,0.0,24112.92183312333,12889.484121105233,10502.787614285715,30708.226176513814,71905.41535,65120.7361,10800.0,10730.771693121693,0
2025-04-20,39935.032283333334,9718.430152642857,24073.960373630714,56978.2121490073,81052.17252263801,13309.802023809525,15614.084471166669,0.0,117197.81635,65240.07146666667,10730.771693121693,5360.610768809524,32
2025-04-21,45064.17716919459,6727.214495547617,26180.75519338172,38041.496057885146,64222.25125126687,17608.62590728983,14334.144625880954,0.0,118481.63788333333,69964.7275,5360.610768809524,5281.546723280424,25
2025-04-22,45001.89454714874,9912.569286857146,26131.54634795426,58780.21362276988,84911.75997072415,14520.163499529686,11758.628982190472,0.0,117811.00101666666,65658.0717,5281.546723280424,5284.550559312169,32
2025-04-23,44942.966698353914,9392.36870033333,26035.272729763125,55441.47780212848,81476.75053189161,14563.306043592007,11627.887361571431,0.0,118030.51476666666,66630.59805,5284.550559312169,5471.651152354497,29
2025-04-24,44453.45265490888,6464.950943476191,25750.900236076246,36801.876959063,62552.77719513925,17615.73576681364,14072.128413666665,284.6895452380969,117497.77966666667,70407.67296666667,5471.651152354497,5690.115105079366,26
2025-04-25,43888.10757680776,0.0,25429.941519443702,0.0,25429.941519443702,15267.072275955321,7767.432138095238,34388.10978894767,71763.3212,69762.96355,5690.115105079366,10800.0,0
2025-04-26,38765.03235714286,0.0,23190.45227709762,0.0,23190.45227709762,12635.040188124636,10264.632552380952,36324.431088065845,72100.92436666667,72030.73073333333,10800.0,10766.388888888889,0
2025-04-27,38594.457226190476,8533.148268690473,23125.30080035905,49256.12489600915,72381.4256963682,15788.625195238097,17583.38891702381,348.8980333333326,117032.52253333334,68459.05135,10766.388888888889,5439.052767910054,28
2025-04-28,43564.87062378013,15026.420219619049,25260.45405797752,90693.21877176582,115953.67282974334,10073.610652351557,8107.458549428571,3.171423809523617,117537.3008,60915.333483333336,5439.052767910054,5497.015077883599,45
2025-04-29,43471.99762010582,7323.150762619049,25236.71395973254,44004.024039568576,69240.73799930111,16885.110108201057,13663.79457547619,140.61913333333513,117252.75871666666,69819.545,5497.015077883599,5511.620202513227,27
2025-04-30,43267.20417527925,7618.422533166661,25193.039293526756,43979.59808241579,69172.63737594255,14713.555672898297,12084.783397785719,0.0,117682.88071666667,69426.02628333334,5511.620202513227,5326.283199470901,26
2025-05-01,43250.10664541446,11020.03684690476,25156.72929962201,63186.971719577734,88343.70101919974,16317.266347795417,13655.075336428574,596.5736809523763,120364.58391666667,69353.20511666666,5326.283199470901,4839.5169831216945,31
2025-05-02,44352.32332254556,0.0,25865.14233835974,0.0,25865.14233835974,16150.835277718983,8718.194357142855,22629.3623186361,74761.02673333333,60470.70665,4839.5169831216945,9688.386114021165,0
2025-05-03,40450.88324976191,0.0,24504.101217021693,0.0,24504.101217021693,13160.86202333922,10758.853404761903,29181.70298118459,74894.84928333333,66027.67763333334,9688.386114021165,9578.880374179898,0
2025-05-04,41035.72581085714,9131.524558095236,24966.213684288115,54908.38562496808,79874.5993092562,13083.472388095239,14650.889352476193,0.0,120670.08423333333,68935.4169,9578.880374179898,5075.2395762698425,30
2025-05-05,45461.54318059965,12271.074051785712,26997.342900226693,70861.3571261066,97858.70002633329,13624.608956790124,10967.998524404764,0.0,120612.16386666667,65536.15706666667,5075.2395762698425,5150.722610264551,34
2025-05-06,45861.14013653733,9957.098145261903,27336.36799254224,55695.177769588125,83031.54576213036,15904.910843680187,12956.754928547622,0.0,121017.1901,68147.10773333334,5150.722610264551,5068.748004523811,34
2025-05-07,46618.78505843621,11528.163468404762,27797.486907260845,68405.43939740781,96202.92630466867,14952.522632245737,11873.420055404762,0.0,121160.21501666667,66092.36906666667,5068.748004523811,5333.329423095239,33
2025-05-08,47126.81986845973,11320.066560452378,28319.581623828122,69240.68746755066,97560.26909137878,12427.284161316871,9806.910132404762,0.0,120445.47738333333,64618.96498333333,5333.329423095239,5621.318354497355,33
2025-05-09,46576.140017136975,0.0,28022.425046087505,0.0,28022.425046087505,15685.164362845382,8094.25195,30485.841754291596,74253.82545,65754.4396,5621.318354497355,10744.353003280423,0
2025-05-10,41438.5729732381,0.0,25755.623050209353,0.0,25755.623050209353,12662.133120017641,10652.721907714284,27308.116477601405,74647.98705,62526.94176666666,10744.353003280423,10303.915136058198,0
2025-05-11,41891.975113261906,11240.720581499998,25925.778208590178,69055.943116418,94981.72132500818,10908.636616666667,13273.22848380952,13.208478571428714,120743.09041666667,65259.011333333336,10303.915136058198,5373.656442380952,37
2025-05-12,46777.57296848913,8047.78570735714,28007.072419615848,50818.30412638724,78825.37654600308,14065.221030393888,11185.051673595239,13.994085714285802,120448.60361666666,68517.40838333333,5373.656442380952,5604.520176851852,29
2025-05-13,45982.82270179306,9647.27975078571,27658.692116463775,58108.03768110226,85766.72979756603,13013.042547031158,10522.082418261907,9.929557142857107,120269.6316,67140.41883333333,5604.520176851852,5625.055782222222,31
2025-05-14,45566.14127601411,9593.354662571428,27441.990849609276,56819.26468126076,84261.25553087004,12923.598280776017,10778.25112552381,0.0,120592.00526666666,67577.85648333334,5625.055782222222,5280.45965100529,30
2025-05-15,45588.11758283363,10151.114983452382,27342.779921276684,59665.37027696637,87008.15019824306,14133.42927569077,11174.872673690477,15.617680952380852,119598.30981666666,66833.25153333333,5280.45965100529,5584.020806137568,29
2025-05-16,45248.63653315696,0.0,27177.33929927642,0.0,27177.33929927642,14331.289926102285,7270.626966666667,35472.467040388015,74681.34475,71965.83821666667,5584.020806137568,10403.707332222222,0
2025-05-17,40436.78192957143,0.0,25031.383201926135,0.0,25031.383201926135,12962.315218077603,10707.127958523808,27732.7955866843,75274.53043333333,64825.73135,10403.707332222222,10172.982185687828,0
2025-05-18,40372.03846383334,11178.329601500003,24993.281842222845,64721.19032876108,89714.47217098392,11489.846864285715,13615.646898952373,0.0,120687.037,67010.8689,10172.982185687828,5385.347809153439,32
2025-05-19,44662.62414191652,6537.559345380952,26744.101712697175,36828.26158720421,63572.363299901386,16161.015264667842,13035.106514142855,559.0581867724895,120072.38798333333,72557.17143333334,5385.347809153439,5446.809864973545,26
2025-05-20,44568.6903829806,11925.082094714284,26626.7020193457,72922.45356381426,99549.15558315995,10958.376071075838,8991.99841004762,0.0,120437.57771666667,65910.1829,5446.809864973545,5318.238984444445,32
2025-05-21,44688.82518730159,9395.630497428565,26681.352297790556,57161.6067230547,83842.95902084526,14213.005137301587,11511.469738285721,20.305002380952487,120283.05128333333,68920.436,5318.238984444445,5319.421676587303,31
2025-05-22,44538.873537566134,9281.411031119045,26655.08306160926,55538.7511320894,82193.83419369865,13902.57423994709,10898.920487928573,0.0,119729.68001666667,68913.0492,5319.421676587303,5721.826839285715,28
2025-05-23,43880.81458988095,0.0,26373.20702110911,0.0,26373.20702110911,14645.704954174013,7415.179064880954,30229.33981725456,74983.38438333334,68562.4355,5721.826839285715,10663.873448174603,0
2025-05-24,39522.6334347381,0.0,24498.669534336164,0.0,24498.669534336164,12998.983122457374,10972.876415261904,33742.025344209294,74693.81781666666,70939.31643333334,10663.873448174603,10170.873352539686,0
2025-05-25,39795.84432557143,7521.62563461905,24507.707494549704,43273.10365813844,67780.81115268814,15148.325597619048,16394.15320171428,18.287380952380772,120319.8776,71774.86741666666,10170.873352539686,5588.640610714287,28
2025-05-26,43729.10238369047,12776.49373859524,26285.76450081687,76157.39554172484,102443.16004254171,10378.326983333332,8452.56381104762,0.0,119407.96936666667,64828.13641666667,5588.640610714287,5537.397327883598,35
2025-05-27,43850.44084061905,8030.9708850952375,26354.473750419605,46609.13878699883,72963.61253741843,14039.91248095238,11548.868055238096,0.0,120046.82735,70656.46005,5537.397327883598,5341.242943809524,28
2025-05-28,43891.7758175485,10777.990969380955,26314.72617803052,62716.8076481188,89031.53382614932,12413.05535802469,10025.757194904761,8.644523809523662,119921.84721666666,67648.02311666666,5341.242943809524,5373.262549470899,33
2025-05-29,43923.78878762493,12813.809556690478,26257.163362482515,75577.92306374518,101835.0864262277,12068.309270958262,9460.454336166666,19.61990952380961,120439.31426666667,66329.19076666667,5373.262549470899,5723.12496425926,35
2025-05-30,43805.101922986476,0.0,26254.619682624165,0.0,26254.619682624165,14855.506437184007,7534.14665,29887.508869135803,74612.22448333334,68015.99121666666,5723.12496425926,10721.806702169313,0
2025-05-31,39386.341275190476,0.0,24328.603195927124,0.0,24328.603195927124,13538.645017107585,11429.084115285716,28887.598823368608,74778.33258333334,66389.15103333333,10721.806702169313,10207.604867248676,0
2025-06-01,39974.09646709524,26705.85690338095,24606.675199251436,145868.0333915327,170474.70859078414,4876.567902380952,9421.440831904763,0.0,128248.56003333333,57023.733733333334,10207.604867248676,4128.2483883862415,82
2025-06-02,47523.30440808348,23259.371122142857,28217.155936383388,131989.73432878545,160206.89026516883,10674.662612845388,8532.794532619047,0.0,128080.53698333334,59439.72953333333,4128.2483883862415,4254.561925925927,57
2025-06-03,49431.676007995295,21029.700421666665,29503.66795280367,122093.53875699392,151597.20670979758,10517.299062757198,8248.28946642857,0.0,128076.84056666667,59884.47373333333,4254.561925925927,4555.365008597884,56
2025-06-04,51875.04568156967,19712.03590742857,30995.39154705364,113586.36647832216,144581.7580253758,10036.470943474425,8094.650171142858,0.0,128539.84358333334,58894.58276666667,4555.365008597884,4594.133112010582,61
2025-06-05,54354.69326910641,19294.138955880953,32472.1290152473,112797.111645171,145269.2406604183,11631.804376249262,9132.290167928568,0.0,128455.92066666667,57306.60265,4594.133112010582,4915.76797515873,57
2025-06-06,56498.94733921222,0.0,33811.590224379506,0.0,33811.590224379506,16206.462753439146,8812.851683333332,18250.340869106414,82747.415,51892.4196,4915.76797515873,9709.52702732804,0
2025-06-07,54736.6307686067,0.0,33643.34808625278,0.0,33643.34808625278,11061.982608201062,8848.184316666666,21396.31931040564,83156.75975,52030.24658333333,9709.52702732804,9833.995467301589,0
2025-06-08,57860.9361898883,5820.132554761902,35631.88664924236,38136.85670746903,73768.74335671139,13234.897466078777,14738.75198809524,0.0,128266.94665,63082.02338333333,9833.995467301589,5369.012088888889,18
2025-06-09,62036.66135312493,12084.676619309517,37324.4351256935,78371.84513575796,115696.28026145145,16025.975849529692,12898.631924714291,61.281314285714416,128169.18798333334,57236.47525,5369.012088888889,5460.57710378307,33
2025-06-10,62207.05581517284,12199.115055166665,37458.86286255286,77967.63749736178,115426.50035991464,15201.363806172836,12413.637169166665,0.0,127414.49178333333,55796.04755,5460.57710378307,5348.874341375661,34
2025-06-11,62813.816229465614,16230.724149666667,37809.75831334113,97508.34190373987,135318.100217081,14973.290827513229,12045.192157904761,31.995392857143088,128236.67731666667,52152.231,5348.874341375661,5441.289244021164,53
2025-06-12,63691.5371057907,12134.163093547619,38372.31069468004,77698.83383105916,116071.1445257392,16111.305446266895,12765.130313595238,27.133633333333023,127721.81298333334,55269.42155,5441.289244021164,5757.9860194444445,35
2025-06-13,63538.719838183424,0.0,38373.99751876553,0.0,38373.99751876553,15329.19113027631,8282.268049999999,28146.483057907113,81889.5904,53544.2767,5757.9860194444445,10351.737981137569,0
2025-06-14,58076.11419900059,0.0,35950.595158674114,0.0,35950.595158674114,9564.238581746029,8013.6604714285695,30332.19333868313,82253.15711666667,56059.814366666666,10351.737981137569,10055.485514232807,0
2025-06-15,57612.397580952376,10769.477378999993,35676.758954098616,69688.49778331016,105365.25673740877,10255.087766666664,12500.187140047627,0.0,127368.88451666667,56741.91018333333,10055.485514232807,5395.9676819576725,31
2025-06-16,63657.545686890066,12444.22758616666,38278.89611913829,79141.97197358002,117420.8680927183,16330.304253556731,12948.208537642862,25.624740476190482,127618.63201666667,54924.5792,5395.9676819576725,5706.343134999999,32
2025-06-17,63604.8231659612,13585.75270102381,38239.49409557037,84474.83107446984,122714.3251700402,15495.586458818343,12942.0218085,0.0,127311.7546,52674.743383333334,5706.343134999999,5272.346716269842,52
2025-06-18,64550.47865793651,9702.391401785715,38707.12135466174,63272.70265151482,101979.82400617655,16834.71613174603,13519.613964880951,9.376992857142682,126909.07891666667,55980.68801666667,5272.346716269842,5401.797940529101,28
2025-06-19,63571.50321763668,8664.4838955,38160.10985033774,55072.79873700024,93232.90858733798,18445.432865255727,14566.740040214283,97.79008809523759,127349.0669,59089.5627,5401.797940529101,5817.420807910053,27
2025-06-20,62465.763419576724,0.0,37582.18248034331,0.0,37582.18248034331,14332.958015784838,7541.925916666665,33274.15047045855,81137.07971666666,58736.49886666667,5817.420807910053,10337.165336931217,0
2025-06-21,56496.414244709,0.0,34912.69752343329,0.0,34912.69752343329,9862.381448736038,7894.616752380953,35193.909148353916,81408.0648,62073.3244,10337.165336931217,10441.512249259262,0
2025-06-22,55465.266282308345,9476.001998119047,34274.2347410734,63019.94523725459,97294.17997832799,10543.152087713108,13059.224907285718,0.0,126539.46191666667,59082.12081666667,10441.512249259262,5420.099231216933,18
2025-06-23,60617.01532995297,9779.422979928568,36380.254909489195,64509.46545846532,100889.7203679545,17281.04136804821,13980.025734357148,34.13667619047635,126690.87308333334,59629.58708333333,5420.099231216933,5439.674535396825,22
2025-06-24,59741.56687319224,18976.97740595238,35943.39353815399,109162.17518621362,145105.5687243676,13078.048232716048,10628.29620357143,0.0,127112.84501666667,50844.05276666667,5439.674535396825,5400.699940873015,64
2025-06-25,60049.45522087008,13083.825447999996,36045.35381555731,81037.51496316507,117082.86877872239,14335.946066108174,11640.086763904766,0.0,126310.40843333333,55872.98706666667,5400.699940873015,5369.621662698411,44
2025-06-26,60041.69794032922,10754.778300976184,35973.46757859471,67604.4658973458,103577.93347594052,16229.398630805412,12980.30622283334,0.0,126697.44536666667,59150.06153333333,5369.621662698411,5553.517960608466,30
2025-06-27,59736.012223074664,0.0,35747.47416109024,0.0,35747.47416109024,15453.406377425044,8236.576823809522,32747.536802792478,79563.255,59791.60913333333,5553.517960608466,10309.831673835983,0
2025-06-28,54099.57683251028,0.0,33305.00859195044,0.0,33305.00859195044,10005.06829562022,8122.785245238095,30440.367665461494,80661.5728,58884.64668333333,10309.831673835983,10289.07620074074,0
2025-06-29,54495.354084306295,12554.97460602381,33523.24770245028,79590.56472169932,113113.8124241496,9998.40339597296,12266.640858023808,50.79761904761904,126384.80871666667,57117.04018333333,10289.07620074074,5658.038303756613,31
2025-06-30,59871.04579436831,12369.362674809523,35838.6977185551,78779.39214457404,114618.08986312915,14780.32996196355,12417.605476119052,0.0,125947.32058333333,56069.6366,5658.038303756613,5162.9958516137585,36
2025-07-01,60837.708265226334,19601.31439876308,36220.33206171555,117186.93850550737,153407.27056722293,13953.669039417986,12381.190408761906,0.0,141546.85106666666,62680.30703333333,5162.9958516137585,3964.4197551322764,47
2025-07-02,62565.668218208404,13844.869616833334,37184.94858073108,84848.11723037052,122033.06581110161,17616.24220999412,14129.312186857145,18.84144523809539,141198.65821666666,68293.89185,3964.4197551322764,4119.80198095238,35
2025-07-03,62746.47132413287,20181.861805337445,37554.7706237641,119754.27226092595,157309.04288469005,14330.393171898888,11162.47897576191,0.0,141565.53863333334,61805.1197,4119.80198095238,4614.401418148149,55
2025-07-04,63959.15221613757,0.0,38528.04667568022,0.0,38528.04667568022,15965.11947275132,9497.811933333334,28610.97721005291,95795.06575,66914.19828333333,4614.401418148149,8429.884573253968,0
2025-07-05,61058.573318694886,0.0,37700.05419511563,0.0,37700.05419511563,12036.624028806584,9288.108330952382,29519.977654174018,95872.8349,67082.75493333333,8429.884573253968,8942.725831455027,0
2025-07-06,61461.87794282775,16878.720538063786,38278.95837436946,102908.13741548808,141187.09578985753,10965.83636058201,12419.219429690474,0.0,141244.57465,61450.5931,8942.725831455027,5012.845856322751,49
2025-07-07,67355.64575064668,9341.637014404763,41293.13148623069,60163.15020098016,101456.28168721085,16338.820293503823,13051.020295119046,0.0,141495.39415,68085.91138333334,5012.845856322751,5216.650459232805,24
2025-07-08,67566.26820249853,11632.77258988096,41700.92956650679,74403.42973544101,116104.35930194778,17255.046931069952,13771.352905357135,143.95974999999999,141285.227,65713.83998333334,5216.650459232805,5444.689469021165,32
2025-07-09,66842.04678474426,10231.29498980952,41479.67398540208,66582.6214040194,108062.29538942149,15414.792232363314,12404.735407809527,4.559933333333333,140590.70496666667,66531.97995,5444.689469021165,5534.963136137567,25
2025-07-10,66946.31573794827,9311.535510190468,41553.501480797226,60298.41321167138,101851.9146924686,17202.392573662557,13860.902337428579,62.73762857142833,140463.54225,67609.91886666666,5534.963136137567,5616.113855291005,26
2025-07-11,65836.39859779541,0.0,41036.89542447885,0.0,41036.89542447885,16214.242288242209,8935.636795238097,26039.015954791295,94741.08840000001,62222.31125,5616.113855291005,10280.446586666667,0
2025-07-12,61169.80703442093,0.0,39003.6620017713,0.0,39003.6620017713,10649.930104850095,8716.535238095239,28152.16883433274,95318.3711,64234.127766666665,10280.446586666667,10180.344527592591,0
2025-07-13,61628.46726528512,6346.6024558333365,39195.79558500451,41435.35622858919,80631.15181359371,14090.246122427981,15661.133727499997,278.2369261904764,139893.36648333335,70625.64608333334,10180.344527592591,5460.306340555556,23
2025-07-14,65325.08116019989,9410.307187738097,40625.55428567584,61406.70500351901,102032.25928919486,15149.398117342742,12221.688986071425,0.0,141062.42346666666,69254.74425,5460.306340555556,5515.110217195766,25
2025-07-15,65026.06432495591,10549.799372866839,40539.1705308996,69396.90154502977,109936.07207592939,13610.760820370373,10858.221563023813,74.27385714285685,139545.16266666667,66796.11208333334,5515.110217195766,5700.104329947091,25
2025-07-16,64350.94666640212,10303.322184051729,40129.45883943706,67864.27165007718,107993.73048951423,15036.278035596712,12529.815187523815,13.242619047618973,140365.26538333335,68230.702,5700.104329947091,5310.737686957673,23
2025-07-17,64478.628127013515,11459.218627699005,40198.32979195189,73069.30866832432,113267.6384602762,15863.285714902995,12705.58896733333,59.73394047619024,139569.15928333334,66848.74321666667,5310.737686957673,5470.373755555557,28
2025-07-18,64278.44989573781,0.0,40103.88254998092,0.0,40103.88254998092,15861.761597207516,8356.381061904762,25498.821260435052,93698.0732,62423.8251,5470.373755555557,10461.091346481478,0
2025-07-19,58633.3963154662,0.0,37746.52186410627,0.0,37746.52186410627,9809.799308377418,8408.212941999996,30048.990899088778,94564.5224,67381.70335,10461.091346481478,9947.45189957672,0
2025-07-20,58592.76850324045,11181.480959092887,37720.7962268774,72597.98408863494,110318.78031551234,8756.043054761905,11071.771809095237,0.0,138750.53876666666,66660.56055,9947.45189957672,5525.921972089947,25
2025-07-21,63840.2391633451,12807.491165884474,39852.892735032,82019.26560688665,121872.15834191865,13579.847488301006,10936.593878119056,14.727369047618936,138442.8198,64453.07045,5525.921972089947,5596.013735873018,36
2025-07-22,64106.78881760729,12001.524926286887,39971.4759520593,77846.00229145803,117817.47824351734,13110.512894179896,10797.343766952385,0.0,139514.85881666667,65719.7142,5596.013735873018,5398.426710687831,35
2025-07-23,64485.863066990016,12588.97590630687,40119.069099615714,81098.33971381564,121217.40881343135,14716.376190534986,11858.08433390477,0.0,139450.03365,65233.48653333333,5398.426710687831,5467.516022275133,32
2025-07-24,64757.828923515575,11804.601824563504,40270.72341980557,75944.36075867082,116215.08417847639,14276.143732245731,11333.37376749999,3.1887833333332765,138902.21751666666,65285.74551666667,5467.516022275133,5723.407861851853,37
2025-07-25,64569.650430246904,0.0,40166.55067330586,0.0,40166.55067330586,15479.653864344498,8327.052780952381,30911.729780188118,92354.83968333334,65849.52011666667,5723.407861851853,10402.815472037037,0
2025-07-26,58676.13282137331,0.0,37673.23903305311,0.0,37673.23903305311,10319.45434088771,8709.959700000001,28597.54661381893,93187.68993333333,64718.598366666665,10402.815472037037,10012.59137883598,0
2025-07-27,59304.02743315697,12291.918309024097,37843.77268684378,78253.5007069565,116097.27339380028,10502.55784932393,12591.801907142864,0.0,138110.19628333332,64425.00648333333,10012.59137883598,5474.002435291005,28
2025-07-28,64629.72183644914,15579.07559454762,40107.52253488702,94135.95221070318,134243.4747455902,12006.002676925335,9782.191288785714,30.10880952380944,138228.99843333333,60274.1212,5474.002435291005,5410.303412539682,51
2025-07-29,65299.419938771316,13295.227445642853,40404.169473312424,83385.71096024876,123789.8804335612,12795.247138771314,10274.527073404768,4.681369047618773,138314.74511666666,62245.49916666667,5410.303412539682,5509.884644761905,48
2025-07-30,65531.5308323927,11680.360727664025,40506.13823619378,74655.46994796656,115161.60818416034,15833.313563080535,12730.839862547617,6.163809523809164,138424.36443333334,64321.11038333333,5509.884644761905,5614.489226481481,30
2025-07-31,65400.66784456202,12262.629461880955,40406.69168791425,78902.51131332868,119309.20300124293,15093.509687419164,12172.580733357143,47.372085714285845,137423.31371666666,62728.31745,5614.489226481481,5673.558241428572,36
2025-08-01,65527.40595767196,0.0,40463.56717147697,0.0,40463.56717147697,15235.34571287478,8009.7258357142855,37050.4264138448,92719.4241,71468.06443333333,5673.558241428572,10485.674010000002,0
2025-08-02,59388.68527225161,0.0,37825.094006118015,0.0,37825.094006118015,10094.589328894763,8430.166095238095,36797.237105261614,91562.24421666667,70635.21928333334,10485.674010000002,10203.953189074076,0
2025-08-03,58592.573002057616,3052.4141149761895,37428.8490444375,19440.587152372387,56869.43619680989,15630.052430393878,17141.052327880956,316.50703118754643,138062.48615,75223.00616666666,10203.953189074076,5225.386678783068,17
2025-08-04,62470.088134538506,6235.337293831865,38997.93056903891,40098.38464483503,79096.31521387394,17567.696008465606,14277.92566342857,0.0,138312.10695,72896.45186666667,5225.386678783068,5171.951238148148,24
2025-08-05,60673.08387057613,7588.365476476192,38108.572454353234,45958.695841752335,84067.26829610557,15891.70093962375,12782.56132590476,0.0,136458.49728333333,71306.18755,5171.951238148148,5271.636166137566,31
2025-08-06,59153.12964118166,11700.472141452383,37354.191871302304,72601.37051349314,109955.56238479544,13918.401110229277,11179.65526092857,0.4566666666665924,136716.0878,68601.68853333333,5271.636166137566,5376.35798653439,29
2025-08-07,58650.14120708407,8012.2431300476255,37090.93305686481,45515.620492312875,82606.55354917768,16822.563764226925,13548.164677095232,0.0,136850.75446666667,73462.76921666667,5376.35798653439,5463.1490664550265,32
2025-08-08,58242.21820602587,0.0,36793.75941977417,0.0,36793.75941977417,16308.19759138742,8534.861135714285,34693.71050035273,90703.21611666666,74928.04486666666,5463.1490664550265,10657.347859021165,0
2025-08-09,53128.29983164286,0.0,34546.76282365662,0.0,34546.76282365662,13244.306033156965,11131.687930261905,32093.752728747797,90303.83175,71381.90275,10657.347859021165,10208.681144126984,0
2025-08-10,53376.66678219048,9953.358977142858,34598.54070363294,60706.25877028357,95304.79947391652,12414.080733333334,14402.420928761905,13.746904761904716,136535.44471666668,71230.82566666667,10208.681144126984,5378.663883280423,31
2025-08-11,57944.888466578486,9498.43458145238,36537.391407769,55178.453628301046,91715.84503607004,15606.50180943563,12724.432094738098,0.0,136422.26351666666,71861.01018333333,5378.663883280423,5286.25762873016,35
2025-08-12,57992.331643180485,12436.953142105234,36531.83485114045,76993.28135971958,113525.11621086003,12794.804416666666,10126.063281380953,0.0,136637.5967,68877.05305,5286.25762873016,5550.400179973544,34
2025-08-13,57751.40555044092,10933.32119297619,36547.7761420955,65283.820284965266,101831.59642706077,12551.831629012348,9996.411240357143,8.326904761904643,136547.99718333333,70427.01773333334,5550.400179973544,5739.925045687831,33
2025-08-14,57249.593344444445,11454.790723309525,36254.66093144905,66317.50041868885,102572.1613501379,14688.924294444445,11958.74093145238,47.9097214285714,135936.05536666667,70009.76438333333,5739.925045687831,5672.466986851853,34
2025-08-15,57395.58524188713,0.0,36365.89475101394,0.0,36365.89475101394,15840.896535802467,8744.661183333334,33139.62300608466,89968.05776666666,72808.33088333333,5672.466986851853,10212.983665370371,0
2025-08-16,53154.97816783333,0.0,34577.571192898,0.0,34577.571192898,13856.396859318043,11173.063257142858,33542.36419899148,90183.53035,73254.24998333333,10212.983665370371,10269.226108597884,0
2025-08-17,53054.05791416667,8629.488652380955,34555.99102932537,48984.44350074645,83540.43453007181,15086.269297619048,16583.952062023807,15.835714285714516,135369.1165,72203.72288333334,10269.226108597884,5420.25507420635,33
2025-08-18,57761.40334074074,9731.453109142858,36570.52862773444,56076.9092546182,92647.43788235265,15791.513919312167,12694.719038476189,1.945952380952349,135710.17471666666,71316.0591,5420.25507420635,5527.374225502646,34
2025-08-19,57657.08161978248,9434.858970071431,36547.28066180623,55798.329459376604,92345.61012118284,15064.032634068193,12292.796856119045,3.0447619047619128,135364.48288333334,71046.82283333334,5527.374225502646,5426.340422698414,34
2025-08-20,57687.49924776602,15086.597639095242,36498.483791722625,89498.12376449796,125996.60755622058,11613.195523956496,9489.789703761904,0.0,135048.05366666667,64397.3626,5426.340422698414,5334.0056123015875,36
2025-08-21,58193.81451975309,10449.657131738097,36752.091488780396,63723.407685191894,100475.49917397229,13553.642057848327,10754.588889690476,0.0,134971.7989,69127.38041666667,5334.0056123015875,5582.740253597885,33
2025-08-22,57602.9189787184,0.0,36454.502755170724,0.0,36454.502755170724,15821.520682627863,8675.046252380953,29225.87514847149,90531.7304,69301.16100000001,5582.740253597885,10183.168587539682,0
2025-08-23,53370.073871214285,0.0,34763.973229979434,0.0,34763.973229979434,13428.176935097003,10930.10058116667,28341.991367283947,89697.14623333333,67167.14008333333,10183.168587539682,10123.971627830686,0
2025-08-24,53602.549899238096,9161.749230952382,34890.02782955291,52906.56405075238,87796.59188030529,15683.708538095236,16916.538224571425,263.5393333333353,135068.0714,71334.48191666667,10123.971627830686,5443.155729259258,33
2025-08-25,58323.0997027043,14674.307420285711,36939.54631304164,88996.76264068551,125936.30895372714,11768.9541574662,9545.281194000005,0.6471428571428532,134511.61375,63738.52673333333,5443.155729259258,5429.346477645503,44
2025-08-26,58618.84262910052,10127.858104579076,37139.9405125589,60180.59850868272,97320.53902124162,15527.329325631981,12365.336860999998,55.88988571428558,134368.96393333335,68840.14555,5429.346477645503,5664.679691825397,33
2025-08-27,58516.24723606702,11940.92121120694,37122.04068112966,72196.94353455024,109318.98421567991,14430.53124617872,11887.511665571426,0.0,133788.3821,65874.23323333333,5664.679691825397,5443.81151830688,34
2025-08-28,58704.1391909465,14440.036655952383,37259.41305871169,86610.7912941033,123870.20435281498,11306.698564756025,9000.962946428572,70.64524523809519,134543.81656666668,63776.021583333335,5443.81151830688,5618.770286111111,45
2025-08-29,58735.28138589065,0.0,37323.45822064301,0.0,37323.45822064301,17136.715383509698,9618.314673809524,28661.66032619048,88328.33254999999,65773.1122,5618.770286111111,10354.797827037037,0
2025-08-30,54177.89420090476,0.0,35349.72452873907,0.0,35349.72452873907,12584.025283656676,10645.936941952383,33727.08602586713,89025.08758333333,70512.36775,10354.797827037037,9851.601757936509,0
2025-08-31,54718.98636785714,10574.92993940476,35644.61015570964,63713.64119075814,99358.25134646779,12441.618004761905,13819.153011785716,24.828230952380977,133365.35983333332,66718.73675,9851.601757936509,5694.443504682541,31
2025-09-01,58802.99050120517,59.144921023807115,37362.49450545886,412.3270932906498,37774.82159874951,19533.71176787184,14768.164443261909,522.4535642857137,121263.61926666666,67689.48473333333,5694.443504682541,6865.712492142858,2
2025-09-02,55643.45464500294,2132.255111333333,35464.414732225785,12192.365258824364,47656.77999105015,18236.900461669604,14912.816988666667,393.87043333333315,121532.82415,67475.0683,6865.712492142858,6709.126253571429,13
2025-09-03,54371.67062918872,4082.309432190471,34405.56946990013,26924.63334376341,61330.20281366354,16037.906876807761,13353.863594000006,222.21952857142855,121433.71643333333,65885.99918333333,6709.126253571429,6305.616227142857,15
2025-09-04,53366.86659085832,4468.780574214287,33547.452506551024,27399.91839402117,60947.37090057219,18133.968719429744,14680.973511499998,457.0864071428593,121061.17303333333,67135.60748333333,6305.616227142857,6313.995284074073,17
2025-09-05,52125.16577457378,0.0,32630.197345885143,0.0,32630.197345885143,15456.994255202828,8482.761102380951,38326.67095508524,75132.98045,68308.71878333333,6313.995284074073,10800.0,0
2025-09-06,46211.03011904762,0.0,29643.866385170237,0.0,29643.866385170237,13558.945405643737,11013.538397619048,35944.53941102293,75826.37416666666,68105.29046666667,10800.0,10765.785978835978,0
2025-09-07,44903.39925,8273.79047969048,28602.129098864523,48005.55396729402,76607.68306615854,13809.790735714287,15643.196289357136,49.611666666666565,120781.00903333334,65820.02541666667,10765.785978835978,5813.26843058201,28
2025-09-08,48262.698329188715,13264.972306714288,29552.891512796083,80461.53777545861,110014.4292882547,13165.368472045855,11033.26736947619,0.0,121400.59243333334,62005.022899999996,5813.26843058201,5402.914089338625,36
2025-09-09,49074.255220311585,8797.96835197619,29991.264435762885,51059.11425081292,81050.3786865758,17760.138613168725,14305.290405166668,1314.5410976190474,121082.23558333333,67979.40131666667,5402.914089338625,5492.271724338624,27
2025-09-10,49160.034585567315,14635.642112904758,30135.91940949614,85831.99233617577,115967.91174567191,12706.242285567316,10226.564237095241,0.0,121274.78848333334,59958.789833333336,5492.271724338624,5565.040629021165,37
2025-09-11,49335.77776719577,8567.279804357147,30176.22001728714,48746.85938042247,78923.07939770962,17928.254617195766,14403.789098023804,882.5062690476177,120746.77835,67250.69256666666,5565.040629021165,5696.259675582011,28
2025-09-12,49210.732786507935,0.0,30090.689857706428,0.0,30090.689857706428,16700.15282192828,9247.622035714285,30206.545800293938,75687.22711666666,64135.570916666664,5696.259675582011,10451.261620079364,0
2025-09-13,44878.08378002381,0.0,28302.143516109696,0.0,28302.143516109696,13533.056598941805,10937.186521428574,34275.112219177245,75063.58311666666,67056.48163333333,10451.261620079364,10478.58309087301,0
2025-09-14,45062.42831583334,12486.701356119045,28451.494531308992,74990.4316046668,103441.92613597578,11265.012757142858,13815.207835190473,0.0,121237.69566666667,61138.37091666667,10478.58309087301,5266.8636443121695,32
2025-09-15,50719.27485893592,8880.884784428574,30949.08766446141,50247.19114432064,81196.27880878205,18698.73184226925,14935.272358428569,769.6695261904795,120760.02988333334,65692.99925000001,5266.8636443121695,5500.975237433862,29
2025-09-16,50632.58629071135,11532.041699119047,30900.19065720372,68603.06475249308,99503.2554096968,15236.288885949441,12563.430879452382,0.0,121843.35746666667,62351.58748333333,5500.975237433862,5254.267590952381,32
2025-09-17,51187.28235787772,11781.18171342857,31152.627654225766,69960.23764656356,101112.86530078932,15482.116474544384,12473.770803238092,0.0,120924.795,60964.6766,5254.267590952381,5328.42708111111,35
2025-09-18,51175.237890299824,11262.406440047624,31168.70490203467,66821.74936648081,97990.45426851549,16572.07540458554,13112.426759952377,21.94456904761921,120804.11636666667,61848.06525,5328.42708111111,5673.931878624338,31
2025-09-19,50986.06281945914,0.0,31133.758745048297,0.0,31133.758745048297,17124.33263547913,9313.742233333332,27074.120100646676,75287.12646666667,59185.77415,5673.931878624338,10737.228769074074,0
2025-09-20,46016.17896259524,0.0,29073.504504659177,0.0,29073.504504659177,13608.503683891831,11183.147023809524,27945.3885691796,75330.72763333333,59685.2939,10737.228769074074,10559.163169232805,0
2025-09-21,46513.903690547624,9725.134048571426,29329.382935766676,59016.74891153701,88346.13184730368,12395.086933333334,14443.536677547621,0.0,120862.28298333334,62574.7955,10559.163169232805,5666.367323068782,26
2025-09-22,51508.17283218695,11887.475395880952,31444.807316062048,71305.40990646598,102750.21722252802,15585.608922663141,12803.980577928569,0.0,121218.04173333333,60604.02185,5666.367323068782,5466.770266878307,31
2025-09-23,51929.90918080541,13280.679646976188,31685.298660056753,80883.21032732728,112568.50898738403,15350.332947472076,12259.170655404763,2.810952380952358,121182.28133333333,59065.66575,5466.770266878307,5660.769191375663,35
2025-09-24,51907.725478630215,11966.83669895238,31752.721788294155,70193.66894367899,101946.39073197314,15872.23337386831,13061.856058190479,0.9597619047617627,121014.19341666666,59950.968316666665,5660.769191375663,5432.605829867725,33
2025-09-25,52346.44977948266,11148.195126476188,31959.718665453565,66555.5983957669,98515.31706122046,16631.02576281599,13488.960406857144,17.130649999999946,120546.34715,60210.89825,5432.605829867725,5412.795231005291,30
2025-09-26,52596.51352642563,0.0,32091.250683950937,0.0,32091.250683950937,17638.530240241034,9631.998366666665,26895.738152851263,74194.35371666666,56500.11021666667,5412.795231005291,10585.252039814817,0
2025-09-27,47103.488392738094,0.0,29748.030079104974,0.0,29748.030079104974,12902.896972398587,10866.96923821429,27266.258408553793,75945.77175,58144.4695,10585.252039814817,10123.449050291005,0
2025-09-28,47623.81177854762,13478.16749269048,30047.070108832802,81389.58320479213,111436.65331362493,10171.6335,12559.599245428568,2.3158500000001823,120389.61958333333,56901.99041666667,10123.449050291005,5322.808927592594,35
2025-09-29,53581.52274591417,12361.372053619041,32540.902364354773,74300.53972743344,106841.44209178821,16149.533719723691,12991.53290114286,25.002380952380918,121111.4148,58351.5232,5322.808927592594,5422.352718518518,35
2025-09-30,53813.377744003534,14669.262873166665,32645.706031795067,89103.13288667583,121748.8389184709,15486.004017813053,12489.4910435,63.952876190476104,120916.45506666666,55494.2803,5422.352718518518,5482.54406399471,35
2025-10-01,54261.59244870664,3018.35725995238,32825.95037410348,18188.891995869424,51014.8423699729,21412.257786801878,16908.488671000003,3114.65905952381,117218.45471666666,67556.93318333333,5482.54406399471,5966.366437671958,10
2025-10-02,52181.51602454439,4364.626680880951,31708.133769413456,23829.244921964662,55537.37869137812,20252.466588830106,16292.478804833336,855.3718047619028,117231.70978333334,65500.926666666666,5966.366437671958,6090.832140026455,18
2025-10-03,51331.846483627276,0.0,31039.866793743164,0.0,31039.866793743164,16309.001546355094,8972.04017857143,36177.73141584361,71524.19113333333,63707.03743333333,6090.832140026455,10800.0,0
2025-10-04,45717.622995238096,0.0,28455.928996327144,0.0,28455.928996327144,13012.294209288657,10561.720452380952,30171.06680499706,72397.41483333333,59301.4324,10800.0,10775.819841269842,0
2025-10-05,45262.177019047616,7745.403828595239,27993.88351526952,44572.68464601408,72566.5681612836,14803.698535714286,16532.078754738097,0.0,117604.4209,62868.459833333334,10775.819841269842,5730.172129259259,26
2025-10-06,50122.39352004703,10622.874799500001,29828.732607862188,63791.40495720339,93620.13756506558,16775.298203380367,13763.139133833334,0.0,117896.13613333333,60163.02688333333,5730.172129259259,5535.5636969312145,31
2025-10-07,49854.105441710766,11189.381025452378,29512.232029643124,65915.58335642349,95427.8153860666,17144.252303615525,13878.837645976193,6.508809523809532,117357.17863333333,59585.615633333335,5535.5636969312145,5544.460052433864,32
2025-10-08,49238.10052865961,10556.71998519047,28975.377419215292,61473.28356961901,90448.66098883431,17624.62490723104,14308.300060047623,0.0,117391.06235,60912.56668333333,5544.460052433864,5508.511291111112,29
2025-10-09,49602.71991625514,9942.80775195238,29164.701988351102,57830.16469739029,86994.86668574139,19319.775473398,15534.229488523812,0.0,117432.98973333334,61673.00805,5508.511291111112,5636.0542299206345,28
2025-10-10,49850.52942639624,0.0,29370.75364907076,0.0,29370.75364907076,17983.341123133447,9918.955116666664,32442.53250326279,72371.53011666666,63027.9192,5636.0542299206345,10800.0,0
2025-10-11,44681.54974285715,0.0,27276.406032400002,0.0,27276.406032400002,13422.399268077597,10915.907692857141,28068.744584303357,71790.96475,57684.65116666667,10800.0,10751.373015873016,0
2025-10-12,44847.533566666665,11010.885088500003,27378.76218756762,66602.36126492014,93981.12345248777,12090.671738095238,14747.209066261903,0.0,117709.38418333333,59194.4282,10751.373015873016,5247.189728756614,31
2025-10-13,51034.02874573781,9913.201294476192,30018.29450523478,59284.968849056364,89303.26335429114,19248.815426690187,15328.980686476192,0.0,117677.75383333334,60650.35853333333,5247.189728756614,5538.922850026456,29
2025-10-14,50793.33997566137,13093.28508111905,29921.668982960025,77903.76397293681,107825.43295589683,17258.464997089945,14145.669223642855,0.0,118032.22918333333,57258.3999,5538.922850026456,5354.131098915345,33
2025-10-15,51343.7827265726,13781.249923190477,30225.14679294946,83622.31806355926,113847.46485650873,15858.413081334505,12653.40408157143,0.0,117342.48076666666,55422.457116666665,5354.131098915345,5567.365003703705,33
2025-10-16,51360.45068195179,15041.10224385714,30279.14923637908,90990.95533523551,121270.10457161459,16932.964065285127,13518.803963285716,20.919873809524006,117733.27633333333,54766.80338333333,5567.365003703705,5786.139369920635,38
2025-10-17,51567.61865326279,0.0,30463.619032536866,0.0,30463.619032536866,17930.686576043507,10011.381559523807,27644.114320076424,71943.17253333333,55938.973216666665,5786.139369920635,10800.0,0
2025-10-18,46091.184473809524,0.0,28212.41518213238,0.0,28212.41518213238,12129.509785420341,9863.110307142855,27748.191728865375,71656.70145,55580.10818333334,10800.0,10757.547354497354,0
2025-10-19,46377.30505191064,14858.084565238092,28334.09585591343,90555.5478683085,118889.64372422193,11275.60726143445,13925.940177619048,0.0,117991.24738333334,54105.52485,10757.547354497354,5432.3270257671975,38
2025-10-20,53071.9237319224,14308.100966558492,31292.124710198026,86559.66394735248,117851.78865755051,16115.597846766603,13176.355514952384,0.0,117903.31865,53462.536283333335,5432.3270257671975,5295.970071243385,36
2025-10-21,54285.012555320405,15113.385271647265,31900.79039449312,91605.01346136618,123505.8038558593,15200.488328777194,12265.44947085714,0.777619047619055,117800.84898333333,51338.26763333334,5295.970071243385,5348.132377301588,40
2025-10-22,55045.138022251616,13899.390640619045,32260.19034968991,82877.1756516897,115137.36600137962,17283.16953415638,13893.537571285717,0.0,117671.98653333333,52117.08983333333,5348.132377301588,5465.72098994709,36
2025-10-23,55428.88768115814,11648.577291202228,32524.582050234974,70275.31522031297,102799.89727054794,18583.32362069371,14885.35568166667,0.0,117212.01551666667,53832.51848333333,5465.72098994709,5651.428157830688,29
2025-10-24,55279.90198950618,0.0,32442.902892925744,0.0,32442.902892925744,18478.219028042327,10333.642754761904,28715.274999559086,72135.51853333334,53715.46781666666,5651.428157830688,10800.0,0
2025-10-25,49907.74738985891,0.0,30324.072820173784,0.0,30324.072820173784,12208.641099353317,9908.211195238095,28208.884752410355,72042.787,52644.35426666667,10800.0,10778.653439153439,0
2025-10-26,50408.26703985891,11661.924238629335,30661.116618269607,71980.80857137081,102641.92518964042,11963.806931893003,14437.927670071427,0.0,117422.34435,52878.03233333333,10778.653439153439,5503.937822222223,30
2025-10-27,56355.776839065256,11025.524372775135,33119.736453003956,68082.88570786048,101202.62216086443,19778.70495467372,16116.63149045238,166.646080952381,117790.56431666667,54237.98265,5503.937822222223,5397.403958703704,30
2025-10-28,56350.851130041156,13026.967505764253,33161.74490791571,80065.90223843728,113227.64714635299,17408.15416175779,14005.038449761907,2.2812238095236808,117514.1448,51541.7231,5397.403958703704,5503.588871216932,31
2025-10-29,56162.941719811875,15996.158341724873,33147.35669388513,98128.39105357457,131275.7477474597,15205.793482774836,12358.95022123809,0.0,117721.61451666667,48409.357716666666,5503.588871216932,5456.636093227515,41
2025-10-30,56763.59088377425,11655.034138060257,33480.193107351595,71931.96441756921,105412.1575249208,18410.84129323927,14780.033921404762,0.0,116916.07056666666,52128.252916666665,5456.636093227515,5604.133344470902,30
2025-10-31,56801.19076537331,0.0,33564.08848702859,0.0,33564.08848702859,18231.68374129924,10091.38384047619,24756.59879788359,71748.98903333333,47844.69696666667,5604.133344470902,10800.0,0
2025-11-01,51821.7059877719,0.0,31589.211272763503,0.0,31589.211272763503,12047.201796002351,9797.516788095238,27027.982546531453,71974.20948333334,49430.17105,10800.0,10756.351851851852,0
2025-11-02,52322.86430285126,13951.353036214286,31866.049984175228,85127.70768219004,116993.75766636527,11614.863614756025,14137.030209023811,0.0,117843.23631666666,49046.85238333333,10756.351851851852,5501.917761772487,34
2025-11-03,58774.38762613169,13655.894944144033,34721.73827850061,84590.9891723173,119312.72745081793,16177.829012228101,13252.476725285713,0.0,117808.91503333334,48303.984749999996,5501.917761772487,5336.989733571428,36
2025-11-04,59807.0319164903,11502.548708595237,35221.89374657741,70670.6681385942,105892.56188517161,18913.366347442676,15272.525374738096,88.66761904761904,117396.61073333333,49816.5387,5336.989733571428,5389.546807671959,33
2025-11-05,59978.376770282186,13126.453335904764,35363.7450410575,80295.88401994275,115659.62906100025,17870.381679805996,14443.571640285712,0.0,117764.40761666666,48086.38755,5389.546807671959,5424.477385846561,34
2025-11-06,59994.327622369194,14700.997556380948,35395.86609691174,88460.69762501893,123856.56372193067,16924.167555702526,13598.426926952387,0.0,117713.09413333333,46343.50958333333,5424.477385846561,5546.864933809523,36
2025-11-07,60798.46468398001,0.0,35893.007383264005,0.0,35893.007383264005,18603.721358083483,10341.192740476192,29217.474283039388,72212.37866666667,48893.91688333333,5546.864933809523,10800.0,0
2025-11-08,54866.63377260435,0.0,33437.27299502602,0.0,33437.27299502602,11783.274335684891,9588.787449999998,28880.93978691946,72034.86681666666,48243.65971666667,10800.0,10750.738624338625,0
2025-11-09,55094.1138223398,13891.856453077598,33582.83645739219,85617.10836942632,119199.94482681851,12291.04885470312,14651.895762619051,0.0,117877.67016666666,46530.85298333333,10750.738624338625,5532.7984128836,34
2025-11-10,61266.30940288066,15680.02592916696,36253.12451178026,96022.1790356556,132275.30354743585,16422.087519047618,13334.195287,0.0,118420.10276666666,44561.65966666667,5532.7984128836,5496.9046389153455,42
2025-11-11,61937.07306449148,12931.634224278949,36736.10811506792,78911.52779186236,115647.63590693027,18282.550766460907,14972.863144357145,0.0,117957.86745,46398.84778333333,5496.9046389153455,5314.68572388889,33
2025-11-12,62716.74460176367,12074.729593952388,37188.68273171806,73209.61134415455,110398.2940758726,19360.51263271605,15525.026186999994,0.0,117416.71383333333,46460.726083333335,5314.68572388889,5489.117996666668,34
2025-11-13,62704.52935249853,13219.032538880956,37258.93737836091,82299.4245864843,119558.3619648452,17721.793681069954,14194.103106357137,0.0,117780.10726666667,45384.23595,5489.117996666668,5667.506635899473,35
2025-11-14,62666.939847766014,0.0,37265.301591747375,0.0,37265.301591747375,17239.849657936506,9345.034195238099,27173.66908506761,71737.8931,44139.4378,5667.506635899473,10800.0,0
2025-11-15,57595.567818106996,0.0,35226.587724859186,0.0,35226.587724859186,12053.009491475605,9778.650545238097,27109.32195520282,72466.97681666666,44255.0899,10800.0,10782.54126984127,0
2025-11-16,58260.82874800117,13737.803218625224,35660.99682710882,82819.49112949817,118480.48795660699,13137.348077983537,15573.260494690474,0.0,118360.27023333333,43925.72585,10782.54126984127,5302.531768148149,36
2025-11-17,64784.71010858318,11754.752119452378,38503.30811379785,70357.2559051385,108860.56401893635,19539.185506202233,15695.971825785715,0.4942142857142926,117269.71065,44573.95631666667,5302.531768148149,5447.830028412699,33
2025-11-18,64451.3494053204,13743.13645385714,38330.068309682305,84385.32681493853,122715.39512462083,17596.16689817754,14292.232872333336,0.0,117783.6865,42893.134666666665,5447.830028412699,5404.12148973545,36
2025-11-19,64991.107173985896,13897.56568359523,38614.17783876169,82963.80791735416,121577.98575611584,19022.03025255732,15501.668994976195,0.0,118179.70135,42811.38975,5404.12148973545,5299.872055952381,35
2025-11-20,65746.56716834215,12982.888511666664,39060.90732761492,79502.28750078307,118563.194828398,19280.593058818344,15351.479364523811,7.265952380952285,117846.45723333333,43053.381199999996,5299.872055952381,5595.206514973545,33
2025-11-21,65768.68880887714,0.0,39159.13841121836,0.0,39159.13841121836,17154.38522439741,9210.737895238093,28960.65741305115,71999.1771,43134.793033333335,5595.206514973545,10800.0,0
2025-11-22,60169.04405423281,0.0,36847.70807065604,0.0,36847.70807065604,11834.538336272784,9627.217004761904,27741.893239388595,72549.91013333334,42330.08065,10800.0,10754.176719576719,0
2025-11-23,60508.720307231044,12674.370014997943,37062.54868379091,74364.92588571103,111427.47456950194,14337.32133691946,16386.327298023807,0.0,117782.6922,42550.595916666665,10754.176719576719,5450.735591666666,33
2025-11-24,66513.97855038213,11252.188538404767,39613.05960952908,68531.29872736178,108144.35833689086,19911.339988477364,16314.050409214282,6.933809523809373,117975.68781666667,43813.74411666667,5450.735591666666,5244.218904391535,31
2025-11-25,66968.42678659612,13008.404344095236,39851.89198600272,78046.97455996329,117898.86654596601,19456.075950881834,15648.468186857144,0.5629000000000133,117682.39221666666,41513.73175,5244.218904391535,5367.5003858994705,33
2025-11-26,67000.74921263962,13438.455674595245,39938.33459317114,81388.45453305835,121326.78912622949,18929.94381263962,15248.405808738087,0.0,117686.43673333334,40928.769850000004,5367.5003858994705,5461.776696455027,37
2025-11-27,67103.64934494415,12642.532482952378,40001.42322151209,77299.84278492181,117301.2660064339,19681.25570684891,15715.966612285718,0.0,117198.14165,41417.248916666664,5461.776696455027,5712.721707857143,33
2025-11-28,66964.95001090535,0.0,39992.547700013725,0.0,39992.547700013725,17474.01598303939,9575.402483333331,28145.097961199295,72239.02128333334,41317.78273333333,5712.721707857143,10800.0,0
2025-11-29,61602.71368683128,0.0,37875.99836802055,0.0,37875.99836802055,11565.924206349206,9421.543845238095,24528.88322572017,72156.19988333333,37226.74978333333,10800.0,10740.949735449736,0
2025-11-30,62371.65567278072,15466.55645206085,38297.45613076517,93277.97715559584,131575.43328636102,12937.15141696061,15343.76740878571,0.0,118008.83443333334,37764.006316666666,10740.949735449736,5335.755556507937,38
2025-12-01,69132.98736037624,20658.163049256327,41280.60269408294,119510.75266862214,160791.35536270507,19033.861312727804,15541.638636428568,0.0,125291.39163333333,38992.4639,5335.755556507937,5197.743364153439,48
2025-12-02,71175.17209206348,21197.661599380954,42519.0352870387,123945.03447842861,166464.0697654673,19315.06112301587,15580.037381571428,0.0,125400.6236,36762.813650000004,5197.743364153439,5270.1457286772475,47
2025-12-03,72886.04117469196,17990.998813095233,43738.57832792567,106646.08324872478,150384.66157665045,19604.374309406234,15890.082888285715,0.0,124622.93113333333,37460.18256666667,5270.1457286772475,5258.434953492064,45
2025-12-04,74374.72339909612,16640.53653421428,44731.00786708506,97349.1726782069,142080.18054529195,21177.617441358027,16933.566258047627,0.0,125336.25095,38565.0422,5258.434953492064,5503.217030661376,40
2025-12-05,75668.83403247148,0.0,45717.50189978699,0.0,45717.50189978699,17849.55860414462,9691.03779695238,26198.685541945913,78868.07108333333,37556.4434,5503.217030661376,10800.0,0
2025-12-06,71299.27773251028,0.0,44305.575763640525,0.0,44305.575763640525,11954.898054085841,9718.407661904763,25398.156523662543,79470.82115,35806.19033333333,10800.0,10761.177513227512,0
2025-12-07,72600.8859670782,13123.276218833334,45199.86300563572,79237.73135597078,124437.5943616065,15583.086912316288,17511.60597640476,0.0,125067.46291666667,37414.78166666667,10761.177513227512,5328.615760529101,34
2025-12-08,79714.42796343328,12394.012575761904,48479.40464439518,75374.30296346053,123853.70760785571,21341.796168195182,17081.642786142856,1.0760404761903146,124410.35393333333,36563.14281666667,5328.615760529101,5556.629216190477,33
2025-12-09,79694.87874115226,11892.572995833327,48505.393180374565,71719.17891910241,120224.572099477,22201.67980543798,18002.68233511905,0.0,124694.68108333333,37306.22681666667,5556.629216190477,5535.160668730158,34
2025-12-10,79553.61474952969,12630.081433809512,48420.94383057888,76289.03338085767,124709.97721143655,21014.3526090535,17218.274892380963,0.0,124378.76451666666,35991.14605,5535.160668730158,5316.661469788361,34
2025-12-11,79974.25817416226,10522.092086714278,48663.96615923491,62661.76316102155,111325.72932025646,22120.37383368607,17585.27827280953,0.0,123787.79896666667,37826.544266666664,5316.661469788361,5685.79983920635,31
2025-12-12,79446.40652204586,0.0,48385.14902429229,0.0,48385.14902429229,16863.927033450902,9057.00075238095,27925.066757642573,78661.70368333333,34947.2902,5685.79983920635,10800.0,0
2025-12-13,74096.7835664609,0.0,46200.413089058406,0.0,46200.413089058406,11449.738162845388,9322.472673809523,28170.98469409171,78840.15755,35041.62416666667,10800.0,10746.461375661376,0
2025-12-14,74194.68339832452,12759.490057619048,46285.74427645449,76149.33732655142,122435.08160300592,15825.67369118166,17650.222035238097,0.0,124522.58585,35743.864050000004,10746.461375661376,5378.209880793653,34
2025-12-15,80320.54781102293,13129.494866666666,48903.14812916698,78079.47307274964,126982.62120191661,20904.84088483245,16924.356173809527,0.0,124305.22548333333,34835.66751666667,5378.209880793653,5387.726484021165,34
2025-12-16,80541.84678480306,12903.33142842857,49052.09181726555,76304.77603714989,125356.86785441544,21361.84574432687,17334.758864428575,0.0,124646.94338333333,35228.85205,5387.726484021165,5352.544471216932,34
2025-12-17,80887.00527101704,11548.414002166675,49218.26293007017,68464.229362676,117682.49229274616,22041.228740064664,17797.65653354761,0.0,124466.55465,36274.70758333333,5352.544471216932,5414.476411111111,33
2025-12-18,80795.8191702822,11270.425391761903,49168.1301659513,65495.085303616586,114663.21546956789,23086.26126313933,18550.065365380953,163.78169761904712,124315.35926666667,36949.092300000004,5414.476411111111,5580.927808624339,32
2025-12-19,80851.03878659612,0.0,49262.998243865266,0.0,49262.998243865266,17210.81818736037,9243.597759523811,29975.427058759557,78593.32543333333,35684.934133333336,5580.927808624339,10800.0,0
2025-12-20,74935.66572986479,0.0,46785.77544826328,0.0,46785.77544826328,11772.305543797762,9560.207966666665,29867.21590273369,78668.52011666667,35812.16786666666,10800.0,10772.621693121693,0
2025-12-21,74813.685742622,12478.356000214577,46688.59515330757,74407.7068918442,121096.30204515177,15867.229401646091,17612.969525476194,0.0,124376.44096666666,35338.6591,10772.621693121693,5483.162015185185,33
2025-12-22,80726.32111619636,12415.187077309529,49158.404727276225,73699.6903033167,122858.09503059293,21993.014035243974,17788.932925071425,0.0,124718.45381666666,35781.02673333333,5483.162015185185,5511.39361904762,34
2025-12-23,80612.6554957966,10813.760981047617,49115.73860154717,64777.242550031384,113892.98115157856,22312.5773505585,18156.910045142857,12.656638095237895,123956.65456666666,36698.562033333335,5511.39361904762,5418.368739947091,31
2025-12-24,80385.0187659318,11767.786639547618,48946.37987729139,70301.49723165775,119247.87710894913,22429.24189212228,18155.71199378571,24.716190476190718,123954.37128333333,36099.81196666667,5418.368739947091,5431.673116428572,32
2025-12-25,80336.50686907701,11876.83480454762,48967.73973809518,71242.05266723163,120209.79240532682,21688.95749764844,17288.91864307143,0.8542857142856519,123789.8579,35977.40936666667,5431.673116428572,5741.825260899471,32
2025-12-26,80024.88433468548,0.0,48834.79449074844,0.0,48834.79449074844,16962.9113973545,9187.600966666667,29241.951470664317,78270.30765,35262.685216666665,5741.825260899471,10800.0,0
2025-12-27,74434.06199382716,0.0,46497.36740049911,0.0,46497.36740049911,11202.520258671371,9103.043552380952,28995.776220870077,78409.18393333333,35070.374866666665,10800.0,10767.775396825396,0
2025-12-28,74539.89350355673,10772.457358357142,46565.6336572202,63258.026683350065,109823.66034057026,16658.823217842444,18155.72710592857,0.0,123511.26975,36702.015,10767.775396825396,5587.6861751851875,32
2025-12-29,79950.4419409759,11383.983020309515,48741.95210387887,68764.88132348795,117506.83342736682,21324.259912404472,17513.601217785723,0.0,123677.30638333333,36153.54011666667,5587.6861751851875,5319.963187698413,31
2025-12-30,80039.75134603176,10509.621370119039,48689.4782564929,61223.43328947847,109912.91154597136,22322.371115079368,18009.96592750001,12.564928571428027,123526.50905,37302.10645,5319.963187698413,5399.023938492064,31
2025-12-31,79779.80027463257,12825.196607119045,48543.289236842815,76163.94825715153,124707.23749399434,21406.991681775427,17448.417733357146,0.0,123791.70508333333,35145.28215,5399.023938492064,5278.185637248678,32
