strategy,check,value,tolerance,passed
mean7_battery,energy_balance_kwh,2.2737367544323206e-13,1e-06,True
mean7_battery,battery_update_kwh,9.094947017729282e-13,1e-06,True
mean7_battery,continuous_state_kwh,0.0,1e-06,True
mean7_battery,soc_lower_violation_kwh,0.0,1e-06,True
mean7_battery,soc_upper_violation_kwh,0.0,1e-06,True
mean7_battery,charge_power_violation_kw,0.0,1e-06,True
mean7_battery,discharge_power_violation_kw,0.0,1e-06,True
mean7_battery,simultaneous_charge_discharge_slots,0.0,1e-06,True
mean7_battery,planned_cost_error_yuan,0.0,1e-06,True
mean7_battery,emergency_cost_error_yuan,0.0,1e-06,True
mean7_battery,total_cost_error_yuan,9.094947017729282e-13,1e-06,True
mean7_battery,negative_flow_violation_kwh,0.0,1e-06,True
mean7_battery,finite_numeric_values,,,True
mean7_battery,continuous_time_axis,,,True
saa28_battery,energy_balance_kwh,2.2737367544323206e-13,1e-06,True
saa28_battery,battery_update_kwh,9.094947017729282e-13,1e-06,True
saa28_battery,continuous_state_kwh,0.0,1e-06,True
saa28_battery,soc_lower_violation_kwh,0.0,1e-06,True
saa28_battery,soc_upper_violation_kwh,0.0,1e-06,True
saa28_battery,charge_power_violation_kw,0.0,1e-06,True
saa28_battery,discharge_power_violation_kw,0.0,1e-06,True
saa28_battery,simultaneous_charge_discharge_slots,0.0,1e-06,True
saa28_battery,planned_cost_error_yuan,0.0,1e-06,True
saa28_battery,emergency_cost_error_yuan,0.0,1e-06,True
saa28_battery,total_cost_error_yuan,9.094947017729282e-13,1e-06,True
saa28_battery,negative_flow_violation_kwh,0.0,1e-06,True
saa28_battery,finite_numeric_values,,,True
saa28_battery,continuous_time_axis,,,True
saa28_no_battery,energy_balance_kwh,0.0,1e-06,True
saa28_no_battery,battery_update_kwh,0.0,1e-06,True
saa28_no_battery,continuous_state_kwh,0.0,1e-06,True
saa28_no_battery,soc_lower_violation_kwh,0.0,1e-06,True
saa28_no_battery,soc_upper_violation_kwh,0.0,1e-06,True
saa28_no_battery,charge_power_violation_kw,0.0,1e-06,True
saa28_no_battery,discharge_power_violation_kw,0.0,1e-06,True
saa28_no_battery,simultaneous_charge_discharge_slots,0.0,1e-06,True
saa28_no_battery,planned_cost_error_yuan,0.0,1e-06,True
saa28_no_battery,emergency_cost_error_yuan,0.0,1e-06,True
saa28_no_battery,total_cost_error_yuan,2.2737367544323206e-13,1e-06,True
saa28_no_battery,negative_flow_violation_kwh,0.0,1e-06,True
saa28_no_battery,finite_numeric_values,,,True
saa28_no_battery,continuous_time_axis,,,True
