hour,mean,median,std,q1,q3,min,max
0,0.4263622831050229,0.4275,0.06718755739495283,0.3855,0.4668,0.2369,0.6302
1,0.43037095890410965,0.43435,0.06273709707920201,0.386275,0.4699,0.252,0.6458
2,0.43296789954337905,0.43905,0.060487719564074185,0.39542499999999997,0.472475,0.2314,0.6131
3,0.43619205479452056,0.44215,0.058159397397133744,0.400825,0.4776,0.2466,0.5919
4,0.43911589041095894,0.44575,0.058683494289808534,0.398525,0.482,0.272,0.5909
5,0.44813228310502284,0.44265,0.08582414799980484,0.389625,0.49375,0.2269,0.7143
6,0.8837829223744292,0.89615,0.12714493713641506,0.8024249999999999,0.985975,0.5289,1.1569
7,0.7923540639269406,0.78995,0.14034997745362812,0.697525,0.88465,0.4258,1.1622
8,1.1024199086757993,1.1279,0.19291006351363332,0.994425,1.232275,0.6419,1.5469
9,0.9853371689497716,0.9951,0.16752479989927366,0.8904,1.09315,0.5511,1.3766
10,0.9477030136986301,0.93215,0.22391145801964885,0.804225,1.086425,0.3334,1.4993
11,0.48279639269406394,0.49515,0.162387377146473,0.3906,0.5926750000000001,0.034,0.8645
12,0.4608808675799087,0.4685,0.159002853160215,0.363625,0.5723,0.0076,0.903
13,0.8599527853881279,0.8817,0.16116426686070867,0.7619750000000001,0.9726,0.4046,1.2461
14,1.0047912328767123,0.99385,0.21508211201100247,0.870975,1.13625,0.4626,1.5372
15,0.7195976255707762,0.74485,0.15437999576261238,0.6170249999999999,0.83475,0.2515,1.0505
16,0.8637271689497716,0.8942,0.1521138839579021,0.755625,0.981025,0.4239,1.1698
17,0.9805157534246577,1.04135,0.16822575516008492,0.84945,1.1073,0.5262,1.287
18,1.254468401826484,1.2657,0.0927345051657445,1.197725,1.3116500000000002,0.9981,1.5733
19,1.3479823287671233,1.3093,0.1634206470666306,1.2527,1.479525,1.0109,1.7686
20,1.3343838812785387,1.30445,0.1695728624211916,1.2178,1.45965,0.9615,1.7936
21,0.9129546118721461,0.93035,0.11444233936763126,0.820325,0.989575,0.5792,1.1925
22,0.41767420091324203,0.4182,0.0745648252350606,0.37,0.46105,0.1958,0.6385
23,0.42427881278538815,0.42455,0.06870345588192968,0.379625,0.463075,0.2408,0.6361
