source_date,0,4,8,12,16,20
2025-01-01,0.453233,0.498283,1.418000,0.779950,1.066500,1.489533
2025-01-02,0.422033,0.524433,1.388217,0.743650,1.036117,1.507383
2025-01-03,0.401933,0.402333,1.081667,0.459833,0.799850,1.349600
2025-01-04,0.365650,0.391217,1.064883,0.415867,0.803017,1.334850
2025-01-05,0.479217,0.499900,1.353000,0.684617,1.053350,1.480767
2025-01-06,0.427800,0.511800,1.434917,0.678817,1.071867,1.514600
2025-01-07,0.434817,0.474033,1.373100,0.746683,1.084217,1.464600
2025-01-08,0.447183,0.491533,1.397500,0.678817,1.061267,1.520233
2025-01-09,0.404783,0.507733,1.401833,0.707167,1.058267,1.486517
2025-01-10,0.330467,0.402883,1.038567,0.478867,0.793700,1.318817
2025-01-11,0.356033,0.387150,1.022683,0.473950,0.782000,1.342583
2025-01-12,0.457050,0.480417,1.379100,0.700583,1.083983,1.501350
2025-01-13,0.461933,0.548233,1.350033,0.659833,1.050267,1.460350
2025-01-14,0.455883,0.480567,1.385217,0.659450,1.070050,1.495150
2025-01-15,0.451200,0.477350,1.407767,0.698967,1.050867,1.515133
2025-01-16,0.433300,0.484050,1.404500,0.675733,1.054917,1.508067
2025-01-17,0.348017,0.426800,1.012567,0.452700,0.788433,1.324033
2025-01-18,0.392950,0.422750,1.015383,0.463317,0.774583,1.311367
2025-01-19,0.449250,0.503267,1.348450,0.677717,1.071850,1.505900
2025-01-20,0.439867,0.520633,1.395050,0.681467,1.056150,1.478283
2025-01-21,0.416667,0.488150,1.347683,0.585800,1.068683,1.483633
2025-01-22,0.422833,0.495483,1.387317,0.696567,1.029850,1.498850
2025-01-23,0.438383,0.506383,1.369567,0.733650,1.038450,1.519083
2025-01-24,0.335250,0.431567,1.014617,0.389733,0.789667,1.316800
2025-01-25,0.341300,0.391950,1.019683,0.386450,0.748100,1.330317
2025-01-26,0.433133,0.526083,1.375317,0.724800,1.043367,1.515350
2025-01-27,0.429650,0.498650,1.343617,0.619833,1.040467,1.489967
2025-01-28,0.453617,0.501583,1.352633,0.690783,1.027167,1.491433
2025-01-29,0.457550,0.495483,1.367917,0.652717,0.997400,1.472283
2025-01-30,0.419150,0.536500,1.391950,0.630450,1.025300,1.488900
2025-01-31,0.367833,0.400667,1.018750,0.437400,0.733233,1.306350
2025-02-01,0.333817,0.378200,0.975383,0.378300,0.708650,1.113600
2025-02-02,0.438250,0.475200,1.321900,0.600667,0.999017,1.235600
2025-02-03,0.415517,0.487217,1.294050,0.646933,1.007417,1.257933
2025-02-04,0.408550,0.475933,1.309767,0.632417,1.012350,1.275667
2025-02-05,0.429450,0.488183,1.313267,0.657033,1.035867,1.261500
2025-02-06,0.410533,0.475483,1.348417,0.643100,1.004983,1.264400
2025-02-07,0.329600,0.367817,1.009517,0.314467,0.729583,1.093033
2025-02-08,0.325200,0.386533,0.986750,0.368200,0.726767,1.100533
2025-02-09,0.436000,0.465967,1.280617,0.660717,0.987867,1.266167
2025-02-10,0.415567,0.503017,1.270467,0.564950,0.977400,1.253117
2025-02-11,0.421200,0.487800,1.298933,0.585217,0.961250,1.271983
2025-02-12,0.427067,0.482267,1.262183,0.565083,0.984383,1.268617
2025-02-13,0.420750,0.467967,1.265133,0.549967,0.941967,1.280667
2025-02-14,0.318633,0.394433,0.936750,0.334883,0.701400,1.087167
2025-02-15,0.352050,0.379217,0.936983,0.352667,0.720367,1.100717
2025-02-16,0.446233,0.455017,1.309633,0.595017,0.972467,1.278567
2025-02-17,0.442817,0.510350,1.232067,0.587683,0.923717,1.259400
2025-02-18,0.400583,0.480033,1.297367,0.574300,0.940067,1.270033
2025-02-19,0.407933,0.482717,1.269917,0.504017,0.958217,1.255533
2025-02-20,0.425867,0.500700,1.279117,0.580767,0.951500,1.281967
2025-02-21,0.350750,0.369583,0.906933,0.289883,0.678083,1.081150
2025-02-22,0.341467,0.346983,0.922500,0.346433,0.675583,1.103150
2025-02-23,0.428800,0.487950,1.279633,0.611950,0.936750,1.249400
2025-02-24,0.458367,0.459017,1.239717,0.532767,0.959717,1.274900
2025-02-25,0.422900,0.463450,1.202000,0.479333,0.938433,1.269500
2025-02-26,0.412683,0.485883,1.225717,0.572850,0.973217,1.281217
2025-02-27,0.430950,0.482067,1.237867,0.459983,0.938200,1.270317
2025-02-28,0.323633,0.355100,0.891533,0.314383,0.641417,1.114400
2025-03-01,0.342617,0.366933,0.919717,0.304683,0.660367,1.110867
2025-03-02,0.412100,0.462600,1.237150,0.626533,0.960383,1.237450
2025-03-03,0.401600,0.440533,1.235683,0.588767,0.957033,1.265050
2025-03-04,0.434183,0.458733,1.230217,0.574200,0.937083,1.253733
2025-03-05,0.408550,0.447833,1.194267,0.541700,0.951650,1.283950
2025-03-06,0.398983,0.449233,1.150017,0.517733,0.922617,1.278367
2025-03-07,0.353550,0.354517,0.860833,0.294733,0.630200,1.122633
2025-03-08,0.337217,0.383883,0.846017,0.282250,0.667117,1.095233
2025-03-09,0.404767,0.442983,1.213967,0.447983,0.887833,1.258667
2025-03-10,0.430650,0.443117,1.205250,0.611717,0.902017,1.254217
2025-03-11,0.446183,0.447233,1.193717,0.504433,0.957183,1.257717
2025-03-12,0.409867,0.419300,1.186450,0.489667,0.930667,1.262717
2025-03-13,0.437417,0.453033,1.151283,0.589467,0.910950,1.258917
2025-03-14,0.331083,0.358550,0.831767,0.246133,0.668567,1.115867
2025-03-15,0.365867,0.348900,0.831917,0.334200,0.627750,1.098850
2025-03-16,0.423617,0.442017,1.186600,0.525917,0.913567,1.263817
2025-03-17,0.418883,0.433183,1.130850,0.445933,0.904917,1.250550
2025-03-18,0.407617,0.438283,1.208217,0.494717,0.866617,1.247300
2025-03-19,0.413400,0.428233,1.190133,0.450917,0.854033,1.258550
2025-03-20,0.409117,0.437517,1.149750,0.510050,0.922033,1.253100
2025-03-21,0.336600,0.357683,0.782367,0.195783,0.602467,1.116300
2025-03-22,0.309200,0.362983,0.835717,0.227167,0.642300,1.122950
2025-03-23,0.417950,0.442550,1.124217,0.486000,0.867083,1.237233
2025-03-24,0.426867,0.436783,1.183833,0.470833,0.891733,1.273350
2025-03-25,0.413567,0.424117,1.145433,0.461000,0.884750,1.246683
2025-03-26,0.404517,0.450750,1.175617,0.427683,0.879300,1.269883
2025-03-27,0.372350,0.455900,1.125517,0.403967,0.872033,1.256150
2025-03-28,0.334700,0.358383,0.851100,0.188283,0.588600,1.119617
2025-03-29,0.358217,0.359433,0.778167,0.172950,0.610467,1.123933
2025-03-30,0.424333,0.447367,1.124383,0.411467,0.850683,1.250567
2025-03-31,0.424867,0.405333,1.109700,0.483633,0.892267,1.269833
2025-04-01,0.444283,0.441333,1.078700,0.542900,0.882750,1.254933
2025-04-02,0.440133,0.459217,1.190900,0.509317,0.848150,1.269817
2025-04-03,0.412600,0.441583,1.161050,0.416833,0.860567,1.290283
2025-04-04,0.327050,0.335467,0.791183,0.203567,0.587667,1.120500
2025-04-05,0.354033,0.339633,0.791417,0.194933,0.583467,1.113817
2025-04-06,0.414650,0.455250,1.136917,0.441767,0.842817,1.274067
2025-04-07,0.412267,0.440517,1.113100,0.474083,0.850417,1.269467
2025-04-08,0.435867,0.470517,1.164250,0.404367,0.857300,1.293117
2025-04-09,0.416933,0.447867,1.111950,0.481050,0.858433,1.261600
2025-04-10,0.396433,0.442050,1.141033,0.401417,0.888950,1.256917
2025-04-11,0.330683,0.376200,0.775267,0.157600,0.573283,1.076050
2025-04-12,0.320000,0.342850,0.739267,0.280817,0.566300,1.079250
2025-04-13,0.447517,0.450450,1.144383,0.449067,0.872317,1.243017
2025-04-14,0.427750,0.467950,1.087867,0.466450,0.842933,1.262683
2025-04-15,0.410583,0.430133,1.078850,0.413683,0.821067,1.259133
2025-04-16,0.430817,0.467400,1.146183,0.501800,0.841883,1.264083
2025-04-17,0.417067,0.469033,1.111850,0.402450,0.838717,1.254717
2025-04-18,0.328150,0.377300,0.780600,0.249217,0.552617,1.112183
2025-04-19,0.352700,0.361067,0.796083,0.175117,0.536683,1.101300
2025-04-20,0.426450,0.444333,1.135983,0.456933,0.820800,1.256550
2025-04-21,0.420300,0.443717,1.094483,0.351867,0.805900,1.236000
2025-04-22,0.430050,0.449900,1.084500,0.475217,0.808050,1.250083
2025-04-23,0.465967,0.442050,1.069717,0.453367,0.820917,1.300167
2025-04-24,0.430267,0.438150,1.101000,0.419783,0.815433,1.260150
2025-04-25,0.310767,0.362583,0.742550,0.171533,0.530267,1.105033
2025-04-26,0.323300,0.342650,0.720767,0.107650,0.564183,1.112283
2025-04-27,0.432433,0.451550,1.138417,0.345017,0.853617,1.268183
2025-04-28,0.447383,0.431750,1.133500,0.515467,0.824767,1.252783
2025-04-29,0.427000,0.448650,1.060383,0.393567,0.833717,1.259367
2025-04-30,0.422317,0.443317,1.057250,0.487783,0.766900,1.283600
2025-05-01,0.434267,0.467483,1.108033,0.417817,0.829967,1.270483
2025-05-02,0.340367,0.381933,0.757983,0.301450,0.607067,1.131867
2025-05-03,0.331050,0.342983,0.757300,0.242867,0.588450,1.145417
2025-05-04,0.454683,0.460550,1.080817,0.456300,0.842483,1.289900
2025-05-05,0.442283,0.454033,1.123100,0.418917,0.875483,1.303067
2025-05-06,0.460267,0.467533,1.138450,0.384317,0.833083,1.280250
2025-05-07,0.450600,0.437900,1.108550,0.411500,0.843033,1.305183
2025-05-08,0.426517,0.441733,1.093917,0.478800,0.829683,1.324083
2025-05-09,0.357517,0.353900,0.788383,0.208783,0.555600,1.135517
2025-05-10,0.361750,0.334800,0.796783,0.205100,0.575250,1.158633
2025-05-11,0.444750,0.457700,1.102533,0.445300,0.822667,1.312717
2025-05-12,0.444267,0.445367,1.042650,0.545517,0.828383,1.298200
2025-05-13,0.406817,0.428850,1.083433,0.443000,0.851583,1.302933
2025-05-14,0.441217,0.415217,1.103367,0.427900,0.818783,1.296867
2025-05-15,0.420183,0.489167,1.090933,0.464183,0.899767,1.259267
2025-05-16,0.323117,0.350967,0.722000,0.148167,0.548717,1.142567
2025-05-17,0.343200,0.341850,0.716500,0.287867,0.574567,1.147717
2025-05-18,0.437467,0.458350,1.116683,0.553550,0.763083,1.308250
2025-05-19,0.429283,0.418600,1.074100,0.339783,0.822100,1.325367
2025-05-20,0.438117,0.459967,1.061567,0.526617,0.814433,1.320550
2025-05-21,0.439850,0.456517,1.083617,0.394983,0.806667,1.293350
2025-05-22,0.397817,0.455617,1.088817,0.461633,0.815733,1.272517
2025-05-23,0.335450,0.363700,0.713850,0.229867,0.559317,1.125617
2025-05-24,0.363350,0.336283,0.764800,0.178600,0.521867,1.133667
2025-05-25,0.427683,0.452183,1.048117,0.439983,0.794633,1.330567
2025-05-26,0.426183,0.465533,1.122367,0.497000,0.829150,1.269433
2025-05-27,0.401967,0.489383,1.081667,0.404983,0.825183,1.307767
2025-05-28,0.440767,0.441667,1.107583,0.486967,0.853933,1.299583
2025-05-29,0.415983,0.443133,1.138083,0.428833,0.852400,1.319317
2025-05-30,0.321167,0.333433,0.757167,0.167133,0.581933,1.158117
2025-05-31,0.345833,0.361233,0.765250,0.263300,0.528850,1.133167
2025-06-01,0.510033,0.474467,1.120217,0.595967,0.914050,1.341417
2025-06-02,0.481083,0.432767,1.193133,0.530833,0.972700,1.347400
2025-06-03,0.480200,0.446917,1.173800,0.516217,0.903433,1.360933
2025-06-04,0.498417,0.447000,1.139950,0.581467,0.887433,1.357983
2025-06-05,0.466067,0.444817,1.183000,0.560417,0.945817,1.348133
2025-06-06,0.404233,0.354017,0.836867,0.404517,0.727150,1.203067
2025-06-07,0.406517,0.338750,0.872633,0.448283,0.681967,1.227300
2025-06-08,0.476567,0.446550,1.054317,0.562117,0.937983,1.362367
2025-06-09,0.485333,0.476733,1.195300,0.543967,0.960383,1.378583
2025-06-10,0.480983,0.468217,1.151600,0.560783,0.953717,1.353400
2025-06-11,0.505883,0.443117,1.159383,0.589667,0.929133,1.354300
2025-06-12,0.451483,0.436117,1.166517,0.589833,0.946933,1.364283
2025-06-13,0.376317,0.356667,0.880150,0.360717,0.716850,1.222667
2025-06-14,0.411283,0.361850,0.765917,0.357700,0.705033,1.216767
2025-06-15,0.477667,0.447633,1.169467,0.557700,0.940533,1.339733
2025-06-16,0.491367,0.487033,1.158450,0.628217,0.925200,1.336717
2025-06-17,0.495767,0.441367,1.164083,0.643600,0.951300,1.386750
2025-06-18,0.471317,0.454033,1.111917,0.609083,0.930767,1.332817
2025-06-19,0.491583,0.453050,1.166733,0.526817,0.969917,1.339167
2025-06-20,0.363833,0.335750,0.798433,0.353817,0.653233,1.188600
2025-06-21,0.408167,0.341000,0.796750,0.248233,0.602067,1.173567
2025-06-22,0.494867,0.437550,1.085783,0.555350,0.889667,1.358150
2025-06-23,0.463233,0.462700,1.126167,0.549100,0.911433,1.362033
2025-06-24,0.475400,0.433583,1.175433,0.652000,0.959383,1.367317
2025-06-25,0.479200,0.425650,1.148650,0.575583,0.891733,1.344983
2025-06-26,0.475550,0.450667,1.177150,0.548700,0.890983,1.355083
2025-06-27,0.372217,0.370050,0.796433,0.301200,0.620883,1.184717
2025-06-28,0.402900,0.375417,0.839750,0.255000,0.671017,1.187717
2025-06-29,0.484467,0.450033,1.163117,0.649500,0.918433,1.354367
2025-06-30,0.494183,0.460017,1.150500,0.619433,0.886200,1.339867
2025-07-01,0.542633,0.504100,1.184350,0.577950,0.953717,1.654667
2025-07-02,0.560050,0.522300,1.142050,0.547067,0.989400,1.645617
2025-07-03,0.540583,0.501983,1.196717,0.582900,0.962700,1.636450
2025-07-04,0.458367,0.417167,0.824800,0.214400,0.679500,1.498917
2025-07-05,0.489717,0.429950,0.790217,0.281967,0.713817,1.447600
2025-07-06,0.537733,0.523000,1.170617,0.567700,0.977617,1.670950
2025-07-07,0.537017,0.536183,1.151217,0.524483,0.938333,1.644117
2025-07-08,0.537350,0.502983,1.186617,0.468550,0.987833,1.667217
2025-07-09,0.534217,0.490850,1.155633,0.533983,0.960050,1.650267
2025-07-10,0.521950,0.517433,1.089917,0.517717,0.961100,1.671750
2025-07-11,0.447850,0.421050,0.818933,0.382767,0.651183,1.474133
2025-07-12,0.497283,0.374017,0.794233,0.294883,0.691183,1.477867
2025-07-13,0.541300,0.488833,1.126833,0.411117,0.900317,1.646650
2025-07-14,0.519450,0.456133,1.117867,0.497233,0.943800,1.649717
2025-07-15,0.536283,0.491350,1.103833,0.605417,0.938767,1.620933
2025-07-16,0.536283,0.510167,1.100783,0.576517,0.957033,1.612483
2025-07-17,0.532733,0.507617,1.145317,0.491450,0.976633,1.627667
2025-07-18,0.425750,0.348983,0.819450,0.364467,0.684800,1.483967
2025-07-19,0.479783,0.374950,0.801300,0.222850,0.640050,1.483667
2025-07-20,0.542383,0.527667,1.127917,0.471183,0.909583,1.637383
2025-07-21,0.530900,0.490200,1.137650,0.592883,0.951283,1.651250
2025-07-22,0.573083,0.495533,1.079350,0.533867,0.896300,1.639833
2025-07-23,0.540867,0.516833,1.163750,0.501450,0.956767,1.624350
2025-07-24,0.520517,0.504967,1.095667,0.548000,1.004467,1.635917
2025-07-25,0.439317,0.408183,0.814217,0.266850,0.661900,1.446050
2025-07-26,0.450883,0.416100,0.820033,0.324867,0.662000,1.481067
2025-07-27,0.527400,0.502433,1.173217,0.512783,0.926100,1.622217
2025-07-28,0.539483,0.469067,1.164250,0.591717,0.994783,1.634017
2025-07-29,0.540517,0.469733,1.123950,0.568700,0.968550,1.626717
2025-07-30,0.542517,0.524317,1.173350,0.512883,0.964550,1.629217
2025-07-31,0.494567,0.502883,1.163867,0.553200,0.957700,1.643883
2025-08-01,0.425400,0.432700,0.801350,0.223983,0.640633,1.472600
2025-08-02,0.470350,0.365300,0.790933,0.208300,0.643933,1.466067
2025-08-03,0.491083,0.514667,1.084800,0.410300,0.886600,1.630133
2025-08-04,0.547100,0.517317,1.076933,0.441300,0.931700,1.611217
2025-08-05,0.528317,0.512600,1.109850,0.406200,0.907283,1.614000
2025-08-06,0.525833,0.461417,1.099617,0.436900,0.942500,1.627733
2025-08-07,0.536200,0.482700,1.098483,0.397067,0.887783,1.648100
2025-08-08,0.428350,0.374117,0.763683,0.147233,0.629167,1.426150
2025-08-09,0.485217,0.365467,0.748650,0.253817,0.621483,1.455267
2025-08-10,0.557067,0.502583,1.092283,0.507600,0.931850,1.623867
2025-08-11,0.531967,0.473467,1.104500,0.434833,0.898517,1.638250
2025-08-12,0.511867,0.474233,1.083217,0.468033,0.971267,1.616467
2025-08-13,0.542133,0.502550,1.102067,0.447933,0.905850,1.623600
2025-08-14,0.530100,0.504983,1.155633,0.483217,0.916750,1.615800
2025-08-15,0.431017,0.392033,0.757133,0.203217,0.632583,1.495633
2025-08-16,0.451917,0.396367,0.699833,0.176417,0.642100,1.459033
2025-08-17,0.544533,0.456450,1.076633,0.460800,0.914733,1.631667
2025-08-18,0.524817,0.483867,1.127717,0.424450,0.925517,1.644600
2025-08-19,0.536467,0.496600,1.093067,0.482350,0.915900,1.622800
2025-08-20,0.544767,0.500983,1.174633,0.481700,0.906717,1.659000
2025-08-21,0.526483,0.497050,1.061067,0.516800,0.927483,1.619817
2025-08-22,0.437717,0.412517,0.735583,0.188183,0.657500,1.445717
2025-08-23,0.453333,0.371383,0.753200,0.228550,0.655550,1.451583
2025-08-24,0.522250,0.459933,1.088383,0.387067,0.919300,1.624383
2025-08-25,0.539817,0.466267,1.089383,0.513133,0.961833,1.623217
2025-08-26,0.510500,0.479383,1.122583,0.407083,0.964567,1.632500
2025-08-27,0.519500,0.447867,1.159533,0.410400,0.950467,1.640550
2025-08-28,0.481917,0.484767,1.130583,0.511700,0.924850,1.638317
2025-08-29,0.403133,0.431117,0.830067,0.219917,0.680883,1.478983
2025-08-30,0.453350,0.387383,0.701283,0.198317,0.662300,1.493100
2025-08-31,0.504883,0.497250,1.089583,0.491583,0.949050,1.612200
2025-09-01,0.444117,0.438350,1.071200,0.445050,0.841550,1.290983
2025-09-02,0.442700,0.435417,1.127900,0.376367,0.807817,1.301767
2025-09-03,0.472217,0.441367,1.046967,0.423183,0.887500,1.318117
2025-09-04,0.406500,0.444083,1.106550,0.410433,0.901817,1.325117
2025-09-05,0.334500,0.341150,0.736183,0.210633,0.605917,1.169700
2025-09-06,0.356850,0.347433,0.806867,0.124300,0.584200,1.150817
2025-09-07,0.394533,0.411850,1.132350,0.474300,0.866700,1.331733
2025-09-08,0.439450,0.453817,1.100883,0.436633,0.906550,1.275117
2025-09-09,0.431550,0.438400,1.079100,0.322583,0.906150,1.302350
2025-09-10,0.443583,0.464683,1.159867,0.467533,0.898683,1.313900
2025-09-11,0.417450,0.421583,1.139183,0.341400,0.884550,1.294200
2025-09-12,0.339133,0.354000,0.780367,0.181233,0.628700,1.126450
2025-09-13,0.354950,0.372267,0.816617,0.122033,0.656067,1.162000
2025-09-14,0.436517,0.442767,1.156383,0.468583,0.904233,1.331067
2025-09-15,0.450950,0.440433,1.122883,0.368817,0.880750,1.308067
2025-09-16,0.458583,0.454283,1.099183,0.471750,0.896800,1.309667
2025-09-17,0.432050,0.416100,1.149317,0.409650,0.920300,1.303567
2025-09-18,0.401800,0.436317,1.145450,0.434100,0.878867,1.332000
2025-09-19,0.357517,0.355767,0.813633,0.246000,0.651250,1.128183
2025-09-20,0.366017,0.325050,0.851333,0.182550,0.665350,1.167700
2025-09-21,0.434450,0.434933,1.104650,0.459683,0.938433,1.299567
2025-09-22,0.447583,0.421567,1.122217,0.437717,0.927433,1.321017
2025-09-23,0.423533,0.420117,1.121950,0.383833,0.953583,1.309550
2025-09-24,0.440967,0.436850,1.155950,0.482183,0.910433,1.301817
2025-09-25,0.416967,0.434500,1.176033,0.469967,0.919683,1.314183
2025-09-26,0.338517,0.358933,0.831500,0.258450,0.658717,1.131000
2025-09-27,0.367200,0.339150,0.758467,0.260133,0.681417,1.153633
2025-09-28,0.444850,0.444017,1.145833,0.498050,0.917800,1.315417
2025-09-29,0.440050,0.443667,1.171450,0.472183,0.943533,1.311950
2025-09-30,0.435183,0.481767,1.191117,0.429000,0.951800,1.320933
2025-10-01,0.427267,0.433417,1.091867,0.338100,0.890917,1.255467
2025-10-02,0.413500,0.437217,1.107617,0.383583,0.880200,1.275217
2025-10-03,0.307583,0.348333,0.801133,0.140283,0.574933,1.113600
2025-10-04,0.333583,0.342183,0.826100,0.196267,0.624083,1.106850
2025-10-05,0.418950,0.455733,1.139967,0.370367,0.870383,1.242517
2025-10-06,0.436117,0.468650,1.130617,0.447100,0.918400,1.290967
2025-10-07,0.439667,0.457933,1.171717,0.405567,0.870883,1.260100
2025-10-08,0.422867,0.454550,1.138567,0.462017,0.866550,1.252917
2025-10-09,0.405633,0.450700,1.170083,0.381400,0.902133,1.286083
2025-10-10,0.340717,0.357950,0.810650,0.090650,0.654167,1.085367
2025-10-11,0.345150,0.361517,0.824050,0.223650,0.628100,1.136683
2025-10-12,0.419617,0.445983,1.139700,0.461367,0.902633,1.257050
2025-10-13,0.442467,0.461100,1.160450,0.441450,0.929000,1.263900
2025-10-14,0.417117,0.438283,1.174050,0.426617,0.942067,1.273317
2025-10-15,0.426433,0.472450,1.183283,0.426117,0.901783,1.278150
2025-10-16,0.404533,0.436533,1.214617,0.455433,0.972633,1.251600
2025-10-17,0.303550,0.330800,0.803867,0.210583,0.662933,1.104817
2025-10-18,0.354100,0.351967,0.818833,0.247950,0.671983,1.104750
2025-10-19,0.446500,0.457133,1.204500,0.475667,0.955733,1.271100
2025-10-20,0.431767,0.456833,1.200133,0.435833,0.954817,1.271433
2025-10-21,0.418700,0.442900,1.200800,0.522117,0.957017,1.252733
2025-10-22,0.418783,0.446650,1.231033,0.490183,0.963700,1.269967
2025-10-23,0.400067,0.448517,1.221200,0.510133,0.916967,1.246200
2025-10-24,0.332233,0.338550,0.881983,0.208300,0.708133,1.087217
2025-10-25,0.375850,0.354017,0.848383,0.226183,0.668400,1.127267
2025-10-26,0.419633,0.452400,1.189500,0.494983,0.967883,1.259517
2025-10-27,0.410600,0.439533,1.209667,0.417433,0.966183,1.252150
2025-10-28,0.435017,0.447317,1.252233,0.507650,0.966167,1.285733
2025-10-29,0.437500,0.454917,1.251983,0.528200,0.960150,1.282167
2025-10-30,0.407817,0.430117,1.194117,0.478450,0.983967,1.268767
2025-10-31,0.306733,0.353250,0.892050,0.277833,0.713233,1.084533
2025-11-01,0.328400,0.317533,0.866617,0.294667,0.714567,1.115917
2025-11-02,0.412383,0.466500,1.230900,0.476983,0.965783,1.267233
2025-11-03,0.433117,0.432550,1.213800,0.567167,0.975117,1.276983
2025-11-04,0.426000,0.462650,1.241300,0.465517,0.993350,1.261033
2025-11-05,0.425700,0.436383,1.232183,0.542550,0.999517,1.250400
2025-11-06,0.428883,0.477383,1.286733,0.551700,1.001167,1.264067
2025-11-07,0.336983,0.374500,0.946967,0.272450,0.692300,1.117150
2025-11-08,0.362367,0.332867,0.879167,0.313517,0.704733,1.139167
2025-11-09,0.410917,0.469117,1.257550,0.529867,1.022967,1.263617
2025-11-10,0.406583,0.458750,1.270233,0.580350,1.014333,1.265433
2025-11-11,0.437900,0.426617,1.250467,0.522300,0.995683,1.261133
2025-11-12,0.432933,0.457600,1.295033,0.524350,1.029383,1.271900
2025-11-13,0.434117,0.446617,1.265800,0.591733,1.017733,1.258033
2025-11-14,0.325183,0.359167,0.939467,0.362533,0.722283,1.106167
2025-11-15,0.341883,0.359267,0.916500,0.338233,0.707583,1.133250
2025-11-16,0.423650,0.418717,1.285800,0.534817,1.000900,1.261533
2025-11-17,0.419433,0.425100,1.286433,0.517717,1.002033,1.248817
2025-11-18,0.417350,0.430967,1.272467,0.614333,1.033800,1.223983
2025-11-19,0.441467,0.478167,1.288950,0.547983,1.013583,1.228417
2025-11-20,0.417600,0.455333,1.288883,0.596250,0.995750,1.253650
2025-11-21,0.327650,0.347633,0.925667,0.367017,0.745633,1.097817
2025-11-22,0.345050,0.357150,0.952867,0.327350,0.799033,1.107833
2025-11-23,0.446850,0.482717,1.287067,0.548300,1.006200,1.263600
2025-11-24,0.423983,0.450383,1.263950,0.558400,0.997500,1.283267
2025-11-25,0.427633,0.457300,1.303667,0.589817,1.014600,1.240933
2025-11-26,0.413383,0.442950,1.288783,0.598367,1.046967,1.240350
2025-11-27,0.389550,0.425883,1.266450,0.585333,1.041617,1.263217
2025-11-28,0.318567,0.354417,0.953650,0.351550,0.737400,1.087383
2025-11-29,0.337550,0.318383,0.969817,0.437083,0.751817,1.125783
2025-11-30,0.433817,0.433900,1.307133,0.632933,1.029050,1.288333
2025-12-01,0.464150,0.506250,1.368733,0.642600,1.038400,1.499083
2025-12-02,0.424467,0.477600,1.359500,0.695900,1.037050,1.493700
2025-12-03,0.430733,0.534900,1.371617,0.696900,1.057733,1.487967
2025-12-04,0.425767,0.494400,1.359083,0.667400,1.072833,1.525700
2025-12-05,0.354967,0.398267,1.044017,0.421517,0.740717,1.325517
2025-12-06,0.365750,0.409217,0.990717,0.437933,0.779533,1.318900
2025-12-07,0.437100,0.487817,1.344133,0.672833,1.052117,1.494867
2025-12-08,0.448217,0.514733,1.333583,0.676250,1.032967,1.505550
2025-12-09,0.440700,0.495017,1.397367,0.647933,1.038300,1.480667
2025-12-10,0.447250,0.515200,1.362817,0.710283,1.086250,1.523983
2025-12-11,0.430567,0.493067,1.354450,0.672000,1.050500,1.504567
2025-12-12,0.342100,0.402800,1.026033,0.508217,0.793783,1.357217
2025-12-13,0.390950,0.410400,1.036350,0.461217,0.780633,1.337750
2025-12-14,0.425450,0.514567,1.393400,0.676400,1.069833,1.499067
2025-12-15,0.445850,0.457417,1.372100,0.719067,1.045633,1.476867
2025-12-16,0.444050,0.492867,1.373617,0.715267,1.044100,1.468417
2025-12-17,0.440950,0.483250,1.365667,0.686417,1.064883,1.489683
2025-12-18,0.425450,0.515283,1.366833,0.611450,1.036283,1.509850
2025-12-19,0.359933,0.397900,1.030083,0.478950,0.750017,1.304783
2025-12-20,0.369950,0.407317,1.080750,0.425583,0.734167,1.309533
2025-12-21,0.420250,0.472967,1.381750,0.673017,1.028100,1.487250
2025-12-22,0.432683,0.510267,1.387733,0.710700,1.042450,1.490033
2025-12-23,0.433600,0.495467,1.367150,0.693567,1.048883,1.492833
2025-12-24,0.444350,0.474783,1.358967,0.669600,1.073600,1.483400
2025-12-25,0.394233,0.499283,1.364650,0.705500,1.049350,1.515350
2025-12-26,0.344100,0.391933,1.042367,0.475150,0.765767,1.351867
2025-12-27,0.354833,0.379650,1.034167,0.482950,0.791633,1.330717
2025-12-28,0.426517,0.498050,1.395933,0.675817,1.039767,1.495433
2025-12-29,0.413967,0.500967,1.346683,0.693133,1.061083,1.477483
2025-12-30,0.438717,0.511517,1.382767,0.646233,1.028717,1.482250
2025-12-31,0.442083,0.471917,1.394800,0.708500,1.067883,1.475233
