时刻,相关系数,样本量（日对数）
00:00,0.379767,260
00:10,0.247918,260
00:20,0.344716,260
00:30,0.333871,260
00:40,0.258774,260
00:50,0.232129,260
01:00,0.259126,260
01:10,0.282024,260
01:20,0.242920,260
01:30,0.135384,260
01:40,0.254398,260
01:50,0.230840,260
02:00,0.160470,260
02:10,0.152751,260
02:20,0.105309,260
02:30,-0.011435,260
02:40,0.122783,260
02:50,0.179837,260
03:00,0.158454,260
03:10,0.083952,260
03:20,0.076139,260
03:30,0.070800,260
03:40,0.039812,260
03:50,0.045362,260
04:00,0.047350,260
04:10,0.052448,260
04:20,0.006070,260
04:30,0.012965,260
04:40,0.092812,260
04:50,0.121765,260
05:00,0.049747,260
05:10,0.081099,260
05:20,0.034962,260
05:30,0.068613,260
05:40,0.298027,260
05:50,0.206801,260
06:00,0.024749,260
06:10,0.061257,260
06:20,0.183553,260
06:30,0.284636,260
06:40,0.325196,260
06:50,0.420473,260
07:00,0.558666,260
07:10,0.588698,260
07:20,0.557807,260
07:30,0.565222,260
07:40,0.637451,260
07:50,0.453822,260
08:00,0.189944,260
08:10,0.129854,260
08:20,0.151868,260
08:30,0.172043,260
08:40,0.172515,260
08:50,0.219500,260
09:00,0.296059,260
09:10,0.288157,260
09:20,0.287189,260
09:30,0.311766,260
09:40,0.277875,260
09:50,0.391392,260
10:00,0.610050,260
10:10,0.612751,260
10:20,0.577621,260
10:30,0.603898,260
10:40,0.632460,260
10:50,0.501398,260
11:00,0.240518,260
11:10,0.228505,260
11:20,0.259429,260
11:30,0.230996,260
11:40,0.220123,260
11:50,0.248220,260
12:00,0.304406,260
12:10,0.321192,260
12:20,0.294363,260
12:30,0.281320,260
12:40,0.253012,260
12:50,0.233999,260
13:00,0.213370,260
13:10,0.194857,260
13:20,0.194215,260
13:30,0.185773,260
13:40,0.174249,260
13:50,0.349767,260
14:00,0.602536,260
14:10,0.624058,260
14:20,0.588669,260
14:30,0.587391,260
14:40,0.610431,260
14:50,0.470321,260
15:00,0.154722,260
15:10,0.095794,260
15:20,0.145357,260
15:30,0.169106,260
15:40,0.116224,260
15:50,0.102534,260
16:00,0.132783,260
16:10,0.115518,260
16:20,0.088396,260
16:30,0.099314,260
16:40,0.108129,260
16:50,0.009000,260
17:00,-0.088698,260
17:10,-0.085919,260
17:20,-0.092206,260
17:30,-0.133521,260
17:40,-0.158490,260
17:50,-0.129285,260
18:00,0.027735,260
18:10,0.083382,260
18:20,0.099790,260
18:30,0.146521,260
18:40,0.117919,260
18:50,0.430016,260
19:00,0.733718,260
19:10,0.741786,260
19:20,0.722369,260
19:30,0.741883,260
19:40,0.755051,260
19:50,0.736622,260
20:00,0.729035,260
20:10,0.744375,260
20:20,0.740408,260
20:30,0.732059,260
20:40,0.771815,260
20:50,0.640609,260
21:00,0.190996,260
21:10,0.216310,260
21:20,0.286949,260
21:30,0.223143,260
21:40,0.181167,260
21:50,0.269804,260
22:00,0.385911,260
22:10,0.386870,260
22:20,0.430230,260
22:30,0.453731,260
22:40,0.494803,260
22:50,0.436900,260
23:00,0.372279,260
23:10,0.359324,260
23:20,0.374344,260
23:30,0.411261,260
23:40,0.342748,260
23:50,0.432177,260
平均值,0.285077,260
