时刻,MAE,MAPE(%),WAPE(%)
00:00,0.035078,7.705224,7.665867
00:10,0.105554,27.178684,25.909332
00:20,0.089068,23.153786,22.120202
00:30,0.094676,24.601815,23.346669
00:40,0.093321,23.906125,22.842552
00:50,0.091934,23.216877,22.459086
01:00,0.092821,23.493225,22.651586
01:10,0.092072,23.067641,22.317978
01:20,0.088205,22.162681,21.348726
01:30,0.088656,22.154967,21.572305
01:40,0.093065,23.324639,22.703093
01:50,0.095998,24.097083,23.430306
02:00,0.094883,24.090558,23.225638
02:10,0.096063,24.556342,23.652493
02:20,0.092844,23.464799,22.648986
02:30,0.088869,21.810876,21.274148
02:40,0.099914,24.617152,23.859713
02:50,0.099155,24.860549,23.994343
03:00,0.087228,22.210647,21.264636
03:10,0.091363,22.575552,21.879054
03:20,0.097168,24.075205,23.305088
03:30,0.095716,24.177179,23.321174
03:40,0.092956,22.880924,22.266227
03:50,0.093114,22.702292,22.233221
04:00,0.096476,23.976193,23.352769
04:10,0.101806,24.980589,24.316490
04:20,0.106241,25.954468,25.256248
04:30,0.109563,27.431627,26.405320
04:40,0.104105,26.117021,25.166639
04:50,0.098012,24.309813,23.508810
05:00,0.092863,23.028599,22.267619
05:10,0.094283,23.469706,23.009305
05:20,0.092789,22.566468,22.116571
05:30,0.084459,21.286847,20.663224
05:40,0.081916,24.022072,23.179778
05:50,0.131313,24.901733,24.282837
06:00,0.204634,24.241228,23.782970
06:10,0.221003,25.539161,24.921175
06:20,0.209672,26.084172,25.304320
06:30,0.207462,25.854445,25.134029
06:40,0.218719,27.951370,27.094173
06:50,0.203640,26.466856,25.623300
07:00,0.167717,21.742906,21.153688
07:10,0.158182,20.992012,20.371554
07:20,0.164856,22.440545,21.632978
07:30,0.159857,22.946295,22.084651
07:40,0.141504,22.500492,21.637900
07:50,0.215704,27.616408,26.662610
08:00,0.339094,32.493968,31.298009
08:10,0.352953,33.669508,32.377354
08:20,0.338150,34.482898,33.102603
08:30,0.348366,36.169200,34.660239
08:40,0.349437,37.543274,35.737194
08:50,0.314996,33.909928,32.456641
09:00,0.270402,28.501194,27.635676
09:10,0.267477,28.994169,28.000459
09:20,0.270563,30.254556,29.026476
09:30,0.260326,29.534883,28.460193
09:40,0.253703,29.880936,28.716329
09:50,0.256669,29.894629,28.623445
10:00,0.266294,30.144637,28.318550
10:10,0.269493,30.785394,28.873831
10:20,0.259893,30.845604,29.000753
10:30,0.249850,29.849019,28.106324
10:40,0.263713,30.679486,28.735070
10:50,0.280305,41.667018,38.029165
11:00,0.286264,84.965911,64.275017
11:10,0.277351,91.029689,67.889285
11:20,0.272752,75.869263,61.459486
11:30,0.275883,85.823484,64.580270
11:40,0.272399,87.128866,65.185855
11:50,0.259981,94.827356,63.952197
12:00,0.242230,133.776144,61.988834
12:10,0.228864,81.240513,58.645139
12:20,0.241119,73.572360,59.401235
12:30,0.255965,82.194499,64.001515
12:40,0.233120,101.815560,64.391680
12:50,0.247226,55.613006,48.348529
13:00,0.295170,40.948857,38.556556
13:10,0.294442,38.425394,36.601335
13:20,0.272215,36.370916,34.692075
13:30,0.260350,33.945705,32.400365
13:40,0.262933,34.104278,32.677896
13:50,0.268695,33.342999,31.904290
14:00,0.274388,31.989191,30.071684
14:10,0.282796,31.933747,29.981668
14:20,0.274841,30.989035,29.206164
14:30,0.258859,28.446951,26.867851
14:40,0.259595,26.594865,25.289156
14:50,0.263836,31.694888,30.086811
15:00,0.263175,46.592346,43.049807
15:10,0.255609,45.753387,42.434191
15:20,0.257185,40.937416,38.659319
15:30,0.265553,41.560990,39.361286
15:40,0.263187,39.956322,37.965052
15:50,0.260634,37.773112,36.094133
16:00,0.260669,36.282799,34.837935
16:10,0.256875,34.812960,33.517019
16:20,0.264588,35.042927,33.575216
16:30,0.274292,35.178943,33.577570
16:40,0.265444,32.706032,31.490376
16:50,0.292201,35.820027,34.377292
17:00,0.339975,42.191861,40.025741
17:10,0.336505,40.483476,38.612791
17:20,0.327617,37.717114,36.173205
17:30,0.347146,39.596482,37.841081
17:40,0.366181,42.585996,40.624196
17:50,0.282315,28.508414,27.863763
18:00,0.153519,12.966792,12.837562
18:10,0.147782,12.127243,12.062930
18:20,0.165508,13.716456,13.649218
18:30,0.154647,12.710842,12.632061
18:40,0.163183,13.460735,13.387858
18:50,0.174442,14.014420,13.922920
19:00,0.179446,13.884708,13.686880
19:10,0.173488,13.510515,13.212159
19:20,0.164158,12.889543,12.572760
19:30,0.159102,12.374925,12.120690
19:40,0.159868,12.404413,12.195265
19:50,0.164714,12.774525,12.562598
20:00,0.165833,12.791603,12.592365
20:10,0.156304,12.041872,11.873796
20:20,0.153573,11.958590,11.790400
20:30,0.159434,12.353018,12.148007
20:40,0.159921,11.978241,11.787618
20:50,0.163617,14.024066,13.773899
21:00,0.173174,19.527362,19.133337
21:10,0.162717,18.851503,18.584913
21:20,0.153449,17.095085,16.972100
21:30,0.158373,17.626211,17.491784
21:40,0.163334,17.343143,17.173990
21:50,0.133700,18.169809,17.952789
22:00,0.093346,23.875317,23.338390
22:10,0.094863,27.579854,26.038374
22:20,0.101161,25.775838,24.461337
22:30,0.097046,25.160672,24.332871
22:40,0.096824,25.042916,24.319757
22:50,0.095825,24.857163,23.828838
23:00,0.095010,24.862332,23.830861
23:10,0.097027,25.482428,24.457203
23:20,0.096366,24.507203,23.936845
23:30,0.096879,24.714048,23.751434
23:40,0.107838,27.806755,26.782842
23:50,0.071582,17.392929,16.918975
平均值,0.190386,31.205578,28.166876
