slot,source_time_label,sample_offset_minutes,interval_start_minute,interval_end_minute,price_yuan_per_kwh,load_kw,pv_forecast_kw,source_excel_row,load_kwh_approx,pv_forecast_kwh_approx,net_load_kw
1,00:10:00,10,0,10,0.4248,3439.8466,0.0,2,573.3077666666667,0.0,3439.8466
2,00:20:00,20,10,20,0.4245,3437.9792,0.0,3,572.9965333333333,0.0,3437.9792
3,00:30:00,30,20,30,0.4269,3444.3031,0.0,4,574.0505166666667,0.0,3444.3031
4,00:40:00,40,30,40,0.4272,3454.4437,0.0,5,575.7406166666666,0.0,3454.4437
5,00:50:00,50,40,50,0.4271,3458.8273,0.0,6,576.4712166666667,0.0,3458.8273
6,01:00:00,60,50,60,0.4285,3459.8401,0.0,7,576.6400166666666,0.0,3459.8401
7,01:10:00,70,60,70,0.4311,3467.1582,0.0,8,577.8597,0.0,3467.1582
8,01:20:00,80,70,80,0.4302,3467.9632,0.0,9,577.9938666666667,0.0,3467.9632
9,01:30:00,90,80,90,0.4279,3466.9683,0.0,10,577.82805,0.0,3466.9683
10,01:40:00,100,90,100,0.4312,3482.4927,0.0,11,580.41545,0.0,3482.4927
11,01:50:00,110,100,110,0.4333,3495.0841,0.0,12,582.5140166666666,0.0,3495.0841
12,02:00:00,120,110,120,0.4311,3498.4443,0.0,13,583.07405,0.0,3498.4443
13,02:10:00,130,120,130,0.4293,3505.2295,0.0,14,584.2049166666667,0.0,3505.2295
14,02:20:00,140,130,140,0.4324,3512.6387,0.0,15,585.4397833333334,0.0,3512.6387
15,02:30:00,150,140,150,0.4367,3516.8685,0.0,16,586.14475,0.0,3516.8685
16,02:40:00,160,150,160,0.4348,3517.9246,0.0,17,586.3207666666666,0.0,3517.9246
17,02:50:00,170,160,170,0.4335,3518.5518,0.0,18,586.4253,0.0,3518.5518
18,03:00:00,180,170,180,0.4357,3521.0976,0.0,19,586.8496,0.0,3521.0976
19,03:10:00,190,180,190,0.4374,3526.9261,0.0,20,587.8210166666667,0.0,3526.9261
20,03:20:00,200,190,200,0.4371,3537.2854,0.0,21,589.5475666666667,0.0,3537.2854
21,03:30:00,210,200,210,0.4356,3544.8808,0.0,22,590.8134666666666,0.0,3544.8808
22,03:40:00,220,210,220,0.4353,3541.2787,0.0,23,590.2131166666667,0.0,3541.2787
23,03:50:00,230,220,230,0.436,3546.3976,0.0,24,591.0662666666666,0.0,3546.3976
24,04:00:00,240,230,240,0.4378,3560.207,0.0,25,593.3678333333334,0.0,3560.207
25,04:10:00,250,240,250,0.4401,3561.9581,0.0,26,593.6596833333333,0.0,3561.9581
26,04:20:00,260,250,260,0.4389,3556.7183,0.0,27,592.7863833333333,0.0,3556.7183
27,04:30:00,270,260,270,0.4364,3560.0272,0.0,28,593.3378666666666,0.0,3560.0272
28,04:40:00,280,270,280,0.4393,3580.654,0.5994,29,596.7756666666667,0.0999,3580.0546
29,04:50:00,290,280,290,0.4422,3586.916,0.2345,30,597.8193333333334,0.03908333333333333,3586.6815
30,05:00:00,300,290,300,0.4395,3571.2635,0.2885,31,595.2105833333334,0.04808333333333333,3570.975
31,05:10:00,310,300,310,0.4333,3562.3171,18.6781,32,593.7195166666667,3.1130166666666668,3543.639
32,05:20:00,320,310,320,0.4439,3591.3809,54.4698,33,598.5634833333334,9.0783,3536.9111000000003
33,05:30:00,330,320,330,0.4301,3579.7045,108.9718,34,596.6174166666666,18.161966666666668,3470.7327
34,05:40:00,340,330,340,0.3713,3486.119,184.1603,35,581.0198333333334,30.693383333333333,3301.9587
35,05:50:00,350,340,350,0.5708,3823.8994,277.0582,36,637.3165666666666,46.17636666666667,3546.8412
36,06:00:00,360,350,360,0.9099,4398.0727,388.5494,37,733.0121166666667,64.75823333333334,4009.5233
37,06:10:00,370,360,370,0.9368,4454.0123,521.2803,38,742.3353833333334,86.88005,3932.7320000000004
38,06:20:00,380,370,380,0.8758,4371.7919,672.7677,39,728.6319833333333,112.12795,3699.0242000000003
39,06:30:00,390,380,390,0.8759,4392.953,844.2261,40,732.1588333333334,140.70435,3548.7269000000006
40,06:40:00,400,390,400,0.8601,4384.5956,1039.6744,41,730.7659333333332,173.2790666666667,3344.9211999999998
41,06:50:00,410,400,410,0.8442,4434.7757,1259.3375,42,739.1292833333333,209.88958333333335,3175.4382
42,07:00:00,420,410,420,0.8334,4523.4561,1508.6318,43,753.90935,251.43863333333334,3014.8243
43,07:10:00,430,420,430,0.8092,4524.0721,1791.4107,44,754.0120166666667,298.56845,2732.6614000000004
44,07:20:00,440,430,440,0.7972,4545.8867,2085.4865,45,757.6477833333333,347.5810833333333,2460.4002
45,07:30:00,450,440,450,0.7644,4523.2418,2381.2611,46,753.8736333333333,396.87685000000005,2141.9806999999996
46,07:40:00,460,450,460,0.6899,4383.3566,2683.1752,47,730.5594333333333,447.1958666666667,1700.1814
47,07:50:00,470,460,470,0.86,4910.4599,2986.3552,48,818.4099833333333,497.72586666666666,1924.1046999999999
48,08:00:00,480,470,480,1.1617,5799.7327,3289.204,49,966.6221166666666,548.2006666666667,2510.5286999999994
49,08:10:00,490,480,490,1.1683,5884.826,3593.3613,50,980.8043333333334,598.89355,2291.4647
50,08:20:00,500,490,500,1.0956,5748.0713,3890.7332,51,958.0118833333332,648.4555333333334,1857.3380999999995
51,08:30:00,510,500,510,1.0849,5769.0581,4181.3417,52,961.5096833333333,696.8902833333333,1587.7164000000002
52,08:40:00,520,510,520,1.061,5754.2105,4471.7657,53,959.0350833333333,745.2942833333333,1282.4448000000002
53,08:50:00,530,520,530,1.043,5824.1807,4752.8272,54,970.6967833333333,792.1378666666666,1071.3535000000002
54,09:00:00,540,530,540,1.036,5954.2601,5021.9074,55,992.3766833333334,836.9845666666666,932.3527000000004
55,09:10:00,550,540,550,1.0147,5958.9696,5285.4126,56,993.1616,880.9020999999999,673.5570000000007
56,09:20:00,560,550,560,0.9922,5929.5554,5543.1742,57,988.2592333333333,923.8623666666667,386.3811999999998
57,09:30:00,570,560,570,0.97,5923.7828,5788.4093,58,987.2971333333334,964.7348833333334,135.3734999999997
58,09:40:00,580,570,580,0.9422,5907.586,6012.1304,59,984.5976666666667,1002.0217333333334,-104.54439999999977
59,09:50:00,590,580,590,0.9569,5899.1262,6216.1528,60,983.1877,1036.0254666666667,-317.02660000000014
60,10:00:00,600,590,600,0.9977,5902.2196,6409.5941,61,983.7032666666668,1068.2656833333333,-507.3744999999999
61,10:10,610,600,610,0.9919,5897.4793,6599.3808,62,982.9132166666667,1099.8968,-701.9014999999999
62,10:20,620,610,620,0.9588,5886.7568,6766.7204,63,981.1261333333333,1127.7867333333334,-879.9636
63,10:30,630,620,630,0.9549,5873.4708,6914.5923,64,978.9118,1152.4320500000001,-1041.1215000000002
64,10:40,640,630,640,0.9839,5858.0308,7064.2053,65,976.3384666666667,1177.36755,-1206.1744999999992
65,10:50,650,640,650,0.799,5844.9948,7197.4315,66,974.1658000000001,1199.5719166666665,-1352.4366999999993
66,11:00,660,650,660,0.5025,5839.0587,7303.1142,67,973.1764499999999,1217.1857,-1464.0555000000004
67,11:10,670,660,670,0.4662,5838.7103,7387.6848,68,973.1183833333333,1231.2808,-1548.9745000000003
68,11:20,680,670,680,0.5007,5823.4378,7459.227,69,970.5729666666666,1243.2045,-1635.7892000000002
69,11:30,690,680,690,0.4827,5814.7932,7520.7191,70,969.1322,1253.4531833333333,-1705.9259000000002
70,11:40,700,690,700,0.4785,5832.3951,7568.2039,71,972.06585,1261.3673166666667,-1735.8088000000007
71,11:50,710,700,710,0.4662,5712.901,7592.1539,72,952.1501666666667,1265.3589833333333,-1879.2529000000004
72,12:00,720,710,720,0.4432,5519.4607,7601.0433,73,919.9101166666666,1266.8405500000001,-2081.5826000000006
73,12:10,730,720,730,0.4411,5494.7907,7612.316,74,915.7984499999999,1268.7193333333332,-2117.5253000000002
74,12:20,740,730,740,0.4551,5514.4524,7602.6524,75,919.0754000000001,1267.1087333333332,-2088.2
75,12:30,750,740,750,0.4463,5485.829,7554.1872,76,914.3048333333332,1259.0312000000001,-2068.3582000000006
76,12:40,760,750,760,0.4113,5462.3628,7472.7384,77,910.3937999999999,1245.4564,-2010.3756000000003
77,12:50,770,760,770,0.5682,5566.1066,7393.4172,78,927.6844333333333,1232.2362,-1827.3105999999998
78,13:00,780,770,780,0.8279,5725.7548,7312.7979,79,954.2924666666667,1218.79965,-1587.0430999999999
79,13:10,790,780,790,0.8636,5739.4957,7194.541,80,956.5826166666667,1199.0901666666666,-1455.0452999999998
80,13:20,800,790,800,0.8416,5714.6836,7053.1371,81,952.4472666666667,1175.52285,-1338.4534999999996
81,13:30,810,800,810,0.8618,5717.8505,6910.4064,82,952.9750833333333,1151.7344,-1192.5559000000003
82,13:40,820,810,820,0.8623,5708.2486,6772.4075,83,951.3747666666667,1128.7345833333334,-1064.1589000000004
83,13:50,830,820,830,0.9026,5696.9182,6607.36,84,949.4863666666666,1101.2266666666667,-910.4417999999996
84,14:00,840,830,840,0.9754,5692.2983,6412.5085,85,948.7163833333334,1068.7514166666667,-720.2101999999995
85,14:10,850,840,850,1.0002,5687.1291,6214.0158,86,947.85485,1035.6693,-526.8867
86,14:20,860,850,860,0.9978,5678.962,6000.7112,87,946.4936666666667,1000.1185333333333,-321.7491999999993
87,14:30,870,860,870,1.0271,5669.4508,5766.9816,88,944.9084666666666,961.1636,-97.53080000000045
88,14:40,880,870,880,1.0906,5664.1948,5521.5066,89,944.0324666666667,920.2511,142.6882000000005
89,14:50,890,880,890,0.9376,5672.7011,5268.781,90,945.4501833333334,878.1301666666667,403.9201000000003
90,15:00,900,890,900,0.6694,5682.2544,5009.7152,91,947.0423999999999,834.9525333333332,672.5392000000002
91,15:10,910,900,910,0.66,5669.0195,4743.4484,92,944.8365833333334,790.5747333333334,925.5711000000001
92,15:20,920,910,920,0.7217,5656.3651,4471.224,93,942.7275166666667,745.2040000000001,1185.1410999999998
93,15:30,930,920,930,0.7308,5657.0867,4188.2025,94,942.8477833333333,698.03375,1468.8841999999995
94,15:40,940,930,940,0.7534,5662.6008,3889.3931,95,943.7668,648.2321833333333,1773.2077000000004
95,15:50,950,940,950,0.7823,5669.2596,3594.5946,96,944.8766,599.0991,2074.6650000000004
96,16:00,960,950,960,0.8055,5673.4767,3303.8878,97,945.5794500000001,550.6479666666667,2369.5889
97,16:10,970,960,970,0.8271,5671.0146,2998.4247,98,945.1691000000001,499.73745,2672.5899000000004
98,16:20,980,970,980,0.8519,5661.5926,2687.4131,99,943.5987666666666,447.90218333333337,2974.1794999999997
99,16:30,990,980,990,0.8791,5665.8922,2383.1779,100,944.3153666666667,397.1963166666667,3282.7143
100,16:40,1000,990,1000,0.9024,5689.0372,2089.1246,101,948.1728666666667,348.18743333333333,3599.9125999999997
101,16:50,1010,1000,1010,0.9163,5603.6614,1791.0829,102,933.9435666666667,298.5138166666667,3812.5784999999996
102,17:00,1020,1010,1020,0.9264,5466.7124,1501.7283,103,911.1187333333334,250.28805,3964.9841000000006
103,17:10,1030,1020,1030,0.9462,5467.3939,1255.1723,104,911.2323166666666,209.19538333333333,4212.2216
104,17:20,1040,1030,1040,0.9742,5464.727,1036.3323,105,910.7878333333333,172.72205,4428.3947
105,17:30,1050,1040,1050,0.9862,5492.4458,836.7775,106,915.4076333333334,139.46291666666667,4655.6683
106,17:40,1060,1050,1060,0.976,5621.7308,665.2313,107,936.9551333333334,110.87188333333334,4956.4995
107,17:50,1070,1060,1070,1.0742,5091.2126,516.6758,108,848.5354333333333,86.11263333333333,4574.5368
108,18:00,1080,1070,1080,1.2313,4208.5688,386.6731,109,701.4281333333333,64.44551666666666,3821.8957
109,18:10,1090,1080,1090,1.2561,4122.7611,275.7933,110,687.12685,45.96555,3846.9678
110,18:20,1100,1090,1100,1.2447,4255.9358,182.9526,111,709.3226333333333,30.492099999999997,4072.9832
111,18:30,1110,1100,1110,1.2545,4225.9524,108.3414,112,704.3254000000001,18.0569,4117.611
112,18:40,1120,1110,1120,1.2522,4233.3384,54.3121,113,705.5563999999999,9.052016666666667,4179.0262999999995
113,18:50,1130,1120,1130,1.2881,4246.4625,18.6569,114,707.74375,3.1094833333333334,4227.8056
114,19:00,1140,1130,1140,1.3466,4239.1795,0.2753,115,706.5299166666667,0.04588333333333333,4238.9042
115,19:10,1150,1140,1150,1.3523,4244.6684,0.2296,116,707.4447333333333,0.038266666666666664,4244.4388
116,19:20,1160,1150,1160,1.3445,4251.9187,0.6007,117,708.6531166666667,0.10011666666666667,4251.318
117,19:30,1170,1160,1170,1.3483,4256.6813,0.0,118,709.4468833333334,0.0,4256.6813
118,19:40,1180,1170,1180,1.349,4267.3947,0.0,119,711.23245,0.0,4267.3947
119,19:50,1190,1180,1190,1.3473,4269.975,0.0,120,711.6625,0.0,4269.975
120,20:00,1200,1190,1200,1.3482,4268.6702,0.0,121,711.4450333333333,0.0,4268.6702
121,20:10,1210,1200,1210,1.3513,4282.2245,0.0,122,713.7040833333334,0.0,4282.2245
122,20:20,1220,1210,1220,1.34,4291.7049,0.0,123,715.28415,0.0,4291.7049
123,20:30,1230,1220,1230,1.3489,4291.3611,0.0,124,715.22685,0.0,4291.3611
124,20:40,1240,1230,1240,1.3952,4293.9182,0.0,125,715.6530333333334,0.0,4293.9182
125,20:50,1250,1240,1250,1.2226,4295.2135,0.0,126,715.8689166666667,0.0,4295.2135
126,21:00,1260,1250,1260,0.9332,4302.0307,0.0,127,717.0051166666667,0.0,4302.0307
127,21:10,1270,1260,1270,0.9068,4320.9618,0.0,128,720.1603,0.0,4320.9618
128,21:20,1280,1270,1280,0.9371,4302.3292,0.0,129,717.0548666666667,0.0,4302.3292
129,21:30,1290,1280,1290,0.9371,4322.6758,0.0,130,720.4459666666667,0.0,4322.6758
130,21:40,1300,1290,1300,0.9871,4428.8083,0.0,131,738.1347166666666,0.0,4428.8083
131,21:50,1310,1300,1310,0.7764,4030.1614,0.0,132,671.6935666666667,0.0,4030.1614
132,22:00,1320,1310,1320,0.4209,3362.7419,0.0,133,560.4569833333334,0.0,3362.7419
133,22:10,1330,1320,1330,0.3859,3309.3934,0.0,134,551.5655666666667,0.0,3309.3934
134,22:20,1340,1330,1340,0.4368,3412.9563,0.0,135,568.82605,0.0,3412.9563
135,22:30,1350,1340,1350,0.4198,3381.9313,0.0,136,563.6552166666667,0.0,3381.9313
136,22:40,1360,1350,1360,0.4186,3386.5592,0.0,137,564.4265333333334,0.0,3386.5592
137,22:50,1370,1360,1370,0.4241,3400.4846,0.0,138,566.7474333333333,0.0,3400.4846
138,23:00,1380,1370,1380,0.4237,3399.2426,0.0,139,566.5404333333333,0.0,3399.2426
139,23:10,1390,1380,1390,0.4248,3406.9809,0.0,140,567.83015,0.0,3406.9809
140,23:20,1400,1390,1400,0.424,3416.1518,0.0,141,569.3586333333334,0.0,3416.1518
141,23:30,1410,1400,1410,0.422,3421.9811,0.0,142,570.3301833333334,0.0,3421.9811
142,23:40,1420,1410,1420,0.424,3429.6923,0.0,143,571.6153833333334,0.0,3429.6923
143,23:50,1430,1420,1430,0.4271,3439.061,0.0,144,573.1768333333333,0.0,3439.061
144,0:00+1,1440,1430,1440,0.4276,3444.7259,0.0,145,574.1209833333334,0.0,3444.7259
