date,solver,history_first_date,history_last_date,history_days,objective_surrogate_yuan,planning_constraint_residual,initial_actual_kwh,terminal_actual_kwh
2025-01-01,cold-start,,,0,0.0,0.0,6000.0,6000.0
2025-01-02,empirical quantile,2025-01-01,2025-01-01,1,73322.71323137166,0.0,6000.0,6000.0
2025-01-03,empirical quantile,2025-01-01,2025-01-02,2,75229.14400296334,0.0,6000.0,6000.0
2025-01-04,empirical quantile,2025-01-01,2025-01-03,3,75229.14400296334,0.0,6000.0,6000.0
2025-01-05,empirical quantile,2025-01-01,2025-01-04,4,75229.14400296334,0.0,6000.0,6000.0
2025-01-06,empirical quantile,2025-01-01,2025-01-05,5,75689.93508505667,0.0,6000.0,6000.0
2025-01-07,empirical quantile,2025-01-01,2025-01-06,6,75792.54864572056,0.0,6000.0,6000.0
2025-01-08,empirical quantile,2025-01-01,2025-01-07,7,76182.32687778263,0.0,6000.0,6000.0
2025-01-09,empirical quantile,2025-01-01,2025-01-08,8,76244.48179332625,0.0,6000.0,6000.0
2025-01-10,empirical quantile,2025-01-01,2025-01-09,9,76331.71761364723,0.0,6000.0,6000.0
2025-01-11,empirical quantile,2025-01-01,2025-01-10,10,76241.05433572501,0.0,6000.0,6000.0
2025-01-12,empirical quantile,2025-01-01,2025-01-11,11,76064.76137898363,0.0,6000.0,6000.0
2025-01-13,empirical quantile,2025-01-01,2025-01-12,12,76016.82366860125,0.0,6000.0,6000.0
2025-01-14,empirical quantile,2025-01-01,2025-01-13,13,75976.48816570679,0.0,6000.0,6000.0
2025-01-15,empirical quantile,2025-01-01,2025-01-14,14,75957.28074143297,0.0,6000.0,6000.0
2025-01-16,empirical quantile,2025-01-01,2025-01-15,15,76000.46630491778,0.0,6000.0,6000.0
2025-01-17,empirical quantile,2025-01-01,2025-01-16,16,76029.99929266905,0.0,6000.0,6000.0
2025-01-18,empirical quantile,2025-01-01,2025-01-17,17,75928.75493450793,0.0,6000.0,6000.0
2025-01-19,empirical quantile,2025-01-01,2025-01-18,18,75841.8570800314,0.0,6000.0,6000.0
2025-01-20,empirical quantile,2025-01-01,2025-01-19,19,75820.7532888693,0.0,6000.0,6000.0
2025-01-21,empirical quantile,2025-01-01,2025-01-20,20,75799.88037529458,0.0,6000.0,6000.0
2025-01-22,empirical quantile,2025-01-01,2025-01-21,21,75743.53753209396,0.0,6000.0,6000.0
2025-01-23,empirical quantile,2025-01-01,2025-01-22,22,75732.63873695153,0.0,6000.0,6000.0
2025-01-24,empirical quantile,2025-01-01,2025-01-23,23,75697.41967649799,0.0,6000.0,6000.0
2025-01-25,empirical quantile,2025-01-01,2025-01-24,24,75629.09401351259,0.0,6000.0,6000.0
2025-01-26,empirical quantile,2025-01-01,2025-01-25,25,75566.234403566,0.0,6000.0,6000.0
2025-01-27,empirical quantile,2025-01-01,2025-01-26,26,75518.09950851448,0.0,6000.0,6000.0
2025-01-28,empirical quantile,2025-01-01,2025-01-27,27,75467.09511920549,0.0,6000.0,6000.0
2025-01-29,empirical quantile,2025-01-01,2025-01-28,28,75430.22210312124,0.0,6000.0,6000.0
2025-01-30,empirical quantile,2025-01-02,2025-01-29,28,75249.07261308,0.0,6000.0,6000.0
2025-01-31,empirical quantile,2025-01-03,2025-01-30,28,74970.59177395738,0.0,6000.0,6000.0
2025-02-01,empirical quantile,2025-01-04,2025-01-31,28,74970.59177395738,0.0,6000.0,6000.0
2025-02-02,empirical quantile,2025-01-05,2025-02-01,28,74970.59177395738,0.0,6000.0,6000.0
2025-02-03,empirical quantile,2025-01-06,2025-02-02,28,74775.06603373935,0.0,6000.0,6000.0
2025-02-04,empirical quantile,2025-01-07,2025-02-03,28,74549.64918745935,0.0,6000.0,6000.0
2025-02-05,empirical quantile,2025-01-08,2025-02-04,28,74117.17377264648,0.0,6000.0,6000.0
2025-02-06,empirical quantile,2025-01-09,2025-02-05,28,73881.37078207528,0.0,6000.0,6000.0
2025-02-07,empirical quantile,2025-01-10,2025-02-06,28,73522.6693451059,0.0,6000.0,6000.0
2025-02-08,empirical quantile,2025-01-11,2025-02-07,28,73522.6693451059,0.0,6000.0,6000.0
2025-02-09,empirical quantile,2025-01-12,2025-02-08,28,73522.02204015352,0.0,6000.0,6000.0
2025-02-10,empirical quantile,2025-01-13,2025-02-09,28,73182.41291264031,0.0,6000.0,6000.0
2025-02-11,empirical quantile,2025-01-14,2025-02-10,28,73026.05480082458,0.0,6000.0,6000.0
2025-02-12,empirical quantile,2025-01-15,2025-02-11,28,72746.54000671662,0.0,6000.0,6000.0
2025-02-13,empirical quantile,2025-01-16,2025-02-12,28,72258.82115592703,0.0,6000.0,6000.0
2025-02-14,empirical quantile,2025-01-17,2025-02-13,28,71778.44127769722,0.0,6000.0,6000.0
2025-02-15,empirical quantile,2025-01-18,2025-02-14,28,71778.44127769722,0.0,6000.0,6000.0
2025-02-16,empirical quantile,2025-01-19,2025-02-15,28,71775.26107905435,0.0,6000.0,6000.0
2025-02-17,empirical quantile,2025-01-20,2025-02-16,28,71272.73542495364,0.0,6000.0,6000.0
2025-02-18,empirical quantile,2025-01-21,2025-02-17,28,70774.08487322042,0.0,6000.0,6000.0
2025-02-19,empirical quantile,2025-01-22,2025-02-18,28,70531.71496221863,0.0,6000.0,6000.0
2025-02-20,empirical quantile,2025-01-23,2025-02-19,28,69799.73518571077,0.0,6000.0,6000.0
2025-02-21,empirical quantile,2025-01-24,2025-02-20,28,68845.93549098601,0.0,6000.0,6000.0
2025-02-22,empirical quantile,2025-01-25,2025-02-21,28,68845.93549098601,0.0,6000.0,6000.0
2025-02-23,empirical quantile,2025-01-26,2025-02-22,28,68845.93549098601,0.0,6000.0,6000.0
2025-02-24,empirical quantile,2025-01-27,2025-02-23,28,68063.55478032715,0.0,6000.0,6000.0
2025-02-25,empirical quantile,2025-01-28,2025-02-24,28,67625.59433468827,0.0,6000.0,6000.0
2025-02-26,empirical quantile,2025-01-29,2025-02-25,28,66745.73349643828,0.0,6000.0,6000.0
2025-02-27,empirical quantile,2025-01-30,2025-02-26,28,66427.13851371619,0.0,6000.0,6000.0
2025-02-28,empirical quantile,2025-01-31,2025-02-27,28,65684.25737139226,0.0,6000.0,6000.0
2025-03-01,empirical quantile,2025-02-01,2025-02-28,28,65684.25737139226,0.0,6000.0,6000.0
2025-03-02,empirical quantile,2025-02-02,2025-03-01,28,65683.7126649875,0.0,6000.0,6000.0
2025-03-03,empirical quantile,2025-02-03,2025-03-02,28,65645.50266866203,0.0,6000.0,6000.0
2025-03-04,empirical quantile,2025-02-04,2025-03-03,28,65270.56562131523,0.0,6000.0,6000.0
2025-03-05,empirical quantile,2025-02-05,2025-03-04,28,64506.11076219458,0.0,6000.0,6000.0
2025-03-06,empirical quantile,2025-02-06,2025-03-05,28,63835.97871372958,0.0,6000.0,6000.0
2025-03-07,empirical quantile,2025-02-07,2025-03-06,28,63121.01553679994,0.0,6000.0,6000.0
2025-03-08,empirical quantile,2025-02-08,2025-03-07,28,63121.01553679994,0.0,6000.0,6000.0
2025-03-09,empirical quantile,2025-02-09,2025-03-08,28,63121.01553679994,0.0,6000.0,6000.0
2025-03-10,empirical quantile,2025-02-10,2025-03-09,28,62429.612479044576,0.0,6000.0,6000.0
2025-03-11,empirical quantile,2025-02-11,2025-03-10,28,62213.475610331014,0.0,6000.0,6000.0
2025-03-12,empirical quantile,2025-02-12,2025-03-11,28,61829.30552653672,0.0,6000.0,6000.0
2025-03-13,empirical quantile,2025-02-13,2025-03-12,28,61325.64919880126,0.0,6000.0,6000.0
2025-03-14,empirical quantile,2025-02-14,2025-03-13,28,61279.45191313529,0.0,6000.0,6000.0
2025-03-15,empirical quantile,2025-02-15,2025-03-14,28,61279.45191313529,0.0,6000.0,6000.0
2025-03-16,empirical quantile,2025-02-16,2025-03-15,28,61279.89076308767,0.0,6000.0,6000.0
2025-03-17,empirical quantile,2025-02-17,2025-03-16,28,60770.36317427256,0.0,6000.0,6000.0
2025-03-18,empirical quantile,2025-02-18,2025-03-17,28,60633.07264499042,0.0,6000.0,6000.0
2025-03-19,empirical quantile,2025-02-19,2025-03-18,28,60392.98802384059,0.0,6000.0,6000.0
2025-03-20,empirical quantile,2025-02-20,2025-03-19,28,59903.63082486017,0.0,6000.0,6000.0
2025-03-21,empirical quantile,2025-02-21,2025-03-20,28,59523.587286910064,0.0,6000.0,6000.0
2025-03-22,empirical quantile,2025-02-22,2025-03-21,28,59523.587286910064,0.0,6000.0,6000.0
2025-03-23,empirical quantile,2025-02-23,2025-03-22,28,59523.404666076734,0.0,6000.0,6000.0
2025-03-24,empirical quantile,2025-02-24,2025-03-23,28,59135.321102229645,0.0,6000.0,6000.0
2025-03-25,empirical quantile,2025-02-25,2025-03-24,28,58901.72021521393,0.0,6000.0,6000.0
2025-03-26,empirical quantile,2025-02-26,2025-03-25,28,58717.58252910893,0.0,6000.0,6000.0
2025-03-27,empirical quantile,2025-02-27,2025-03-26,28,58422.86253447821,0.0,6000.0,6000.0
2025-03-28,empirical quantile,2025-02-28,2025-03-27,28,58005.85187367006,0.0,6000.0,6000.0
2025-03-29,empirical quantile,2025-03-01,2025-03-28,28,58005.85187367006,0.0,6000.0,6000.0
2025-03-30,empirical quantile,2025-03-02,2025-03-29,28,58005.85187367006,0.0,6000.0,6000.0
2025-03-31,empirical quantile,2025-03-03,2025-03-30,28,57346.507629145475,0.0,6000.0,6000.0
2025-04-01,empirical quantile,2025-03-04,2025-03-31,28,56481.9042252409,0.0,6000.0,6000.0
2025-04-02,empirical quantile,2025-03-05,2025-04-01,28,55985.093499063514,0.0,6000.0,6000.0
2025-04-03,empirical quantile,2025-03-06,2025-04-02,28,55815.48214724286,0.0,6000.0,6000.0
2025-04-04,empirical quantile,2025-03-07,2025-04-03,28,55499.56906223071,0.0,6000.0,6000.0
2025-04-05,empirical quantile,2025-03-08,2025-04-04,28,55499.56906223071,0.0,6000.0,6000.0
2025-04-06,empirical quantile,2025-03-09,2025-04-05,28,55499.56906223071,0.0,6000.0,6000.0
2025-04-07,empirical quantile,2025-03-10,2025-04-06,28,55320.33661315578,0.0,6000.0,6000.0
2025-04-08,empirical quantile,2025-03-11,2025-04-07,28,54928.432796887915,0.0,6000.0,6000.0
2025-04-09,empirical quantile,2025-03-12,2025-04-08,28,54617.29288567768,0.0,6000.0,6000.0
2025-04-10,empirical quantile,2025-03-13,2025-04-09,28,54393.92263882059,0.0,6000.0,6000.0
2025-04-11,empirical quantile,2025-03-14,2025-04-10,28,53986.848398405295,0.0,6000.0,6000.0
2025-04-12,empirical quantile,2025-03-15,2025-04-11,28,53986.848398405295,0.0,6000.0,6000.0
2025-04-13,empirical quantile,2025-03-16,2025-04-12,28,53986.848398405295,0.0,6000.0,6000.0
2025-04-14,empirical quantile,2025-03-17,2025-04-13,28,53655.218746126484,0.0,6000.0,6000.0
2025-04-15,empirical quantile,2025-03-18,2025-04-14,28,53546.905357706186,0.0,6000.0,6000.0
2025-04-16,empirical quantile,2025-03-19,2025-04-15,28,53282.2280936684,0.0,6000.0,6000.0
2025-04-17,empirical quantile,2025-03-20,2025-04-16,28,53064.30191405887,0.0,6000.0,6000.0
2025-04-18,empirical quantile,2025-03-21,2025-04-17,28,52721.63651682001,0.0,6000.0,6000.0
2025-04-19,empirical quantile,2025-03-22,2025-04-18,28,52721.63651682001,0.0,6000.0,6000.0
2025-04-20,empirical quantile,2025-03-23,2025-04-19,28,52721.16462967714,0.0,6000.0,6000.0
2025-04-21,empirical quantile,2025-03-24,2025-04-20,28,52511.15888605196,0.0,6000.0,6000.0
2025-04-22,empirical quantile,2025-03-25,2025-04-21,28,52280.69151587887,0.0,6000.0,6000.0
2025-04-23,empirical quantile,2025-03-26,2025-04-22,28,51933.95635814578,0.0,6000.0,6000.0
2025-04-24,empirical quantile,2025-03-27,2025-04-23,28,51784.08597733138,0.0,6000.0,6000.0
2025-04-25,empirical quantile,2025-03-28,2025-04-24,28,51525.63053022238,0.0,6000.0,6000.0
2025-04-26,empirical quantile,2025-03-29,2025-04-25,28,51525.63053022238,0.0,6000.0,6000.0
2025-04-27,empirical quantile,2025-03-30,2025-04-26,28,51525.63053022238,0.0,6000.0,6000.0
2025-04-28,empirical quantile,2025-03-31,2025-04-27,28,51386.3536820597,0.0,6000.0,6000.0
2025-04-29,empirical quantile,2025-04-01,2025-04-28,28,51290.26458011678,0.0,6000.0,6000.0
2025-04-30,empirical quantile,2025-04-02,2025-04-29,28,51075.927971895064,0.0,6000.0,6000.0
2025-05-01,empirical quantile,2025-04-03,2025-04-30,28,50627.14343275768,0.0,6000.0,6000.0
2025-05-02,empirical quantile,2025-04-04,2025-05-01,28,50674.10719493119,0.0,6000.0,6000.0
2025-05-03,empirical quantile,2025-04-05,2025-05-02,28,50674.10719493119,0.0,6000.0,6000.0
2025-05-04,empirical quantile,2025-04-06,2025-05-03,28,50675.120428764516,0.0,6000.0,6000.0
2025-05-05,empirical quantile,2025-04-07,2025-05-04,28,50818.25162119679,0.0,6000.0,6000.0
2025-05-06,empirical quantile,2025-04-08,2025-05-05,28,51114.42385238464,0.0,6000.0,6000.0
2025-05-07,empirical quantile,2025-04-09,2025-05-06,28,51135.473919070006,0.0,6000.0,6000.0
2025-05-08,empirical quantile,2025-04-10,2025-05-07,28,51152.26741502458,0.0,6000.0,6000.0
2025-05-09,empirical quantile,2025-04-11,2025-05-08,28,51180.54112310137,0.0,6000.0,6000.0
2025-05-10,empirical quantile,2025-04-12,2025-05-09,28,51180.54112310137,0.0,6000.0,6000.0
2025-05-11,empirical quantile,2025-04-13,2025-05-10,28,51180.54112310137,0.0,6000.0,6000.0
2025-05-12,empirical quantile,2025-04-14,2025-05-11,28,51208.24741304012,0.0,6000.0,6000.0
2025-05-13,empirical quantile,2025-04-15,2025-05-12,28,51216.58991997084,0.0,6000.0,6000.0
2025-05-14,empirical quantile,2025-04-16,2025-05-13,28,51226.3023618147,0.0,6000.0,6000.0
2025-05-15,empirical quantile,2025-04-17,2025-05-14,28,51179.80433253857,0.0,6000.0,6000.0
2025-05-16,empirical quantile,2025-04-18,2025-05-15,28,51176.475524923575,0.0,6000.0,6000.0
2025-05-17,empirical quantile,2025-04-19,2025-05-16,28,51176.475524923575,0.0,6000.0,6000.0
2025-05-18,empirical quantile,2025-04-20,2025-05-17,28,51176.48659670929,0.0,6000.0,6000.0
2025-05-19,empirical quantile,2025-04-21,2025-05-18,28,51091.831182835296,0.0,6000.0,6000.0
2025-05-20,empirical quantile,2025-04-22,2025-05-19,28,51104.33650188321,0.0,6000.0,6000.0
2025-05-21,empirical quantile,2025-04-23,2025-05-20,28,51111.88655184464,0.0,6000.0,6000.0
2025-05-22,empirical quantile,2025-04-24,2025-05-21,28,51176.86776369405,0.0,6000.0,6000.0
2025-05-23,empirical quantile,2025-04-25,2025-05-22,28,51157.01548016625,0.0,6000.0,6000.0
2025-05-24,empirical quantile,2025-04-26,2025-05-23,28,51157.01548016625,0.0,6000.0,6000.0
2025-05-25,empirical quantile,2025-04-27,2025-05-24,28,51157.01548016625,0.0,6000.0,6000.0
2025-05-26,empirical quantile,2025-04-28,2025-05-25,28,51103.36296107673,0.0,6000.0,6000.0
2025-05-27,empirical quantile,2025-04-29,2025-05-26,28,50927.93883480619,0.0,6000.0,6000.0
2025-05-28,empirical quantile,2025-04-30,2025-05-27,28,50904.91845814416,0.0,6000.0,6000.0
2025-05-29,empirical quantile,2025-05-01,2025-05-28,28,50921.037778772494,0.0,6000.0,6000.0
2025-05-30,empirical quantile,2025-05-02,2025-05-29,28,50789.95876831375,0.0,6000.0,6000.0
2025-05-31,empirical quantile,2025-05-03,2025-05-30,28,50789.95876831375,0.0,6000.0,6000.0
2025-06-01,empirical quantile,2025-05-04,2025-05-31,28,50796.95226812328,0.0,6000.0,6000.0
2025-06-02,empirical quantile,2025-05-05,2025-06-01,28,52179.16186039172,0.0,6000.0,6000.0
2025-06-03,empirical quantile,2025-05-06,2025-06-02,28,53390.74386669649,0.0,6000.0,6000.0
2025-06-04,empirical quantile,2025-05-07,2025-06-03,28,54464.776746315474,0.0,6000.0,6000.0
2025-06-05,empirical quantile,2025-05-08,2025-06-04,28,55366.604082537204,0.0,6000.0,6000.0
2025-06-06,empirical quantile,2025-05-09,2025-06-05,28,56558.30857198023,0.0,6000.0,6000.0
2025-06-07,empirical quantile,2025-05-10,2025-06-06,28,56558.30857198023,0.0,6000.0,6000.0
2025-06-08,empirical quantile,2025-05-11,2025-06-07,28,56562.68319995643,0.0,6000.0,6000.0
2025-06-09,empirical quantile,2025-05-12,2025-06-08,28,57126.695713347086,0.0,6000.0,6000.0
2025-06-10,empirical quantile,2025-05-13,2025-06-09,28,57965.24760857274,0.0,6000.0,6000.0
2025-06-11,empirical quantile,2025-05-14,2025-06-10,28,58650.64947034452,0.0,6000.0,6000.0
2025-06-12,empirical quantile,2025-05-15,2025-06-11,28,59844.585105728926,0.0,6000.0,6000.0
2025-06-13,empirical quantile,2025-05-16,2025-06-12,28,60415.101813258094,0.0,6000.0,6000.0
2025-06-14,empirical quantile,2025-05-17,2025-06-13,28,60415.101813258094,0.0,6000.0,6000.0
2025-06-15,empirical quantile,2025-05-18,2025-06-14,28,60415.101813258094,0.0,6000.0,6000.0
2025-06-16,empirical quantile,2025-05-19,2025-06-15,28,60730.22041177761,0.0,6000.0,6000.0
2025-06-17,empirical quantile,2025-05-20,2025-06-16,28,61142.49000277839,0.0,6000.0,6000.0
2025-06-18,empirical quantile,2025-05-21,2025-06-17,28,61684.18284259726,0.0,6000.0,6000.0
2025-06-19,empirical quantile,2025-05-22,2025-06-18,28,61820.40030922869,0.0,6000.0,6000.0
2025-06-20,empirical quantile,2025-05-23,2025-06-19,28,61964.08294414386,0.0,6000.0,6000.0
2025-06-21,empirical quantile,2025-05-24,2025-06-20,28,61964.08294414386,0.0,6000.0,6000.0
2025-06-22,empirical quantile,2025-05-25,2025-06-21,28,61964.08294414386,0.0,6000.0,6000.0
2025-06-23,empirical quantile,2025-05-26,2025-06-22,28,62078.16607366964,0.0,6000.0,6000.0
2025-06-24,empirical quantile,2025-05-27,2025-06-23,28,62161.756350157026,0.0,6000.0,6000.0
2025-06-25,empirical quantile,2025-05-28,2025-06-24,28,62752.88973514292,0.0,6000.0,6000.0
2025-06-26,empirical quantile,2025-05-29,2025-06-25,28,62928.16569258518,0.0,6000.0,6000.0
2025-06-27,empirical quantile,2025-05-30,2025-06-26,28,63013.25297783631,0.0,6000.0,6000.0
2025-06-28,empirical quantile,2025-05-31,2025-06-27,28,63013.25297783631,0.0,6000.0,6000.0
2025-06-29,empirical quantile,2025-06-01,2025-06-28,28,63013.132180836306,0.0,6000.0,6000.0
2025-06-30,empirical quantile,2025-06-02,2025-06-29,28,62890.751762346015,0.0,6000.0,6000.0
2025-07-01,empirical quantile,2025-06-03,2025-06-30,28,62914.78053173238,0.0,6000.0,6000.0
2025-07-02,empirical quantile,2025-06-04,2025-07-01,28,63674.14182072065,0.0,6000.0,6000.0
2025-07-03,empirical quantile,2025-06-05,2025-07-02,28,64372.029433000476,0.0,6000.0,6000.0
2025-07-04,empirical quantile,2025-06-06,2025-07-03,28,65176.82230503345,0.0,6000.0,6000.0
2025-07-05,empirical quantile,2025-06-07,2025-07-04,28,65176.82230503345,0.0,6000.0,6000.0
2025-07-06,empirical quantile,2025-06-08,2025-07-05,28,65182.26270055727,0.0,6000.0,6000.0
2025-07-07,empirical quantile,2025-06-09,2025-07-06,28,66100.48170388989,0.0,6000.0,6000.0
2025-07-08,empirical quantile,2025-06-10,2025-07-07,28,66593.99174342149,0.0,6000.0,6000.0
2025-07-09,empirical quantile,2025-06-11,2025-07-08,28,67188.23907603166,0.0,6000.0,6000.0
2025-07-10,empirical quantile,2025-06-12,2025-07-09,28,67031.69208839488,0.0,6000.0,6000.0
2025-07-11,empirical quantile,2025-06-13,2025-07-10,28,67119.053863516,0.0,6000.0,6000.0
2025-07-12,empirical quantile,2025-06-14,2025-07-11,28,67119.053863516,0.0,6000.0,6000.0
2025-07-13,empirical quantile,2025-06-15,2025-07-12,28,67119.053863516,0.0,6000.0,6000.0
2025-07-14,empirical quantile,2025-06-16,2025-07-13,28,67178.87806770077,0.0,6000.0,6000.0
2025-07-15,empirical quantile,2025-06-17,2025-07-14,28,67210.8421978181,0.0,6000.0,6000.0
2025-07-16,empirical quantile,2025-06-18,2025-07-15,28,66912.64510710024,0.0,6000.0,6000.0
2025-07-17,empirical quantile,2025-06-19,2025-07-16,28,66974.48398522036,0.0,6000.0,6000.0
2025-07-18,empirical quantile,2025-06-20,2025-07-17,28,67060.34593020882,0.0,6000.0,6000.0
2025-07-19,empirical quantile,2025-06-21,2025-07-18,28,67060.34593020882,0.0,6000.0,6000.0
2025-07-20,empirical quantile,2025-06-22,2025-07-19,28,67062.54570313738,0.0,6000.0,6000.0
2025-07-21,empirical quantile,2025-06-23,2025-07-20,28,66949.52781794393,0.0,6000.0,6000.0
2025-07-22,empirical quantile,2025-06-24,2025-07-21,28,66890.40018696708,0.0,6000.0,6000.0
2025-07-23,empirical quantile,2025-06-25,2025-07-22,28,66283.45656910863,0.0,6000.0,6000.0
2025-07-24,empirical quantile,2025-06-26,2025-07-23,28,66138.11582554708,0.0,6000.0,6000.0
2025-07-25,empirical quantile,2025-06-27,2025-07-24,28,66130.59018624255,0.0,6000.0,6000.0
2025-07-26,empirical quantile,2025-06-28,2025-07-25,28,66130.59018624255,0.0,6000.0,6000.0
2025-07-27,empirical quantile,2025-06-29,2025-07-26,28,66130.59018624255,0.0,6000.0,6000.0
2025-07-28,empirical quantile,2025-06-30,2025-07-27,28,66115.58771778339,0.0,6000.0,6000.0
2025-07-29,empirical quantile,2025-07-01,2025-07-28,28,66112.04567389941,0.0,6000.0,6000.0
2025-07-30,empirical quantile,2025-07-02,2025-07-29,28,65962.13790701792,0.0,6000.0,6000.0
2025-07-31,empirical quantile,2025-07-03,2025-07-30,28,66027.83487819963,0.0,6000.0,6000.0
2025-08-01,empirical quantile,2025-07-04,2025-07-31,28,65721.60025335,0.0,6000.0,6000.0
2025-08-02,empirical quantile,2025-07-05,2025-08-01,28,65721.60025335,0.0,6000.0,6000.0
2025-08-03,empirical quantile,2025-07-06,2025-08-02,28,65723.99033373095,0.0,6000.0,6000.0
2025-08-04,empirical quantile,2025-07-07,2025-08-03,28,65264.75750551244,0.0,6000.0,6000.0
2025-08-05,empirical quantile,2025-07-08,2025-08-04,28,65201.29379225041,0.0,6000.0,6000.0
2025-08-06,empirical quantile,2025-07-09,2025-08-05,28,64894.09231986035,0.0,6000.0,6000.0
2025-08-07,empirical quantile,2025-07-10,2025-08-06,28,64878.98993485434,0.0,6000.0,6000.0
2025-08-08,empirical quantile,2025-07-11,2025-08-07,28,64729.0165963306,0.0,6000.0,6000.0
2025-08-09,empirical quantile,2025-07-12,2025-08-08,28,64729.0165963306,0.0,6000.0,6000.0
2025-08-10,empirical quantile,2025-07-13,2025-08-09,28,64729.0165963306,0.0,6000.0,6000.0
2025-08-11,empirical quantile,2025-07-14,2025-08-10,28,64634.58951973226,0.0,6000.0,6000.0
2025-08-12,empirical quantile,2025-07-15,2025-08-11,28,64553.447751275955,0.0,6000.0,6000.0
2025-08-13,empirical quantile,2025-07-16,2025-08-12,28,64491.30238893476,0.0,6000.0,6000.0
2025-08-14,empirical quantile,2025-07-17,2025-08-13,28,64371.396447711726,0.0,6000.0,6000.0
2025-08-15,empirical quantile,2025-07-18,2025-08-14,28,64221.73015205065,0.0,6000.0,6000.0
2025-08-16,empirical quantile,2025-07-19,2025-08-15,28,64221.73015205065,0.0,6000.0,6000.0
2025-08-17,empirical quantile,2025-07-20,2025-08-16,28,64219.659422693505,0.0,6000.0,6000.0
2025-08-18,empirical quantile,2025-07-21,2025-08-17,28,64208.096145934884,0.0,6000.0,6000.0
2025-08-19,empirical quantile,2025-07-22,2025-08-18,28,64098.46397277292,0.0,6000.0,6000.0
2025-08-20,empirical quantile,2025-07-23,2025-08-19,28,63968.425448635244,0.0,6000.0,6000.0
2025-08-21,empirical quantile,2025-07-24,2025-08-20,28,63968.77800002542,0.0,6000.0,6000.0
2025-08-22,empirical quantile,2025-07-25,2025-08-21,28,63696.869856610654,0.0,6000.0,6000.0
2025-08-23,empirical quantile,2025-07-26,2025-08-22,28,63696.869856610654,0.0,6000.0,6000.0
2025-08-24,empirical quantile,2025-07-27,2025-08-23,28,63696.869856610654,0.0,6000.0,6000.0
2025-08-25,empirical quantile,2025-07-28,2025-08-24,28,63423.317143364584,0.0,6000.0,6000.0
2025-08-26,empirical quantile,2025-07-29,2025-08-25,28,63104.55156563642,0.0,6000.0,6000.0
2025-08-27,empirical quantile,2025-07-30,2025-08-26,28,62763.294713526004,0.0,6000.0,6000.0
2025-08-28,empirical quantile,2025-07-31,2025-08-27,28,62556.28401240774,0.0,6000.0,6000.0
2025-08-29,empirical quantile,2025-08-01,2025-08-28,28,62276.00332096672,0.0,6000.0,6000.0
2025-08-30,empirical quantile,2025-08-02,2025-08-29,28,62276.00332096672,0.0,6000.0,6000.0
2025-08-31,empirical quantile,2025-08-03,2025-08-30,28,62272.258563061965,0.0,6000.0,6000.0
2025-09-01,empirical quantile,2025-08-04,2025-08-31,28,62314.71369620053,0.0,6000.0,6000.0
2025-09-02,empirical quantile,2025-08-05,2025-09-01,28,62260.7819714369,0.0,6000.0,6000.0
2025-09-03,empirical quantile,2025-08-06,2025-09-02,28,62202.72274335863,0.0,6000.0,6000.0
2025-09-04,empirical quantile,2025-08-07,2025-09-03,28,61924.76274713226,0.0,6000.0,6000.0
2025-09-05,empirical quantile,2025-08-08,2025-09-04,28,61851.12999174244,0.0,6000.0,6000.0
2025-09-06,empirical quantile,2025-08-09,2025-09-05,28,61851.12999174244,0.0,6000.0,6000.0
2025-09-07,empirical quantile,2025-08-10,2025-09-06,28,61850.516411194825,0.0,6000.0,6000.0
2025-09-08,empirical quantile,2025-08-11,2025-09-07,28,61805.095498927316,0.0,6000.0,6000.0
2025-09-09,empirical quantile,2025-08-12,2025-09-08,28,61745.85387136548,0.0,6000.0,6000.0
2025-09-10,empirical quantile,2025-08-13,2025-09-09,28,61566.29425105965,0.0,6000.0,6000.0
2025-09-11,empirical quantile,2025-08-14,2025-09-10,28,61694.70947745619,0.0,6000.0,6000.0
2025-09-12,empirical quantile,2025-08-15,2025-09-11,28,61531.61865610679,0.0,6000.0,6000.0
2025-09-13,empirical quantile,2025-08-16,2025-09-12,28,61531.61865610679,0.0,6000.0,6000.0
2025-09-14,empirical quantile,2025-08-17,2025-09-13,28,61531.61865610679,0.0,6000.0,6000.0
2025-09-15,empirical quantile,2025-08-18,2025-09-14,28,61470.05341810203,0.0,6000.0,6000.0
2025-09-16,empirical quantile,2025-08-19,2025-09-15,28,61404.20182942756,0.0,6000.0,6000.0
2025-09-17,empirical quantile,2025-08-20,2025-09-16,28,61219.337174062384,0.0,6000.0,6000.0
2025-09-18,empirical quantile,2025-08-21,2025-09-17,28,60965.68008365922,0.0,6000.0,6000.0
2025-09-19,empirical quantile,2025-08-22,2025-09-18,28,60732.044083127024,0.0,6000.0,6000.0
2025-09-20,empirical quantile,2025-08-23,2025-09-19,28,60732.044083127024,0.0,6000.0,6000.0
2025-09-21,empirical quantile,2025-08-24,2025-09-20,28,60728.313425841305,0.0,6000.0,6000.0
2025-09-22,empirical quantile,2025-08-25,2025-09-21,28,60156.6529798647,0.0,6000.0,6000.0
2025-09-23,empirical quantile,2025-08-26,2025-09-22,28,59312.34546865428,0.0,6000.0,6000.0
2025-09-24,empirical quantile,2025-08-27,2025-09-23,28,58741.454050393564,0.0,6000.0,6000.0
2025-09-25,empirical quantile,2025-08-28,2025-09-24,28,57932.67068470143,0.0,6000.0,6000.0
2025-09-26,empirical quantile,2025-08-29,2025-09-25,28,57079.503302861434,0.0,6000.0,6000.0
2025-09-27,empirical quantile,2025-08-30,2025-09-26,28,57079.503302861434,0.0,6000.0,6000.0
2025-09-28,empirical quantile,2025-08-31,2025-09-27,28,57066.69569871821,0.0,6000.0,6000.0
2025-09-29,empirical quantile,2025-09-01,2025-09-28,28,56410.795038864824,0.0,6000.0,6000.0
2025-09-30,empirical quantile,2025-09-02,2025-09-29,28,56613.94235559451,0.0,6000.0,6000.0
2025-10-01,empirical quantile,2025-09-03,2025-09-30,28,57043.122468711255,0.0,6000.0,6000.0
2025-10-02,empirical quantile,2025-09-04,2025-10-01,28,56967.65821468393,0.0,6000.0,6000.0
2025-10-03,empirical quantile,2025-09-05,2025-10-02,28,56922.622829967084,0.0,6000.0,6000.0
2025-10-04,empirical quantile,2025-09-06,2025-10-03,28,56922.62282996708,0.0,6000.0,6000.0
2025-10-05,empirical quantile,2025-09-07,2025-10-04,28,56922.62282996708,0.0,6000.0,6000.0
2025-10-06,empirical quantile,2025-09-08,2025-10-05,28,56930.59382989309,0.0,6000.0,6000.0
2025-10-07,empirical quantile,2025-09-09,2025-10-06,28,56860.902506685656,0.0,6000.0,6000.0
2025-10-08,empirical quantile,2025-09-10,2025-10-07,28,56892.08097143232,0.0,6000.0,6000.0
2025-10-09,empirical quantile,2025-09-11,2025-10-08,28,56868.826404903455,0.0,6000.0,6000.0
2025-10-10,empirical quantile,2025-09-12,2025-10-09,28,56898.273380775114,0.0,6000.0,6000.0
2025-10-11,empirical quantile,2025-09-13,2025-10-10,28,56898.273380775114,0.0,6000.0,6000.0
2025-10-12,empirical quantile,2025-09-14,2025-10-11,28,56898.27338077512,0.0,6000.0,6000.0
2025-10-13,empirical quantile,2025-09-15,2025-10-12,28,56900.566262021544,0.0,6000.0,6000.0
2025-10-14,empirical quantile,2025-09-16,2025-10-13,28,56882.601213003865,0.0,6000.0,6000.0
2025-10-15,empirical quantile,2025-09-17,2025-10-14,28,56980.31871244916,0.0,6000.0,6000.0
2025-10-16,empirical quantile,2025-09-18,2025-10-15,28,57052.63933535244,0.0,6000.0,6000.0
2025-10-17,empirical quantile,2025-09-19,2025-10-16,28,57324.22741081435,0.0,6000.0,6000.0
2025-10-18,empirical quantile,2025-09-20,2025-10-17,28,57324.22741081435,0.0,6000.0,6000.0
2025-10-19,empirical quantile,2025-09-21,2025-10-18,28,57323.03616302863,0.0,6000.0,6000.0
2025-10-20,empirical quantile,2025-09-22,2025-10-19,28,57606.98132126666,0.0,6000.0,6000.0
2025-10-21,empirical quantile,2025-09-23,2025-10-20,28,57768.98861532667,0.0,6000.0,6000.0
2025-10-22,empirical quantile,2025-09-24,2025-10-21,28,57768.957526151906,0.0,6000.0,6000.0
2025-10-23,empirical quantile,2025-09-25,2025-10-22,28,57936.070357244105,0.0,6000.0,6000.0
2025-10-24,empirical quantile,2025-09-26,2025-10-23,28,57809.38292206702,0.0,6000.0,6000.0
2025-10-25,empirical quantile,2025-09-27,2025-10-24,28,57809.38292206702,0.0,6000.0,6000.0
2025-10-26,empirical quantile,2025-09-28,2025-10-25,28,57808.55495611465,0.0,6000.0,6000.0
2025-10-27,empirical quantile,2025-09-29,2025-10-26,28,57656.41946448119,0.0,6000.0,6000.0
2025-10-28,empirical quantile,2025-09-30,2025-10-27,28,57574.04738479607,0.0,6000.0,6000.0
2025-10-29,empirical quantile,2025-10-01,2025-10-28,28,57388.055755113994,0.0,6000.0,6000.0
2025-10-30,empirical quantile,2025-10-02,2025-10-29,28,57854.620659779466,0.0,6000.0,6000.0
2025-10-31,empirical quantile,2025-10-03,2025-10-30,28,58056.86578991697,0.0,6000.0,6000.0
2025-11-01,empirical quantile,2025-10-04,2025-10-31,28,58056.86578991697,0.0,6000.0,6000.0
2025-11-02,empirical quantile,2025-10-05,2025-11-01,28,58056.86578991697,0.0,6000.0,6000.0
2025-11-03,empirical quantile,2025-10-06,2025-11-02,28,58396.2045708294,0.0,6000.0,6000.0
2025-11-04,empirical quantile,2025-10-07,2025-11-03,28,58606.00686095162,0.0,6000.0,6000.0
2025-11-05,empirical quantile,2025-10-08,2025-11-04,28,58781.80539202738,0.0,6000.0,6000.0
2025-11-06,empirical quantile,2025-10-09,2025-11-05,28,59070.769977374584,0.0,6000.0,6000.0
2025-11-07,empirical quantile,2025-10-10,2025-11-06,28,59463.509269349524,0.0,6000.0,6000.0
2025-11-08,empirical quantile,2025-10-11,2025-11-07,28,59463.509269349524,0.0,6000.0,6000.0
2025-11-09,empirical quantile,2025-10-12,2025-11-08,28,59463.509269349524,0.0,6000.0,6000.0
2025-11-10,empirical quantile,2025-10-13,2025-11-09,28,59796.94943066791,0.0,6000.0,6000.0
2025-11-11,empirical quantile,2025-10-14,2025-11-10,28,60261.9474890984,0.0,6000.0,6000.0
2025-11-12,empirical quantile,2025-10-15,2025-11-11,28,60528.91439421023,0.0,6000.0,6000.0
2025-11-13,empirical quantile,2025-10-16,2025-11-12,28,60792.84846030744,0.0,6000.0,6000.0
2025-11-14,empirical quantile,2025-10-17,2025-11-13,28,61023.18167797036,0.0,6000.0,6000.0
2025-11-15,empirical quantile,2025-10-18,2025-11-14,28,61023.18167797036,0.0,6000.0,6000.0
2025-11-16,empirical quantile,2025-10-19,2025-11-15,28,61023.18167797036,0.0,6000.0,6000.0
2025-11-17,empirical quantile,2025-10-20,2025-11-16,28,61469.43057163785,0.0,6000.0,6000.0
2025-11-18,empirical quantile,2025-10-21,2025-11-17,28,61715.87640992416,0.0,6000.0,6000.0
2025-11-19,empirical quantile,2025-10-22,2025-11-18,28,62008.98330271643,0.0,6000.0,6000.0
2025-11-20,empirical quantile,2025-10-23,2025-11-19,28,62346.520486985064,0.0,6000.0,6000.0
2025-11-21,empirical quantile,2025-10-24,2025-11-20,28,62602.98692257709,0.0,6000.0,6000.0
2025-11-22,empirical quantile,2025-10-25,2025-11-21,28,62602.98692257709,0.0,6000.0,6000.0
2025-11-23,empirical quantile,2025-10-26,2025-11-22,28,62602.98692257709,0.0,6000.0,6000.0
2025-11-24,empirical quantile,2025-10-27,2025-11-23,28,62989.42634009565,0.0,6000.0,6000.0
2025-11-25,empirical quantile,2025-10-28,2025-11-24,28,63153.66746317298,0.0,6000.0,6000.0
2025-11-26,empirical quantile,2025-10-29,2025-11-25,28,63431.23542074721,0.0,6000.0,6000.0
2025-11-27,empirical quantile,2025-10-30,2025-11-26,28,63724.77234105881,0.0,6000.0,6000.0
2025-11-28,empirical quantile,2025-10-31,2025-11-27,28,63944.36741833345,0.0,6000.0,6000.0
2025-11-29,empirical quantile,2025-11-01,2025-11-28,28,63944.36741833345,0.0,6000.0,6000.0
2025-11-30,empirical quantile,2025-11-02,2025-11-29,28,63944.36741833345,0.0,6000.0,6000.0
2025-12-01,empirical quantile,2025-11-03,2025-11-30,28,64502.32061204143,0.0,6000.0,6000.0
2025-12-02,empirical quantile,2025-11-04,2025-12-01,28,65744.63901130554,0.0,6000.0,6000.0
2025-12-03,empirical quantile,2025-11-05,2025-12-02,28,67173.56783954988,0.0,6000.0,6000.0
2025-12-04,empirical quantile,2025-11-06,2025-12-03,28,68308.40198744096,0.0,6000.0,6000.0
2025-12-05,empirical quantile,2025-11-07,2025-12-04,28,69346.59648330655,0.0,6000.0,6000.0
2025-12-06,empirical quantile,2025-11-08,2025-12-05,28,69346.59648330655,0.0,6000.0,6000.0
2025-12-07,empirical quantile,2025-11-09,2025-12-06,28,69346.59648330655,0.0,6000.0,6000.0
2025-12-08,empirical quantile,2025-11-10,2025-12-07,28,70293.30005559458,0.0,6000.0,6000.0
2025-12-09,empirical quantile,2025-11-11,2025-12-08,28,71004.03717097215,0.0,6000.0,6000.0
2025-12-10,empirical quantile,2025-11-12,2025-12-09,28,71485.02969134107,0.0,6000.0,6000.0
2025-12-11,empirical quantile,2025-11-13,2025-12-10,28,71939.28047853142,0.0,6000.0,6000.0
2025-12-12,empirical quantile,2025-11-14,2025-12-11,28,72108.8981884062,0.0,6000.0,6000.0
2025-12-13,empirical quantile,2025-11-15,2025-12-12,28,72108.8981884062,0.0,6000.0,6000.0
2025-12-14,empirical quantile,2025-11-16,2025-12-13,28,72108.8981884062,0.0,6000.0,6000.0
2025-12-15,empirical quantile,2025-11-17,2025-12-14,28,72459.84044772416,0.0,6000.0,6000.0
2025-12-16,empirical quantile,2025-11-18,2025-12-15,28,72813.30160882846,0.0,6000.0,6000.0
2025-12-17,empirical quantile,2025-11-19,2025-12-16,28,73115.57613363952,0.0,6000.0,6000.0
2025-12-18,empirical quantile,2025-11-20,2025-12-17,28,73228.62407342115,0.0,6000.0,6000.0
2025-12-19,empirical quantile,2025-11-21,2025-12-18,28,73379.76471491774,0.0,6000.0,6000.0
2025-12-20,empirical quantile,2025-11-22,2025-12-19,28,73379.76471491775,0.0,6000.0,6000.0
2025-12-21,empirical quantile,2025-11-23,2025-12-20,28,73379.76471491774,0.0,6000.0,6000.0
2025-12-22,empirical quantile,2025-11-24,2025-12-21,28,73551.07392461089,0.0,6000.0,6000.0
2025-12-23,empirical quantile,2025-11-25,2025-12-22,28,73674.0881037513,0.0,6000.0,6000.0
2025-12-24,empirical quantile,2025-11-26,2025-12-23,28,73721.58321969934,0.0,6000.0,6000.0
2025-12-25,empirical quantile,2025-11-27,2025-12-24,28,73835.85688615947,0.0,6000.0,6000.0
2025-12-26,empirical quantile,2025-11-28,2025-12-25,28,73917.90593007523,0.0,6000.0,6000.0
2025-12-27,empirical quantile,2025-11-29,2025-12-26,28,73917.90593007523,0.0,6000.0,6000.0
2025-12-28,empirical quantile,2025-11-30,2025-12-27,28,73917.90593007523,0.0,6000.0,6000.0
2025-12-29,empirical quantile,2025-12-01,2025-12-28,28,73967.9248193734,0.0,6000.0,6000.0
2025-12-30,empirical quantile,2025-12-02,2025-12-29,28,74001.21300032148,0.0,6000.0,6000.0
2025-12-31,empirical quantile,2025-12-03,2025-12-30,28,73905.53309519394,0.0,6000.0,6000.0
