parameter,fixed_value,rmse,increase_pct,W,KL,KP,hL,hP,calL,calP,alphaL,alphaP
W,30,399.78033447265625,1.822893793763436,30,2,2,H0_lag1,H2_lag1_lag7_mean7,fri_sat,annual2,0.1,30.0
W,60,392.6232299804688,0.0,60,3,2,H0_lag1,H2_lag1_lag7_mean7,weekday7,annual1,0.3,10.0
W,90,394.62701416015625,0.5103580294490317,90,3,2,H2_lag1_lag7_mean7,H2_lag1_lag7_mean7,fri_sat,annual2,3.0,10.0
W,120,392.9381713867188,0.0802146643910095,120,5,4,H0_lag1,H0_lag1,weekday7,annual2,0.1,1.0
KL,1,416.1443176269531,5.99075292810729,30,1,2,H0_lag1,H2_lag1_lag7_mean7,weekday7,annual2,0.1,30.0
KL,2,393.02142333984375,0.1014186958308016,60,2,2,H1_lag1_lag7,H2_lag1_lag7_mean7,fri_sat,annual1,0.1,10.0
KL,3,392.6232299804688,0.0,60,3,2,H0_lag1,H2_lag1_lag7_mean7,weekday7,annual1,0.3,10.0
KL,4,392.7214660644531,0.0250204461894165,60,4,2,H0_lag1,H2_lag1_lag7_mean7,weekday7,annual1,0.1,10.0
KL,5,392.9381713867188,0.0802146643910095,120,5,4,H0_lag1,H0_lag1,weekday7,annual2,0.1,1.0
KP,1,401.156494140625,2.173397677101474,60,3,1,H0_lag1,H2_lag1_lag7_mean7,weekday7,annual1,1.0,3.0
KP,2,392.6232299804688,0.0,60,3,2,H0_lag1,H2_lag1_lag7_mean7,weekday7,annual1,0.3,10.0
KP,3,395.9150085449219,0.8384064704008765,120,5,3,H0_lag1,H0_lag1,weekday7,annual2,0.1,1.0
KP,4,392.9381713867188,0.0802146643910095,120,5,4,H0_lag1,H0_lag1,weekday7,annual2,0.1,1.0
hL,H0_lag1,392.6232299804688,0.0,60,3,2,H0_lag1,H2_lag1_lag7_mean7,weekday7,annual1,0.3,10.0
hL,H1_lag1_lag7,393.02142333984375,0.1014186958308016,60,2,2,H1_lag1_lag7,H2_lag1_lag7_mean7,fri_sat,annual1,0.1,10.0
hL,H2_lag1_lag7_mean7,394.62701416015625,0.5103580294490317,90,3,2,H2_lag1_lag7_mean7,H2_lag1_lag7_mean7,fri_sat,annual2,3.0,10.0
hL,H3_lag1_lag7_mean7_trend7,394.9552612304688,0.5939616079557952,90,3,2,H3_lag1_lag7_mean7_trend7,H2_lag1_lag7_mean7,weekday7,annual2,0.1,10.0
hP,H0_lag1,392.9381713867188,0.0802146643910095,120,5,4,H0_lag1,H0_lag1,weekday7,annual2,0.1,1.0
hP,H1_lag1_lag7,397.4976196289063,1.2414929317045242,120,5,2,H0_lag1,H1_lag1_lag7,weekday7,annual2,0.1,1.0
hP,H2_lag1_lag7_mean7,392.6232299804688,0.0,60,3,2,H0_lag1,H2_lag1_lag7_mean7,weekday7,annual1,0.3,10.0
hP,H3_lag1_lag7_mean7_trend7,393.731689453125,0.2823214186056688,60,3,2,H0_lag1,H3_lag1_lag7_mean7_trend7,weekday7,annual1,0.3,3.0
calL,fri_sat,393.02142333984375,0.1014186958308016,60,2,2,H1_lag1_lag7,H2_lag1_lag7_mean7,fri_sat,annual1,0.1,10.0
calL,weekday7,392.6232299804688,0.0,60,3,2,H0_lag1,H2_lag1_lag7_mean7,weekday7,annual1,0.3,10.0
calL,fri_sat+annual1,394.0928039550781,0.3742962367974112,60,3,2,H0_lag1,H2_lag1_lag7_mean7,fri_sat+annual1,annual1,1.0,10.0
calL,fri_sat+annual2,393.9749450683594,0.3442779195611756,60,3,2,H0_lag1,H2_lag1_lag7_mean7,fri_sat+annual2,annual1,1.0,10.0
calP,annual1,392.6232299804688,0.0,60,3,2,H0_lag1,H2_lag1_lag7_mean7,weekday7,annual1,0.3,10.0
calP,annual2,392.9381713867188,0.0802146643910095,120,5,4,H0_lag1,H0_lag1,weekday7,annual2,0.1,1.0
calP,weekday7+annual1,398.2601623535156,1.4357103560396212,120,5,4,H0_lag1,H2_lag1_lag7_mean7,weekday7,weekday7+annual1,0.1,30.0
calP,weekday7+annual2,397.4445495605469,1.227976138935527,120,5,4,H0_lag1,H2_lag1_lag7_mean7,weekday7,weekday7+annual2,0.1,30.0
alphaL,0.1,392.7214660644531,0.0250204461894165,60,4,2,H0_lag1,H2_lag1_lag7_mean7,weekday7,annual1,0.1,10.0
alphaL,0.3,392.6232299804688,0.0,60,3,2,H0_lag1,H2_lag1_lag7_mean7,weekday7,annual1,0.3,10.0
alphaL,1.0,393.3499755859375,0.1851000017255577,60,3,2,H0_lag1,H2_lag1_lag7_mean7,fri_sat,annual1,1.0,10.0
alphaL,3.0,394.2745666503906,0.4205906690758043,60,3,2,H1_lag1_lag7,H2_lag1_lag7_mean7,fri_sat+annual2,annual1,3.0,3.0
alphaL,10.0,396.6416931152344,1.023490926648818,120,4,4,H1_lag1_lag7,H0_lag1,fri_sat,annual2,10.0,3.0
alphaL,30.0,403.6769409179688,2.815348174393528,120,4,4,H2_lag1_lag7_mean7,H0_lag1,fri_sat,annual2,30.0,3.0
alphaL,100.0,435.4960021972656,10.919570963472957,120,4,4,H3_lag1_lag7_mean7_trend7,H2_lag1_lag7_mean7,fri_sat+annual1,annual1,100.0,30.0
alphaP,0.1,398.4054260253906,1.47270859271611,120,5,2,H0_lag1,H0_lag1,weekday7,annual2,0.1,0.1
alphaP,0.3,395.3215026855469,0.6872422462655514,120,5,4,H0_lag1,H0_lag1,weekday7,annual2,0.1,0.3
alphaP,1.0,392.9381713867188,0.0802146643910095,120,5,4,H0_lag1,H0_lag1,weekday7,annual2,0.1,1.0
alphaP,3.0,392.7362060546875,0.0287746790286425,60,3,2,H0_lag1,H2_lag1_lag7_mean7,weekday7,annual1,0.3,3.0
alphaP,10.0,392.6232299804688,0.0,60,3,2,H0_lag1,H2_lag1_lag7_mean7,weekday7,annual1,0.3,10.0
alphaP,30.0,395.1183471679688,0.6354991240900665,120,5,4,H0_lag1,H2_lag1_lag7_mean7,weekday7,annual2,0.1,30.0
alphaP,100.0,398.8843383789063,1.594686182666516,120,5,4,H0_lag1,H2_lag1_lag7_mean7,weekday7,annual2,0.1,100.0
