parameter,best_value,candidate_count,max_rmse_increase_pct,median_rmse_increase_pct,max_other_parameter_changes,median_other_parameter_changes
W,60,4,1.822893793763436,0.2952863469200206,6,4.5
KL,3,5,5.99075292810729,0.0802146643910095,6,3.0
KP,2,4,2.173397677101474,0.459310567395943,6,4.0
hL,H0_lag1,4,0.5939616079557952,0.3058883626399167,4,3.0
hP,H2_lag1_lag7_mean7,4,1.2414929317045242,0.1812680414983392,6,3.0
calL,weekday7,4,0.3742962367974112,0.2228483076959886,3,1.0
calP,annual1,4,1.4357103560396212,0.6540954016632683,6,5.0
alphaL,0.3,7,10.919570963472957,0.4205906690758043,8,3.0
alphaP,10.0,7,1.594686182666516,0.6354991240900665,6,5.0
