W,KL,KP,hL,hP,calL,calP,alphaL,alphaP,val_net_rmse,load_id,pv_id
60,3,2,H0_lag1,H2_lag1_lag7_mean7,weekday7,annual1,0.3,10.0,392.6232299804688,232,172
60,4,2,H0_lag1,H2_lag1_lag7_mean7,weekday7,annual1,0.1,10.0,392.7214660644531,343,172
60,3,2,H0_lag1,H2_lag1_lag7_mean7,weekday7,annual1,0.3,3.0,392.7362060546875,232,171
60,3,2,H0_lag1,H2_lag1_lag7_mean7,weekday7,annual1,0.1,10.0,392.74993896484375,231,172
60,3,2,H0_lag1,H2_lag1_lag7_mean7,weekday7,annual1,0.1,3.0,392.8122863769531,231,171
60,4,2,H0_lag1,H2_lag1_lag7_mean7,weekday7,annual1,0.3,10.0,392.89501953125,344,172
120,5,4,H0_lag1,H0_lag1,weekday7,annual2,0.1,1.0,392.9381713867188,455,345
60,2,2,H1_lag1_lag7,H2_lag1_lag7_mean7,fri_sat,annual1,0.1,10.0,393.02142333984375,140,172
60,2,2,H1_lag1_lag7,H2_lag1_lag7_mean7,fri_sat,annual1,0.3,10.0,393.1507873535156,141,172
60,4,2,H0_lag1,H2_lag1_lag7_mean7,weekday7,annual1,0.1,3.0,393.2041320800781,343,171
60,2,2,H1_lag1_lag7,H2_lag1_lag7_mean7,weekday7,annual1,0.1,10.0,393.23095703125,147,172
60,2,2,H1_lag1_lag7,H2_lag1_lag7_mean7,weekday7,annual1,0.3,10.0,393.3196411132813,148,172
60,3,2,H0_lag1,H2_lag1_lag7_mean7,fri_sat,annual1,1.0,10.0,393.3499755859375,226,172
120,5,4,H0_lag1,H0_lag1,weekday7,annual2,0.3,1.0,393.4076843261719,456,345
60,4,2,H0_lag1,H2_lag1_lag7_mean7,weekday7,annual1,0.3,3.0,393.46331787109375,344,171
60,3,2,H0_lag1,H2_lag1_lag7_mean7,weekday7,annual1,1.0,10.0,393.51763916015625,233,172
120,5,4,H0_lag1,H0_lag1,weekday7,annual2,0.1,3.0,393.5401306152344,455,346
60,2,2,H0_lag1,H2_lag1_lag7_mean7,weekday7,annual1,0.1,10.0,393.5465393066406,119,172
60,5,2,H0_lag1,H2_lag1_lag7_mean7,weekday7,annual1,0.1,10.0,393.6584777832031,455,172
60,3,2,H0_lag1,H2_lag1_lag7_mean7,fri_sat,annual1,0.3,10.0,393.66839599609375,225,172
60,3,2,H0_lag1,H3_lag1_lag7_mean7_trend7,weekday7,annual1,0.3,3.0,393.731689453125,232,199
60,3,2,H0_lag1,H2_lag1_lag7_mean7,weekday7,annual1,1.0,3.0,393.7478942871094,233,171
120,4,4,H0_lag1,H0_lag1,weekday7,annual2,0.1,1.0,393.75732421875,343,345
60,3,2,H0_lag1,H2_lag1_lag7_mean7,fri_sat,annual1,1.0,3.0,393.791748046875,226,171
60,3,2,H0_lag1,H3_lag1_lag7_mean7_trend7,weekday7,annual1,0.1,3.0,393.7961730957031,231,199
60,5,2,H0_lag1,H2_lag1_lag7_mean7,weekday7,annual1,0.3,10.0,393.87109375,456,172
60,3,2,H0_lag1,H2_lag1_lag7_mean7,fri_sat,annual1,0.1,10.0,393.912109375,224,172
60,4,2,H0_lag1,H2_lag1_lag7_mean7,fri_sat,annual1,0.3,10.0,393.9402770996094,337,172
60,2,2,H1_lag1_lag7,H2_lag1_lag7_mean7,fri_sat,annual1,1.0,10.0,393.9532165527344,142,172
60,3,2,H0_lag1,H2_lag1_lag7_mean7,fri_sat+annual2,annual1,1.0,10.0,393.9749450683594,247,172
60,2,2,H0_lag1,H2_lag1_lag7_mean7,fri_sat,annual1,0.1,10.0,393.9751892089844,112,172
60,3,2,H0_lag1,H2_lag1_lag7_mean7,fri_sat,annual1,0.3,3.0,393.98443603515625,225,171
120,5,4,H0_lag1,H0_lag1,weekday7,annual2,0.3,3.0,393.9899291992188,456,346
60,4,2,H0_lag1,H2_lag1_lag7_mean7,fri_sat,annual1,0.1,10.0,394.0000305175781,336,172
120,5,4,H1_lag1_lag7,H0_lag1,fri_sat,annual2,0.1,1.0,394.0140686035156,476,345
60,3,2,H0_lag1,H2_lag1_lag7_mean7,fri_sat+annual2,annual1,1.0,3.0,394.04498291015625,247,171
120,4,4,H0_lag1,H0_lag1,weekday7,annual2,0.3,1.0,394.0518798828125,344,345
60,3,2,H0_lag1,H3_lag1_lag7_mean7_trend7,weekday7,annual1,0.3,10.0,394.085693359375,232,200
60,2,2,H0_lag1,H2_lag1_lag7_mean7,weekday7,annual1,0.3,10.0,394.0858459472656,120,172
60,3,2,H0_lag1,H2_lag1_lag7_mean7,fri_sat+annual1,annual1,1.0,10.0,394.0928039550781,240,172
60,4,2,H1_lag1_lag7,H2_lag1_lag7_mean7,fri_sat,annual1,1.0,10.0,394.1015930175781,366,172
60,5,2,H0_lag1,H2_lag1_lag7_mean7,weekday7,annual1,0.1,3.0,394.11859130859375,455,171
60,4,2,H0_lag1,H3_lag1_lag7_mean7_trend7,weekday7,annual1,0.1,3.0,394.1701354980469,343,199
60,4,2,H0_lag1,H3_lag1_lag7_mean7_trend7,weekday7,annual1,0.1,10.0,394.1778869628906,343,200
60,3,2,H0_lag1,H2_lag1_lag7_mean7,fri_sat,annual1,0.1,3.0,394.1867065429688,224,171
60,4,2,H0_lag1,H2_lag1_lag7_mean7,fri_sat,annual1,1.0,10.0,394.1900329589844,338,172
60,3,2,H0_lag1,H3_lag1_lag7_mean7_trend7,weekday7,annual1,0.1,10.0,394.20123291015625,231,200
60,3,2,H0_lag1,H2_lag1_lag7_mean7,fri_sat+annual1,annual1,1.0,3.0,394.2275695800781,240,171
60,5,2,H0_lag1,H2_lag1_lag7_mean7,fri_sat,annual1,0.3,10.0,394.2422790527344,449,172
60,3,2,H0_lag1,H2_lag1_lag7_mean7,fri_sat+annual2,annual1,0.3,3.0,394.2471618652344,246,171
60,3,2,H0_lag1,H2_lag1_lag7_mean7,fri_sat+annual2,annual1,0.3,10.0,394.250732421875,246,172
60,5,2,H0_lag1,H2_lag1_lag7_mean7,fri_sat,annual1,0.1,10.0,394.260009765625,448,172
120,5,4,H1_lag1_lag7,H0_lag1,fri_sat,annual2,0.3,1.0,394.2622680664063,477,345
60,4,2,H1_lag1_lag7,H2_lag1_lag7_mean7,fri_sat,annual1,0.1,10.0,394.2740173339844,364,172
60,3,2,H1_lag1_lag7,H2_lag1_lag7_mean7,fri_sat+annual2,annual1,3.0,3.0,394.2745666503906,276,171
60,4,2,H1_lag1_lag7,H2_lag1_lag7_mean7,fri_sat,annual1,0.3,10.0,394.2761840820313,365,172
120,4,4,H1_lag1_lag7,H0_lag1,weekday7,annual2,0.1,1.0,394.28509521484375,371,345
60,4,2,H0_lag1,H2_lag1_lag7_mean7,fri_sat+annual2,annual1,0.3,10.0,394.3029479980469,358,172
60,2,2,H1_lag1_lag7,H2_lag1_lag7_mean7,weekday7,annual1,0.1,3.0,394.3107299804688,147,171
120,4,4,H0_lag1,H0_lag1,weekday7,annual2,0.1,3.0,394.3138732910156,343,346
60,2,2,H0_lag1,H2_lag1_lag7_mean7,fri_sat,annual1,0.3,10.0,394.3246765136719,113,172
60,3,2,H0_lag1,H2_lag1_lag7_mean7,fri_sat+annual2,annual1,0.1,3.0,394.3326721191406,245,171
60,2,2,H1_lag1_lag7,H2_lag1_lag7_mean7,weekday7,annual1,1.0,10.0,394.3338623046875,149,172
60,3,2,H1_lag1_lag7,H2_lag1_lag7_mean7,fri_sat+annual2,annual1,3.0,10.0,394.3649597167969,276,172
60,4,2,H0_lag1,H3_lag1_lag7_mean7_trend7,weekday7,annual1,0.3,10.0,394.365234375,344,200
60,4,2,H0_lag1,H2_lag1_lag7_mean7,fri_sat+annual2,annual1,0.1,10.0,394.3678283691406,357,172
60,4,2,H0_lag1,H2_lag1_lag7_mean7,fri_sat+annual2,annual1,1.0,10.0,394.3747863769531,359,172
60,3,2,H1_lag1_lag7,H2_lag1_lag7_mean7,fri_sat+annual2,annual1,1.0,3.0,394.3767700195313,275,171
120,3,4,H0_lag1,H0_lag1,weekday7,annual2,0.1,1.0,394.3878173828125,231,345
60,4,2,H1_lag1_lag7,H2_lag1_lag7_mean7,fri_sat+annual2,annual1,1.0,10.0,394.3943481445313,387,172
60,3,2,H0_lag1,H2_lag1_lag7_mean7,weekday7,annual2,0.3,10.0,394.3960571289063,232,179
60,3,2,H0_lag1,H2_lag1_lag7_mean7,fri_sat+annual2,annual1,0.1,10.0,394.41400146484375,245,172
120,4,4,H1_lag1_lag7,H0_lag1,fri_sat,annual2,0.1,1.0,394.4219665527344,364,345
60,5,2,H0_lag1,H2_lag1_lag7_mean7,weekday7,annual1,0.3,3.0,394.4273071289063,456,171
60,4,2,H0_lag1,H3_lag1_lag7_mean7_trend7,weekday7,annual1,0.3,3.0,394.433837890625,344,199
120,4,4,H1_lag1_lag7,H0_lag1,fri_sat,annual2,1.0,1.0,394.435791015625,366,345
60,3,2,H0_lag1,H2_lag1_lag7_mean7,fri_sat+annual1,annual1,0.3,10.0,394.44183349609375,239,172
120,4,4,H0_lag1,H0_lag1,weekday7,annual2,1.0,1.0,394.4432067871094,345,345
60,3,2,H0_lag1,H2_lag1_lag7_mean7,fri_sat+annual1,annual1,0.3,3.0,394.4491882324219,239,171
120,4,4,H1_lag1_lag7,H0_lag1,fri_sat,annual2,0.3,1.0,394.45123291015625,365,345
120,5,4,H1_lag1_lag7,H0_lag1,fri_sat,annual2,1.0,1.0,394.4626159667969,478,345
120,5,4,H1_lag1_lag7,H0_lag1,fri_sat,annual2,0.1,3.0,394.4836120605469,476,346
60,2,2,H1_lag1_lag7,H3_lag1_lag7_mean7_trend7,fri_sat,annual1,0.1,10.0,394.4868774414063,140,200
120,5,4,H0_lag1,H0_lag1,weekday7,annual2,1.0,1.0,394.4870910644531,457,345
60,4,2,H0_lag1,H2_lag1_lag7_mean7,fri_sat+annual1,annual1,0.3,10.0,394.5003051757813,351,172
60,3,2,H0_lag1,H2_lag1_lag7_mean7,fri_sat,annual1,3.0,10.0,394.5048522949219,227,172
60,3,2,H0_lag1,H2_lag1_lag7_mean7,weekday7,annual2,0.1,10.0,394.5144653320313,231,179
120,5,4,H1_lag1_lag7,H0_lag1,weekday7,annual2,0.1,1.0,394.542724609375,483,345
120,4,4,H0_lag1,H0_lag1,weekday7,annual2,0.3,3.0,394.5626525878906,344,346
60,3,2,H1_lag1_lag7,H2_lag1_lag7_mean7,fri_sat,annual1,3.0,10.0,394.5626831054688,255,172
60,4,2,H1_lag1_lag7,H2_lag1_lag7_mean7,fri_sat+annual2,annual1,1.0,3.0,394.5754089355469,387,171
60,4,2,H1_lag1_lag7,H2_lag1_lag7_mean7,fri_sat,annual1,1.0,3.0,394.585693359375,366,171
60,4,2,H0_lag1,H2_lag1_lag7_mean7,fri_sat+annual1,annual1,1.0,10.0,394.5876159667969,352,172
60,5,2,H0_lag1,H2_lag1_lag7_mean7,fri_sat,annual1,1.0,10.0,394.6019592285156,450,172
60,4,2,H1_lag1_lag7,H2_lag1_lag7_mean7,fri_sat+annual1,annual1,1.0,10.0,394.6159362792969,380,172
60,2,2,H1_lag1_lag7,H3_lag1_lag7_mean7_trend7,fri_sat,annual1,0.3,10.0,394.6172790527344,141,200
90,3,2,H2_lag1_lag7_mean7,H2_lag1_lag7_mean7,fri_sat,annual2,3.0,10.0,394.62701416015625,283,179
60,4,2,H0_lag1,H2_lag1_lag7_mean7,fri_sat+annual2,annual1,0.1,3.0,394.63525390625,357,171
60,4,2,H1_lag1_lag7,H2_lag1_lag7_mean7,fri_sat,annual1,0.3,3.0,394.6446533203125,365,171
60,4,2,H1_lag1_lag7,H2_lag1_lag7_mean7,fri_sat,annual1,3.0,10.0,394.6448059082031,367,172
