table,column,dtype,unit,description
actuals_10min,source_date,datetime64[ns],,原工作表行日期；次日00:00采样仍归该来源日
actuals_10min,slot,int64,,原数据日内顺序1..144，不是模板已确认的时间映射
actuals_10min,sample_offset_minutes,int64,,采样相对来源日00:00的分钟数，10..1440
actuals_10min,load_kw,float64,kW,负载功率：q1表来自附件1；实际及标签表来自附件2
actuals_10min,pv_kw,float64,kW,附件2中的实际光伏功率，保留全部零值与峰值
actuals_10min,price_actual_yuan_per_kwh,float64,yuan/kWh,附件4实际电价；未来是否提前可知未明确
actuals_10min,source_excel_row,int64,,来源Excel行号（1开始）
actuals_10min,source_excel_column,int64,,来源Excel列号（1开始）；实际负载/光伏/电价三表坐标一致
actuals_10min,sample_time,datetime64[ns],,原始采样时间，0:00+1转为次日00:00
actuals_10min,interval_end,datetime64[ns],,暂定区间终点，等于采样时刻/预测目标时刻
actuals_10min,interval_start,datetime64[ns],,暂按采样值代表前10分钟平均功率构造的区间起点
actuals_10min,observed_available_at_assumed,datetime64[ns],,暂假设测量无延迟，在采样时刻已可用于决策
actuals_10min,net_load_kw,float64,kW,负载功率减光伏功率，负值表示光伏剩余
actuals_10min,load_kwh_approx,float64,kWh (approx),对应功率乘1/6小时；依赖区间平均功率近似，不是题面额外给定的电量
actuals_10min,pv_kwh_approx,float64,kWh (approx),对应功率乘1/6小时；依赖区间平均功率近似，不是题面额外给定的电量
actuals_10min,net_load_kwh_approx,float64,kWh (approx),对应功率乘1/6小时；依赖区间平均功率近似，不是题面额外给定的电量
actuals_10min,pv_exceeds_load,bool,,光伏功率严格大于负载功率
actuals_10min,period_role,object,,1月initial_history，2—12月evaluation；不是可随机切分的训练测试标签
q1_typical_day,slot,int64,,原数据日内顺序1..144，不是模板已确认的时间映射
q1_typical_day,source_time_label,object,,读取后保留的原始时钟标签，混合Excel时间类型和字符串
q1_typical_day,sample_offset_minutes,int64,,采样相对来源日00:00的分钟数，10..1440
q1_typical_day,interval_start_minute,int64,,暂定区间起点相对典型日00:00的分钟数
q1_typical_day,interval_end_minute,int64,,暂定区间终点相对典型日00:00的分钟数
q1_typical_day,price_yuan_per_kwh,float64,yuan/kWh,附件1典型日给定电价
q1_typical_day,load_kw,float64,kW,负载功率：q1表来自附件1；实际及标签表来自附件2
q1_typical_day,pv_forecast_kw,float64,kW,原始光伏预报功率：q1来自附件1；带发布时间的表来自附件3
q1_typical_day,source_excel_row,int64,,来源Excel行号（1开始）
q1_typical_day,load_kwh_approx,float64,kWh (approx),对应功率乘1/6小时；依赖区间平均功率近似，不是题面额外给定的电量
q1_typical_day,pv_forecast_kwh_approx,float64,kWh (approx),对应功率乘1/6小时；依赖区间平均功率近似，不是题面额外给定的电量
q1_typical_day,net_load_kw,float64,kW,负载功率减光伏功率，负值表示光伏剩余
pv_forecast_hourly,issue_time,datetime64[ns],,该版本预报的发布时间
pv_forecast_hourly,target_time,datetime64[ns],,该预报对应的未来整点
pv_forecast_hourly,lead_hours,int64,,目标整点距离预报发布时间的小时数，1..24
pv_forecast_hourly,pv_forecast_kw,float64,kW,原始光伏预报功率：q1来自附件1；带发布时间的表来自附件3
pv_forecast_hourly,source_excel_row,int64,,来源Excel行号（1开始）
pv_forecast_hourly,source_excel_column,int64,,来源Excel列号（1开始）；实际负载/光伏/电价三表坐标一致
pv_forecast_hourly,target_in_actual_coverage,bool,,目标是否位于实际观测覆盖范围；false不是预报无效
pv_forecast_10min,issue_time,datetime64[ns],,该版本预报的发布时间
pv_forecast_10min,interval_start,datetime64[ns],,暂按采样值代表前10分钟平均功率构造的区间起点
pv_forecast_10min,interval_end,datetime64[ns],,暂定区间终点，等于采样时刻/预测目标时刻
pv_forecast_10min,lead_minutes,int64,,目标区间终点距离预报发布时间的分钟数，10..1440
pv_forecast_10min,pv_forecast_kw_interpolated,float64,kW,同一发布版本内分段线性插值的光伏功率
pv_forecast_10min,pv_forecast_kwh_approx,float64,kWh (approx),对应功率乘1/6小时；依赖区间平均功率近似，不是题面额外给定的电量
pv_forecast_10min,initial_anchor_kind,object,,插值时刻0锚点为当前已观测光伏或首小时预报回退值
pv_forecast_10min,initial_anchor_kw,float64,kW,该发布版本插值在0小时时刻的锚点功率
pv_forecast_10min,anchor_available_at,datetime64[ns],,插值起始锚点的可用时刻
pv_forecast_10min,target_in_actual_coverage,bool,,目标是否位于实际观测覆盖范围；false不是预报无效
day_ahead_features,origin_time,datetime64[ns],,日前计划作出时刻，当天00:00
day_ahead_features,slot,int64,,原数据日内顺序1..144，不是模板已确认的时间映射
day_ahead_features,interval_start,datetime64[ns],,暂按采样值代表前10分钟平均功率构造的区间起点
day_ahead_features,interval_end,datetime64[ns],,暂定区间终点，等于采样时刻/预测目标时刻
day_ahead_features,day_of_week,int32,,星期编号，周一0至周日6；不等同于法定工作日
day_ahead_features,month,int32,,日历月份1..12
day_ahead_features,day_of_year,int32,,日历年内序号1..365
day_ahead_features,is_weekend,bool,,是否为周六或周日；未导入法定节假日或调休信息
day_ahead_features,time_sin,float64,,sin(2*pi*(slot-1)/144)，区间起点的日内周期编码
day_ahead_features,time_cos,float64,,cos(2*pi*(slot-1)/144)，区间起点的日内周期编码
day_ahead_features,price_q2_q3_known_yuan_per_kwh,float64,yuan/kWh,仅供问题2/3的已知固定日电价，来自附件1；不可当作问题4已知实际电价
day_ahead_features,load_lag1d,float64,kW,与预测目标同一日内时点、前1或7天的实际值；仅历史
day_ahead_features,load_lag7d,float64,kW,与预测目标同一日内时点、前1或7天的实际值；仅历史
day_ahead_features,load_past7d_mean,float64,kW,截至前一天的7或28天同一时点均值；不包含当天
day_ahead_features,load_past28d_mean,float64,kW,截至前一天的7或28天同一时点均值；不包含当天
day_ahead_features,pv_lag1d,float64,kW,与预测目标同一日内时点、前1或7天的实际值；仅历史
day_ahead_features,pv_lag7d,float64,kW,与预测目标同一日内时点、前1或7天的实际值；仅历史
day_ahead_features,pv_past7d_mean,float64,kW,截至前一天的7或28天同一时点均值；不包含当天
day_ahead_features,pv_past28d_mean,float64,kW,截至前一天的7或28天同一时点均值；不包含当天
day_ahead_features,price_lag1d,float64,yuan/kWh,与预测目标同一日内时点、前1或7天的实际值；仅历史
day_ahead_features,price_lag7d,float64,yuan/kWh,与预测目标同一日内时点、前1或7天的实际值；仅历史
day_ahead_features,price_past7d_mean,float64,yuan/kWh,截至前一天的7或28天同一时点均值；不包含当天
day_ahead_features,price_past28d_mean,float64,yuan/kWh,截至前一天的7或28天同一时点均值；不包含当天
day_ahead_features,latest_history_sample_time,datetime64[ns],,该行历史特征用到的最新实际采样时刻
day_ahead_features,earliest_history_sample_time,datetime64[ns],,28天同期均值所用最早实际采样时刻
evaluation_labels_DO_NOT_USE_AS_FEATURES,source_date,datetime64[ns],,原工作表行日期；次日00:00采样仍归该来源日
evaluation_labels_DO_NOT_USE_AS_FEATURES,slot,int64,,原数据日内顺序1..144，不是模板已确认的时间映射
evaluation_labels_DO_NOT_USE_AS_FEATURES,interval_end,datetime64[ns],,暂定区间终点，等于采样时刻/预测目标时刻
evaluation_labels_DO_NOT_USE_AS_FEATURES,load_kw,float64,kW,负载功率：q1表来自附件1；实际及标签表来自附件2
evaluation_labels_DO_NOT_USE_AS_FEATURES,pv_kw,float64,kW,附件2中的实际光伏功率，保留全部零值与峰值
evaluation_labels_DO_NOT_USE_AS_FEATURES,net_load_kw,float64,kW,负载功率减光伏功率，负值表示光伏剩余
evaluation_labels_DO_NOT_USE_AS_FEATURES,price_actual_yuan_per_kwh,float64,yuan/kWh,附件4实际电价；未来是否提前可知未明确
evaluation_calendar,date,datetime64[ns],,来源日期，用于逐日回测
evaluation_calendar,role,object,,initial_history为1月；evaluation为2—12月
evaluation_calendar,paper_report_date,bool,,是否为题面指定的3月20日、6月21日、9月23日、12月21日
